experiment_id,run,sample_index,timestamp_ms,sensor,channel,phase,raw_value,raw_valid,injection,fault_active,expected_fault,injected_value,injected_valid,detected_flags,active_flags,health_score,state
sht30_temperature_v02,0,0,1137,SHT30,temperature_C,BASELINE,27.35523,True,PASS,False,NONE,27.35523,True,0,,100,HEALTHY
sht30_temperature_v02,0,1,2137,SHT30,temperature_C,BASELINE,27.35523,True,PASS,False,NONE,27.35523,True,0,,100,HEALTHY
sht30_temperature_v02,0,2,3137,SHT30,temperature_C,BASELINE,27.35523,True,PASS,False,NONE,27.35523,True,0,,100,HEALTHY
sht30_temperature_v02,0,3,4137,SHT30,temperature_C,BASELINE,27.35523,True,PASS,False,NONE,27.35523,True,0,,100,HEALTHY
sht30_temperature_v02,0,4,5137,SHT30,temperature_C,BASELINE,27.33921,True,PASS,False,NONE,27.33921,True,0,,100,HEALTHY
sht30_temperature_v02,0,5,6137,SHT30,temperature_C,BASELINE,27.35523,True,PASS,False,NONE,27.35523,True,0,,100,HEALTHY
sht30_temperature_v02,0,6,7137,SHT30,temperature_C,BASELINE,27.35523,True,PASS,False,NONE,27.35523,True,0,,100,HEALTHY
sht30_temperature_v02,0,7,8137,SHT30,temperature_C,BASELINE,27.36858,True,PASS,False,NONE,27.36858,True,0,,100,HEALTHY
sht30_temperature_v02,0,8,9137,SHT30,temperature_C,BASELINE,27.35523,True,PASS,False,NONE,27.35523,True,0,,100,HEALTHY
sht30_temperature_v02,0,9,10137,SHT30,temperature_C,BASELINE,27.36858,True,PASS,False,NONE,27.36858,True,0,,100,HEALTHY
sht30_temperature_v02,0,10,11137,SHT30,temperature_C,BASELINE,27.36858,True,PASS,False,NONE,27.36858,True,0,,100,HEALTHY
sht30_temperature_v02,0,11,12137,SHT30,temperature_C,BASELINE,27.33921,True,PASS,False,NONE,27.33921,True,0,,100,HEALTHY
sht30_temperature_v02,0,12,13137,SHT30,temperature_C,BASELINE,27.36858,True,PASS,False,NONE,27.36858,True,0,,100,HEALTHY
sht30_temperature_v02,0,13,14137,SHT30,temperature_C,BASELINE,27.36858,True,PASS,False,NONE,27.36858,True,0,,100,HEALTHY
sht30_temperature_v02,0,14,15137,SHT30,temperature_C,BASELINE,27.35523,True,PASS,False,NONE,27.35523,True,0,,100,HEALTHY
sht30_temperature_v02,0,15,16137,SHT30,temperature_C,BASELINE,27.33921,True,PASS,False,NONE,27.33921,True,0,,100,HEALTHY
sht30_temperature_v02,0,16,17137,SHT30,temperature_C,BASELINE,27.33921,True,PASS,False,NONE,27.33921,True,0,,100,HEALTHY
sht30_temperature_v02,0,17,18137,SHT30,temperature_C,BASELINE,27.33921,True,PASS,False,NONE,27.33921,True,0,,100,HEALTHY
sht30_temperature_v02,0,18,19137,SHT30,temperature_C,BASELINE,27.36858,True,PASS,False,NONE,27.36858,True,0,,100,HEALTHY
sht30_temperature_v02,0,19,20137,SHT30,temperature_C,BASELINE,27.33921,True,PASS,False,NONE,27.33921,True,0,,100,HEALTHY
sht30_temperature_v02,0,20,21137,SHT30,temperature_C,BASELINE,27.35523,True,PASS,False,NONE,27.35523,True,0,,100,HEALTHY
sht30_temperature_v02,0,21,22137,SHT30,temperature_C,BASELINE,27.33921,True,PASS,False,NONE,27.33921,True,0,,100,HEALTHY
sht30_temperature_v02,0,22,23137,SHT30,temperature_C,BASELINE,27.35523,True,PASS,False,NONE,27.35523,True,0,,100,HEALTHY
sht30_temperature_v02,0,23,24137,SHT30,temperature_C,BASELINE,27.33921,True,PASS,False,NONE,27.33921,True,0,,100,HEALTHY
sht30_temperature_v02,0,24,25137,SHT30,temperature_C,BASELINE,27.32586,True,PASS,False,NONE,27.32586,True,0,,100,HEALTHY
sht30_temperature_v02,0,25,26137,SHT30,temperature_C,BASELINE,27.31251,True,PASS,False,NONE,27.31251,True,0,,100,HEALTHY
sht30_temperature_v02,0,26,27137,SHT30,temperature_C,BASELINE,27.32586,True,PASS,False,NONE,27.32586,True,0,,100,HEALTHY
sht30_temperature_v02,0,27,28137,SHT30,temperature_C,BASELINE,27.36858,True,PASS,False,NONE,27.36858,True,0,,100,HEALTHY
sht30_temperature_v02,0,28,29137,SHT30,temperature_C,BASELINE,27.36858,True,PASS,False,NONE,27.36858,True,0,,100,HEALTHY
sht30_temperature_v02,0,29,30137,SHT30,temperature_C,BASELINE,27.33921,True,PASS,False,NONE,27.33921,True,0,,100,HEALTHY
sht30_temperature_v02,0,30,31137,SHT30,temperature_C,BASELINE,27.32586,True,PASS,False,NONE,27.32586,True,0,,100,HEALTHY
sht30_temperature_v02,0,31,32137,SHT30,temperature_C,BASELINE,27.32586,True,PASS,False,NONE,27.32586,True,0,,100,HEALTHY
sht30_temperature_v02,0,32,33137,SHT30,temperature_C,BASELINE,27.32586,True,PASS,False,NONE,27.32586,True,0,,100,HEALTHY
sht30_temperature_v02,0,33,34137,SHT30,temperature_C,BASELINE,27.32586,True,PASS,False,NONE,27.32586,True,0,,100,HEALTHY
sht30_temperature_v02,0,34,35137,SHT30,temperature_C,BASELINE,27.33921,True,PASS,False,NONE,27.33921,True,0,,100,HEALTHY
sht30_temperature_v02,0,35,36137,SHT30,temperature_C,BASELINE,27.32586,True,PASS,False,NONE,27.32586,True,0,,100,HEALTHY
sht30_temperature_v02,0,36,37137,SHT30,temperature_C,BASELINE,27.33921,True,PASS,False,NONE,27.33921,True,0,,100,HEALTHY
sht30_temperature_v02,0,37,38137,SHT30,temperature_C,BASELINE,27.33921,True,PASS,False,NONE,27.33921,True,0,,100,HEALTHY
sht30_temperature_v02,0,38,39137,SHT30,temperature_C,BASELINE,27.35523,True,PASS,False,NONE,27.35523,True,0,,100,HEALTHY
sht30_temperature_v02,0,39,40137,SHT30,temperature_C,BASELINE,27.32586,True,PASS,False,NONE,27.32586,True,0,,100,HEALTHY
sht30_temperature_v02,0,40,41137,SHT30,temperature_C,BASELINE,27.32586,True,PASS,False,NONE,27.32586,True,0,,100,HEALTHY
sht30_temperature_v02,0,41,42137,SHT30,temperature_C,BASELINE,27.32586,True,PASS,False,NONE,27.32586,True,0,,100,HEALTHY
sht30_temperature_v02,0,42,43137,SHT30,temperature_C,BASELINE,27.32586,True,PASS,False,NONE,27.32586,True,0,,100,HEALTHY
sht30_temperature_v02,0,43,44137,SHT30,temperature_C,BASELINE,27.33921,True,PASS,False,NONE,27.33921,True,0,,100,HEALTHY
sht30_temperature_v02,0,44,45137,SHT30,temperature_C,BASELINE,27.32586,True,PASS,False,NONE,27.32586,True,0,,100,HEALTHY
sht30_temperature_v02,0,45,46137,SHT30,temperature_C,BASELINE,27.36858,True,PASS,False,NONE,27.36858,True,0,,100,HEALTHY
sht30_temperature_v02,0,46,47137,SHT30,temperature_C,BASELINE,27.33921,True,PASS,False,NONE,27.33921,True,0,,100,HEALTHY
sht30_temperature_v02,0,47,48137,SHT30,temperature_C,BASELINE,27.31251,True,PASS,False,NONE,27.31251,True,0,,100,HEALTHY
sht30_temperature_v02,0,48,49137,SHT30,temperature_C,BASELINE,27.32586,True,PASS,False,NONE,27.32586,True,0,,100,HEALTHY
sht30_temperature_v02,0,49,50137,SHT30,temperature_C,BASELINE,27.32586,True,PASS,False,NONE,27.32586,True,0,,100,HEALTHY
sht30_temperature_v02,0,50,51137,SHT30,temperature_C,BASELINE,27.32586,True,PASS,False,NONE,27.32586,True,0,,100,HEALTHY
sht30_temperature_v02,0,51,52137,SHT30,temperature_C,BASELINE,27.31251,True,PASS,False,NONE,27.31251,True,0,,100,HEALTHY
sht30_temperature_v02,0,52,53137,SHT30,temperature_C,BASELINE,27.33921,True,PASS,False,NONE,27.33921,True,0,,100,HEALTHY
sht30_temperature_v02,0,53,54137,SHT30,temperature_C,BASELINE,27.31251,True,PASS,False,NONE,27.31251,True,0,,100,HEALTHY
sht30_temperature_v02,0,54,55137,SHT30,temperature_C,BASELINE,27.32586,True,PASS,False,NONE,27.32586,True,0,,100,HEALTHY
sht30_temperature_v02,0,55,56137,SHT30,temperature_C,BASELINE,27.31251,True,PASS,False,NONE,27.31251,True,0,,100,HEALTHY
sht30_temperature_v02,0,56,57137,SHT30,temperature_C,BASELINE,27.32586,True,PASS,False,NONE,27.32586,True,0,,100,HEALTHY
sht30_temperature_v02,0,57,58137,SHT30,temperature_C,BASELINE,27.33921,True,PASS,False,NONE,27.33921,True,0,,100,HEALTHY
sht30_temperature_v02,0,58,59137,SHT30,temperature_C,BASELINE,27.31251,True,PASS,False,NONE,27.31251,True,0,,100,HEALTHY
sht30_temperature_v02,0,59,60137,SHT30,temperature_C,BASELINE,27.33921,True,PASS,False,NONE,27.33921,True,0,,100,HEALTHY
sht30_temperature_v02,0,60,61137,SHT30,temperature_C,BASELINE,27.32586,True,PASS,False,NONE,27.32586,True,0,,100,HEALTHY
sht30_temperature_v02,0,61,62137,SHT30,temperature_C,BASELINE,27.33921,True,PASS,False,NONE,27.33921,True,0,,100,HEALTHY
sht30_temperature_v02,0,62,63137,SHT30,temperature_C,BASELINE,27.32586,True,PASS,False,NONE,27.32586,True,0,,100,HEALTHY
sht30_temperature_v02,0,63,64137,SHT30,temperature_C,BASELINE,27.29916,True,PASS,False,NONE,27.29916,True,0,,100,HEALTHY
sht30_temperature_v02,0,64,65137,SHT30,temperature_C,BASELINE,27.31251,True,PASS,False,NONE,27.31251,True,0,,100,HEALTHY
sht30_temperature_v02,0,65,66137,SHT30,temperature_C,BASELINE,27.32586,True,PASS,False,NONE,27.32586,True,0,,100,HEALTHY
sht30_temperature_v02,0,66,67137,SHT30,temperature_C,BASELINE,27.32586,True,PASS,False,NONE,27.32586,True,0,,100,HEALTHY
sht30_temperature_v02,0,67,68137,SHT30,temperature_C,BASELINE,27.33921,True,PASS,False,NONE,27.33921,True,0,,100,HEALTHY
sht30_temperature_v02,0,68,69137,SHT30,temperature_C,BASELINE,27.32586,True,PASS,False,NONE,27.32586,True,0,,100,HEALTHY
sht30_temperature_v02,0,69,70137,SHT30,temperature_C,BASELINE,27.33921,True,PASS,False,NONE,27.33921,True,0,,100,HEALTHY
sht30_temperature_v02,0,70,71137,SHT30,temperature_C,BASELINE,27.33921,True,PASS,False,NONE,27.33921,True,0,,100,HEALTHY
sht30_temperature_v02,0,71,72137,SHT30,temperature_C,BASELINE,27.33921,True,PASS,False,NONE,27.33921,True,0,,100,HEALTHY
sht30_temperature_v02,0,72,73137,SHT30,temperature_C,BASELINE,27.33921,True,PASS,False,NONE,27.33921,True,0,,100,HEALTHY
sht30_temperature_v02,0,73,74137,SHT30,temperature_C,BASELINE,27.33921,True,PASS,False,NONE,27.33921,True,0,,100,HEALTHY
sht30_temperature_v02,0,74,75137,SHT30,temperature_C,BASELINE,27.31251,True,PASS,False,NONE,27.31251,True,0,,100,HEALTHY
sht30_temperature_v02,0,75,76137,SHT30,temperature_C,BASELINE,27.33921,True,PASS,False,NONE,27.33921,True,0,,100,HEALTHY
sht30_temperature_v02,0,76,77137,SHT30,temperature_C,BASELINE,27.31251,True,PASS,False,NONE,27.31251,True,0,,100,HEALTHY
sht30_temperature_v02,0,77,78137,SHT30,temperature_C,BASELINE,27.31251,True,PASS,False,NONE,27.31251,True,0,,100,HEALTHY
sht30_temperature_v02,0,78,79137,SHT30,temperature_C,BASELINE,27.31251,True,PASS,False,NONE,27.31251,True,0,,100,HEALTHY
sht30_temperature_v02,0,79,80137,SHT30,temperature_C,BASELINE,27.32586,True,PASS,False,NONE,27.32586,True,0,,100,HEALTHY
sht30_temperature_v02,0,80,81137,SHT30,temperature_C,BASELINE,27.33921,True,PASS,False,NONE,27.33921,True,0,,100,HEALTHY
sht30_temperature_v02,0,81,82137,SHT30,temperature_C,BASELINE,27.32586,True,PASS,False,NONE,27.32586,True,0,,100,HEALTHY
sht30_temperature_v02,0,82,83137,SHT30,temperature_C,BASELINE,27.31251,True,PASS,False,NONE,27.31251,True,0,,100,HEALTHY
sht30_temperature_v02,0,83,84137,SHT30,temperature_C,BASELINE,27.32586,True,PASS,False,NONE,27.32586,True,0,,100,HEALTHY
sht30_temperature_v02,0,84,85137,SHT30,temperature_C,BASELINE,27.31251,True,PASS,False,NONE,27.31251,True,0,,100,HEALTHY
sht30_temperature_v02,0,85,86137,SHT30,temperature_C,BASELINE,27.32586,True,PASS,False,NONE,27.32586,True,0,,100,HEALTHY
sht30_temperature_v02,0,86,87137,SHT30,temperature_C,BASELINE,27.31251,True,PASS,False,NONE,27.31251,True,0,,100,HEALTHY
sht30_temperature_v02,0,87,88137,SHT30,temperature_C,BASELINE,27.31251,True,PASS,False,NONE,27.31251,True,0,,100,HEALTHY
sht30_temperature_v02,0,88,89137,SHT30,temperature_C,BASELINE,27.31251,True,PASS,False,NONE,27.31251,True,0,,100,HEALTHY
sht30_temperature_v02,0,89,90137,SHT30,temperature_C,BASELINE,27.32586,True,PASS,False,NONE,27.32586,True,0,,100,HEALTHY
sht30_temperature_v02,0,90,91137,SHT30,temperature_C,BASELINE,27.29916,True,PASS,False,NONE,27.29916,True,0,,100,HEALTHY
sht30_temperature_v02,0,91,92137,SHT30,temperature_C,BASELINE,27.32586,True,PASS,False,NONE,27.32586,True,0,,100,HEALTHY
sht30_temperature_v02,0,92,93137,SHT30,temperature_C,BASELINE,27.32586,True,PASS,False,NONE,27.32586,True,0,,100,HEALTHY
sht30_temperature_v02,0,93,94137,SHT30,temperature_C,BASELINE,27.29916,True,PASS,False,NONE,27.29916,True,0,,100,HEALTHY
sht30_temperature_v02,0,94,95137,SHT30,temperature_C,BASELINE,27.29916,True,PASS,False,NONE,27.29916,True,0,,100,HEALTHY
sht30_temperature_v02,0,95,96137,SHT30,temperature_C,BASELINE,27.32586,True,PASS,False,NONE,27.32586,True,0,,100,HEALTHY
sht30_temperature_v02,0,96,97137,SHT30,temperature_C,BASELINE,27.32586,True,PASS,False,NONE,27.32586,True,0,,100,HEALTHY
sht30_temperature_v02,0,97,98137,SHT30,temperature_C,BASELINE,27.32586,True,PASS,False,NONE,27.32586,True,0,,100,HEALTHY
sht30_temperature_v02,0,98,99137,SHT30,temperature_C,BASELINE,27.29916,True,PASS,False,NONE,27.29916,True,0,,100,HEALTHY
sht30_temperature_v02,0,99,100137,SHT30,temperature_C,BASELINE,27.31251,True,PASS,False,NONE,27.31251,True,0,,100,HEALTHY
sht30_temperature_v02,0,100,101137,SHT30,temperature_C,BASELINE,27.31251,True,PASS,False,NONE,27.31251,True,0,,100,HEALTHY
sht30_temperature_v02,0,101,102137,SHT30,temperature_C,BASELINE,27.32586,True,PASS,False,NONE,27.32586,True,0,,100,HEALTHY
sht30_temperature_v02,0,102,103137,SHT30,temperature_C,BASELINE,27.32586,True,PASS,False,NONE,27.32586,True,0,,100,HEALTHY
sht30_temperature_v02,0,103,104137,SHT30,temperature_C,BASELINE,27.33921,True,PASS,False,NONE,27.33921,True,0,,100,HEALTHY
sht30_temperature_v02,0,104,105137,SHT30,temperature_C,BASELINE,27.31251,True,PASS,False,NONE,27.31251,True,0,,100,HEALTHY
sht30_temperature_v02,0,105,106137,SHT30,temperature_C,BASELINE,27.33921,True,PASS,False,NONE,27.33921,True,0,,100,HEALTHY
sht30_temperature_v02,0,106,107137,SHT30,temperature_C,BASELINE,27.33921,True,PASS,False,NONE,27.33921,True,0,,100,HEALTHY
sht30_temperature_v02,0,107,108137,SHT30,temperature_C,BASELINE,27.33921,True,PASS,False,NONE,27.33921,True,0,,100,HEALTHY
sht30_temperature_v02,0,108,109137,SHT30,temperature_C,BASELINE,27.32586,True,PASS,False,NONE,27.32586,True,0,,100,HEALTHY
sht30_temperature_v02,0,109,110137,SHT30,temperature_C,BASELINE,27.31251,True,PASS,False,NONE,27.31251,True,0,,100,HEALTHY
sht30_temperature_v02,0,110,111137,SHT30,temperature_C,BASELINE,27.32586,True,PASS,False,NONE,27.32586,True,0,,100,HEALTHY
sht30_temperature_v02,0,111,112137,SHT30,temperature_C,BASELINE,27.32586,True,PASS,False,NONE,27.32586,True,0,,100,HEALTHY
sht30_temperature_v02,0,112,113137,SHT30,temperature_C,BASELINE,27.31251,True,PASS,False,NONE,27.31251,True,0,,100,HEALTHY
sht30_temperature_v02,0,113,114137,SHT30,temperature_C,BASELINE,27.32586,True,PASS,False,NONE,27.32586,True,0,,100,HEALTHY
sht30_temperature_v02,0,114,115137,SHT30,temperature_C,BASELINE,27.32586,True,PASS,False,NONE,27.32586,True,0,,100,HEALTHY
sht30_temperature_v02,0,115,116137,SHT30,temperature_C,BASELINE,27.33921,True,PASS,False,NONE,27.33921,True,0,,100,HEALTHY
sht30_temperature_v02,0,116,117137,SHT30,temperature_C,BASELINE,27.33921,True,PASS,False,NONE,27.33921,True,0,,100,HEALTHY
sht30_temperature_v02,0,117,118137,SHT30,temperature_C,BASELINE,27.35523,True,PASS,False,NONE,27.35523,True,0,,100,HEALTHY
sht30_temperature_v02,0,118,119137,SHT30,temperature_C,BASELINE,27.32586,True,PASS,False,NONE,27.32586,True,0,,100,HEALTHY
sht30_temperature_v02,0,119,120137,SHT30,temperature_C,BASELINE,27.33921,True,PASS,False,NONE,27.33921,True,0,,100,HEALTHY
sht30_temperature_v02,0,120,121137,SHT30,temperature_C,BASELINE,27.32586,True,PASS,False,NONE,27.32586,True,0,,100,HEALTHY
sht30_temperature_v02,0,121,122137,SHT30,temperature_C,BASELINE,27.31251,True,PASS,False,NONE,27.31251,True,0,,100,HEALTHY
sht30_temperature_v02,0,122,123137,SHT30,temperature_C,BASELINE,27.35523,True,PASS,False,NONE,27.35523,True,0,,100,HEALTHY
sht30_temperature_v02,0,123,124137,SHT30,temperature_C,BASELINE,27.36858,True,PASS,False,NONE,27.36858,True,0,,100,HEALTHY
sht30_temperature_v02,0,124,125137,SHT30,temperature_C,BASELINE,27.33921,True,PASS,False,NONE,27.33921,True,0,,100,HEALTHY
sht30_temperature_v02,0,125,126137,SHT30,temperature_C,BASELINE,27.35523,True,PASS,False,NONE,27.35523,True,0,,100,HEALTHY
sht30_temperature_v02,0,126,127137,SHT30,temperature_C,BASELINE,27.32586,True,PASS,False,NONE,27.32586,True,0,,100,HEALTHY
sht30_temperature_v02,0,127,128137,SHT30,temperature_C,BASELINE,27.33921,True,PASS,False,NONE,27.33921,True,0,,100,HEALTHY
sht30_temperature_v02,0,128,129137,SHT30,temperature_C,BASELINE,27.33921,True,PASS,False,NONE,27.33921,True,0,,100,HEALTHY
sht30_temperature_v02,0,129,130137,SHT30,temperature_C,BASELINE,27.32586,True,PASS,False,NONE,27.32586,True,0,,100,HEALTHY
sht30_temperature_v02,0,130,131137,SHT30,temperature_C,BASELINE,27.35523,True,PASS,False,NONE,27.35523,True,0,,100,HEALTHY
sht30_temperature_v02,0,131,132137,SHT30,temperature_C,BASELINE,27.33921,True,PASS,False,NONE,27.33921,True,0,,100,HEALTHY
sht30_temperature_v02,0,132,133137,SHT30,temperature_C,BASELINE,27.36858,True,PASS,False,NONE,27.36858,True,0,,100,HEALTHY
sht30_temperature_v02,0,133,134137,SHT30,temperature_C,BASELINE,27.35523,True,PASS,False,NONE,27.35523,True,0,,100,HEALTHY
sht30_temperature_v02,0,134,135137,SHT30,temperature_C,BASELINE,27.35523,True,PASS,False,NONE,27.35523,True,0,,100,HEALTHY
sht30_temperature_v02,0,135,136137,SHT30,temperature_C,BASELINE,27.35523,True,PASS,False,NONE,27.35523,True,0,,100,HEALTHY
sht30_temperature_v02,0,136,137137,SHT30,temperature_C,BASELINE,27.35523,True,PASS,False,NONE,27.35523,True,0,,100,HEALTHY
sht30_temperature_v02,0,137,138137,SHT30,temperature_C,BASELINE,27.36858,True,PASS,False,NONE,27.36858,True,0,,100,HEALTHY
sht30_temperature_v02,0,138,139137,SHT30,temperature_C,BASELINE,27.36858,True,PASS,False,NONE,27.36858,True,0,,100,HEALTHY
sht30_temperature_v02,0,139,140137,SHT30,temperature_C,BASELINE,27.35523,True,PASS,False,NONE,27.35523,True,0,,100,HEALTHY
sht30_temperature_v02,0,140,141137,SHT30,temperature_C,BASELINE,27.36858,True,PASS,False,NONE,27.36858,True,0,,100,HEALTHY
sht30_temperature_v02,0,141,142137,SHT30,temperature_C,BASELINE,27.33921,True,PASS,False,NONE,27.33921,True,0,,100,HEALTHY
sht30_temperature_v02,0,142,143137,SHT30,temperature_C,BASELINE,27.35523,True,PASS,False,NONE,27.35523,True,0,,100,HEALTHY
sht30_temperature_v02,0,143,144137,SHT30,temperature_C,BASELINE,27.35523,True,PASS,False,NONE,27.35523,True,0,,100,HEALTHY
sht30_temperature_v02,0,144,145137,SHT30,temperature_C,BASELINE,27.33921,True,PASS,False,NONE,27.33921,True,0,,100,HEALTHY
sht30_temperature_v02,0,145,146137,SHT30,temperature_C,BASELINE,27.35523,True,PASS,False,NONE,27.35523,True,0,,100,HEALTHY
sht30_temperature_v02,0,146,147137,SHT30,temperature_C,BASELINE,27.35523,True,PASS,False,NONE,27.35523,True,0,,100,HEALTHY
sht30_temperature_v02,0,147,148137,SHT30,temperature_C,BASELINE,27.36858,True,PASS,False,NONE,27.36858,True,0,,100,HEALTHY
sht30_temperature_v02,0,148,149137,SHT30,temperature_C,BASELINE,27.33921,True,PASS,False,NONE,27.33921,True,0,,100,HEALTHY
sht30_temperature_v02,0,149,150137,SHT30,temperature_C,BASELINE,27.36858,True,PASS,False,NONE,27.36858,True,0,,100,HEALTHY
sht30_temperature_v02,0,150,151137,SHT30,temperature_C,BASELINE,27.36858,True,PASS,False,NONE,27.36858,True,0,,100,HEALTHY
sht30_temperature_v02,0,151,152137,SHT30,temperature_C,BASELINE,27.36858,True,PASS,False,NONE,27.36858,True,0,,100,HEALTHY
sht30_temperature_v02,0,152,153137,SHT30,temperature_C,BASELINE,27.36858,True,PASS,False,NONE,27.36858,True,0,,100,HEALTHY
sht30_temperature_v02,0,153,154137,SHT30,temperature_C,BASELINE,27.35523,True,PASS,False,NONE,27.35523,True,0,,100,HEALTHY
sht30_temperature_v02,0,154,155137,SHT30,temperature_C,BASELINE,27.33921,True,PASS,False,NONE,27.33921,True,0,,100,HEALTHY
sht30_temperature_v02,0,155,156137,SHT30,temperature_C,BASELINE,27.36858,True,PASS,False,NONE,27.36858,True,0,,100,HEALTHY
sht30_temperature_v02,0,156,157137,SHT30,temperature_C,BASELINE,27.36858,True,PASS,False,NONE,27.36858,True,0,,100,HEALTHY
sht30_temperature_v02,0,157,158137,SHT30,temperature_C,BASELINE,27.35523,True,PASS,False,NONE,27.35523,True,0,,100,HEALTHY
sht30_temperature_v02,0,158,159137,SHT30,temperature_C,BASELINE,27.35523,True,PASS,False,NONE,27.35523,True,0,,100,HEALTHY
sht30_temperature_v02,0,159,160137,SHT30,temperature_C,BASELINE,27.38194,True,PASS,False,NONE,27.38194,True,0,,100,HEALTHY
sht30_temperature_v02,0,160,161137,SHT30,temperature_C,BASELINE,27.33921,True,PASS,False,NONE,27.33921,True,0,,100,HEALTHY
sht30_temperature_v02,0,161,162137,SHT30,temperature_C,BASELINE,27.35523,True,PASS,False,NONE,27.35523,True,0,,100,HEALTHY
sht30_temperature_v02,0,162,163137,SHT30,temperature_C,BASELINE,27.36858,True,PASS,False,NONE,27.36858,True,0,,100,HEALTHY
sht30_temperature_v02,0,163,164137,SHT30,temperature_C,BASELINE,27.36858,True,PASS,False,NONE,27.36858,True,0,,100,HEALTHY
sht30_temperature_v02,0,164,165137,SHT30,temperature_C,BASELINE,27.33921,True,PASS,False,NONE,27.33921,True,0,,100,HEALTHY
sht30_temperature_v02,0,165,166137,SHT30,temperature_C,BASELINE,27.33921,True,PASS,False,NONE,27.33921,True,0,,100,HEALTHY
sht30_temperature_v02,0,166,167137,SHT30,temperature_C,BASELINE,27.35523,True,PASS,False,NONE,27.35523,True,0,,100,HEALTHY
sht30_temperature_v02,0,167,168137,SHT30,temperature_C,BASELINE,27.36858,True,PASS,False,NONE,27.36858,True,0,,100,HEALTHY
sht30_temperature_v02,0,168,169137,SHT30,temperature_C,BASELINE,27.36858,True,PASS,False,NONE,27.36858,True,0,,100,HEALTHY
sht30_temperature_v02,0,169,170137,SHT30,temperature_C,BASELINE,27.36858,True,PASS,False,NONE,27.36858,True,0,,100,HEALTHY
sht30_temperature_v02,0,170,171137,SHT30,temperature_C,BASELINE,27.35523,True,PASS,False,NONE,27.35523,True,0,,100,HEALTHY
sht30_temperature_v02,0,171,172137,SHT30,temperature_C,BASELINE,27.33921,True,PASS,False,NONE,27.33921,True,0,,100,HEALTHY
sht30_temperature_v02,0,172,173137,SHT30,temperature_C,BASELINE,27.35523,True,PASS,False,NONE,27.35523,True,0,,100,HEALTHY
sht30_temperature_v02,0,173,174137,SHT30,temperature_C,BASELINE,27.35523,True,PASS,False,NONE,27.35523,True,0,,100,HEALTHY
sht30_temperature_v02,0,174,175137,SHT30,temperature_C,BASELINE,27.35523,True,PASS,False,NONE,27.35523,True,0,,100,HEALTHY
sht30_temperature_v02,0,175,176137,SHT30,temperature_C,BASELINE,27.35523,True,PASS,False,NONE,27.35523,True,0,,100,HEALTHY
sht30_temperature_v02,0,176,177137,SHT30,temperature_C,BASELINE,27.33921,True,PASS,False,NONE,27.33921,True,0,,100,HEALTHY
sht30_temperature_v02,0,177,178137,SHT30,temperature_C,BASELINE,27.35523,True,PASS,False,NONE,27.35523,True,0,,100,HEALTHY
sht30_temperature_v02,0,178,179137,SHT30,temperature_C,BASELINE,27.36858,True,PASS,False,NONE,27.36858,True,0,,100,HEALTHY
sht30_temperature_v02,0,179,180137,SHT30,temperature_C,BASELINE,27.33921,True,PASS,False,NONE,27.33921,True,0,,100,HEALTHY
sht30_temperature_v02,0,180,181137,SHT30,temperature_C,BASELINE,27.33921,True,PASS,False,NONE,27.33921,True,0,,100,HEALTHY
sht30_temperature_v02,0,181,182137,SHT30,temperature_C,BASELINE,27.32586,True,PASS,False,NONE,27.32586,True,0,,100,HEALTHY
sht30_temperature_v02,0,182,183137,SHT30,temperature_C,BASELINE,27.33921,True,PASS,False,NONE,27.33921,True,0,,100,HEALTHY
sht30_temperature_v02,0,183,184137,SHT30,temperature_C,BASELINE,27.35523,True,PASS,False,NONE,27.35523,True,0,,100,HEALTHY
sht30_temperature_v02,0,184,185137,SHT30,temperature_C,BASELINE,27.35523,True,PASS,False,NONE,27.35523,True,0,,100,HEALTHY
sht30_temperature_v02,0,185,186137,SHT30,temperature_C,BASELINE,27.35523,True,PASS,False,NONE,27.35523,True,0,,100,HEALTHY
sht30_temperature_v02,0,186,187137,SHT30,temperature_C,BASELINE,27.35523,True,PASS,False,NONE,27.35523,True,0,,100,HEALTHY
sht30_temperature_v02,0,187,188137,SHT30,temperature_C,BASELINE,27.36858,True,PASS,False,NONE,27.36858,True,0,,100,HEALTHY
sht30_temperature_v02,0,188,189137,SHT30,temperature_C,BASELINE,27.35523,True,PASS,False,NONE,27.35523,True,0,,100,HEALTHY
sht30_temperature_v02,0,189,190137,SHT30,temperature_C,BASELINE,27.36858,True,PASS,False,NONE,27.36858,True,0,,100,HEALTHY
sht30_temperature_v02,0,190,191137,SHT30,temperature_C,BASELINE,27.36858,True,PASS,False,NONE,27.36858,True,0,,100,HEALTHY
sht30_temperature_v02,0,191,192137,SHT30,temperature_C,BASELINE,27.35523,True,PASS,False,NONE,27.35523,True,0,,100,HEALTHY
sht30_temperature_v02,0,192,193137,SHT30,temperature_C,BASELINE,27.32586,True,PASS,False,NONE,27.32586,True,0,,100,HEALTHY
sht30_temperature_v02,0,193,194137,SHT30,temperature_C,BASELINE,27.33921,True,PASS,False,NONE,27.33921,True,0,,100,HEALTHY
sht30_temperature_v02,0,194,195137,SHT30,temperature_C,BASELINE,27.36858,True,PASS,False,NONE,27.36858,True,0,,100,HEALTHY
sht30_temperature_v02,0,195,196137,SHT30,temperature_C,BASELINE,27.38194,True,PASS,False,NONE,27.38194,True,0,,100,HEALTHY
sht30_temperature_v02,0,196,197137,SHT30,temperature_C,BASELINE,27.36858,True,PASS,False,NONE,27.36858,True,0,,100,HEALTHY
sht30_temperature_v02,0,197,198137,SHT30,temperature_C,BASELINE,27.36858,True,PASS,False,NONE,27.36858,True,0,,100,HEALTHY
sht30_temperature_v02,0,198,199137,SHT30,temperature_C,BASELINE,27.36858,True,PASS,False,NONE,27.36858,True,0,,100,HEALTHY
sht30_temperature_v02,0,199,200137,SHT30,temperature_C,BASELINE,27.35523,True,PASS,False,NONE,27.35523,True,0,,100,HEALTHY
sht30_temperature_v02,0,200,201137,SHT30,temperature_C,BASELINE,27.36858,True,PASS,False,NONE,27.36858,True,0,,100,HEALTHY
sht30_temperature_v02,0,201,202137,SHT30,temperature_C,BASELINE,27.38194,True,PASS,False,NONE,27.38194,True,0,,100,HEALTHY
sht30_temperature_v02,0,202,203137,SHT30,temperature_C,BASELINE,27.35523,True,PASS,False,NONE,27.35523,True,0,,100,HEALTHY
sht30_temperature_v02,0,203,204137,SHT30,temperature_C,BASELINE,27.32586,True,PASS,False,NONE,27.32586,True,0,,100,HEALTHY
sht30_temperature_v02,0,204,205137,SHT30,temperature_C,BASELINE,27.36858,True,PASS,False,NONE,27.36858,True,0,,100,HEALTHY
sht30_temperature_v02,0,205,206137,SHT30,temperature_C,BASELINE,27.35523,True,PASS,False,NONE,27.35523,True,0,,100,HEALTHY
sht30_temperature_v02,0,206,207137,SHT30,temperature_C,BASELINE,27.33921,True,PASS,False,NONE,27.33921,True,0,,100,HEALTHY
sht30_temperature_v02,0,207,208137,SHT30,temperature_C,BASELINE,27.36858,True,PASS,False,NONE,27.36858,True,0,,100,HEALTHY
sht30_temperature_v02,0,208,209137,SHT30,temperature_C,BASELINE,27.35523,True,PASS,False,NONE,27.35523,True,0,,100,HEALTHY
sht30_temperature_v02,0,209,210137,SHT30,temperature_C,BASELINE,27.35523,True,PASS,False,NONE,27.35523,True,0,,100,HEALTHY
sht30_temperature_v02,0,210,211137,SHT30,temperature_C,BASELINE,27.33921,True,PASS,False,NONE,27.33921,True,0,,100,HEALTHY
sht30_temperature_v02,0,211,212137,SHT30,temperature_C,BASELINE,27.36858,True,PASS,False,NONE,27.36858,True,0,,100,HEALTHY
sht30_temperature_v02,0,212,213137,SHT30,temperature_C,BASELINE,27.32586,True,PASS,False,NONE,27.32586,True,0,,100,HEALTHY
sht30_temperature_v02,0,213,214137,SHT30,temperature_C,BASELINE,27.35523,True,PASS,False,NONE,27.35523,True,0,,100,HEALTHY
sht30_temperature_v02,0,214,215137,SHT30,temperature_C,BASELINE,27.35523,True,PASS,False,NONE,27.35523,True,0,,100,HEALTHY
sht30_temperature_v02,0,215,216137,SHT30,temperature_C,BASELINE,27.35523,True,PASS,False,NONE,27.35523,True,0,,100,HEALTHY
sht30_temperature_v02,0,216,217137,SHT30,temperature_C,BASELINE,27.33921,True,PASS,False,NONE,27.33921,True,0,,100,HEALTHY
sht30_temperature_v02,0,217,218137,SHT30,temperature_C,BASELINE,27.35523,True,PASS,False,NONE,27.35523,True,0,,100,HEALTHY
sht30_temperature_v02,0,218,219137,SHT30,temperature_C,BASELINE,27.35523,True,PASS,False,NONE,27.35523,True,0,,100,HEALTHY
sht30_temperature_v02,0,219,220137,SHT30,temperature_C,BASELINE,27.38194,True,PASS,False,NONE,27.38194,True,0,,100,HEALTHY
sht30_temperature_v02,0,220,221137,SHT30,temperature_C,BASELINE,27.33921,True,PASS,False,NONE,27.33921,True,0,,100,HEALTHY
sht30_temperature_v02,0,221,222137,SHT30,temperature_C,BASELINE,27.33921,True,PASS,False,NONE,27.33921,True,0,,100,HEALTHY
sht30_temperature_v02,0,222,223137,SHT30,temperature_C,BASELINE,27.35523,True,PASS,False,NONE,27.35523,True,0,,100,HEALTHY
sht30_temperature_v02,0,223,224137,SHT30,temperature_C,BASELINE,27.33921,True,PASS,False,NONE,27.33921,True,0,,100,HEALTHY
sht30_temperature_v02,0,224,225137,SHT30,temperature_C,BASELINE,27.32586,True,PASS,False,NONE,27.32586,True,0,,100,HEALTHY
sht30_temperature_v02,0,225,226137,SHT30,temperature_C,BASELINE,27.33921,True,PASS,False,NONE,27.33921,True,0,,100,HEALTHY
sht30_temperature_v02,0,226,227137,SHT30,temperature_C,BASELINE,27.35523,True,PASS,False,NONE,27.35523,True,0,,100,HEALTHY
sht30_temperature_v02,0,227,228137,SHT30,temperature_C,BASELINE,27.35523,True,PASS,False,NONE,27.35523,True,0,,100,HEALTHY
sht30_temperature_v02,0,228,229137,SHT30,temperature_C,BASELINE,27.35523,True,PASS,False,NONE,27.35523,True,0,,100,HEALTHY
sht30_temperature_v02,0,229,230137,SHT30,temperature_C,BASELINE,27.35523,True,PASS,False,NONE,27.35523,True,0,,100,HEALTHY
sht30_temperature_v02,0,230,231137,SHT30,temperature_C,BASELINE,27.38194,True,PASS,False,NONE,27.38194,True,0,,100,HEALTHY
sht30_temperature_v02,0,231,232137,SHT30,temperature_C,BASELINE,27.33921,True,PASS,False,NONE,27.33921,True,0,,100,HEALTHY
sht30_temperature_v02,0,232,233137,SHT30,temperature_C,BASELINE,27.36858,True,PASS,False,NONE,27.36858,True,0,,100,HEALTHY
sht30_temperature_v02,0,233,234137,SHT30,temperature_C,BASELINE,27.35523,True,PASS,False,NONE,27.35523,True,0,,100,HEALTHY
sht30_temperature_v02,0,234,235137,SHT30,temperature_C,BASELINE,27.35523,True,PASS,False,NONE,27.35523,True,0,,100,HEALTHY
sht30_temperature_v02,0,235,236137,SHT30,temperature_C,BASELINE,27.35523,True,PASS,False,NONE,27.35523,True,0,,100,HEALTHY
sht30_temperature_v02,0,236,237137,SHT30,temperature_C,BASELINE,27.33921,True,PASS,False,NONE,27.33921,True,0,,100,HEALTHY
sht30_temperature_v02,0,237,238137,SHT30,temperature_C,BASELINE,27.36858,True,PASS,False,NONE,27.36858,True,0,,100,HEALTHY
sht30_temperature_v02,0,238,239137,SHT30,temperature_C,BASELINE,27.36858,True,PASS,False,NONE,27.36858,True,0,,100,HEALTHY
sht30_temperature_v02,0,239,240137,SHT30,temperature_C,BASELINE,27.35523,True,PASS,False,NONE,27.35523,True,0,,100,HEALTHY
sht30_temperature_v02,0,240,241137,SHT30,temperature_C,BASELINE,27.36858,True,PASS,False,NONE,27.36858,True,0,,100,HEALTHY
sht30_temperature_v02,0,241,242137,SHT30,temperature_C,BASELINE,27.36858,True,PASS,False,NONE,27.36858,True,0,,100,HEALTHY
sht30_temperature_v02,0,242,243137,SHT30,temperature_C,BASELINE,27.35523,True,PASS,False,NONE,27.35523,True,0,,100,HEALTHY
sht30_temperature_v02,0,243,244137,SHT30,temperature_C,BASELINE,27.36858,True,PASS,False,NONE,27.36858,True,0,,100,HEALTHY
sht30_temperature_v02,0,244,245137,SHT30,temperature_C,BASELINE,27.38194,True,PASS,False,NONE,27.38194,True,0,,100,HEALTHY
sht30_temperature_v02,0,245,246137,SHT30,temperature_C,BASELINE,27.35523,True,PASS,False,NONE,27.35523,True,0,,100,HEALTHY
sht30_temperature_v02,0,246,247137,SHT30,temperature_C,BASELINE,27.36858,True,PASS,False,NONE,27.36858,True,0,,100,HEALTHY
sht30_temperature_v02,0,247,248137,SHT30,temperature_C,BASELINE,27.36858,True,PASS,False,NONE,27.36858,True,0,,100,HEALTHY
sht30_temperature_v02,0,248,249137,SHT30,temperature_C,BASELINE,27.36858,True,PASS,False,NONE,27.36858,True,0,,100,HEALTHY
sht30_temperature_v02,0,249,250137,SHT30,temperature_C,BASELINE,27.36858,True,PASS,False,NONE,27.36858,True,0,,100,HEALTHY
sht30_temperature_v02,0,250,251137,SHT30,temperature_C,BASELINE,27.36858,True,PASS,False,NONE,27.36858,True,0,,100,HEALTHY
sht30_temperature_v02,0,251,252137,SHT30,temperature_C,BASELINE,27.38194,True,PASS,False,NONE,27.38194,True,0,,100,HEALTHY
sht30_temperature_v02,0,252,253137,SHT30,temperature_C,BASELINE,27.38194,True,PASS,False,NONE,27.38194,True,0,,100,HEALTHY
sht30_temperature_v02,0,253,254137,SHT30,temperature_C,BASELINE,27.35523,True,PASS,False,NONE,27.35523,True,0,,100,HEALTHY
sht30_temperature_v02,0,254,255137,SHT30,temperature_C,BASELINE,27.36858,True,PASS,False,NONE,27.36858,True,0,,100,HEALTHY
sht30_temperature_v02,0,255,256137,SHT30,temperature_C,BASELINE,27.39796,True,PASS,False,NONE,27.39796,True,0,,100,HEALTHY
sht30_temperature_v02,0,256,257137,SHT30,temperature_C,BASELINE,27.36858,True,PASS,False,NONE,27.36858,True,0,,100,HEALTHY
sht30_temperature_v02,0,257,258137,SHT30,temperature_C,BASELINE,27.36858,True,PASS,False,NONE,27.36858,True,0,,100,HEALTHY
sht30_temperature_v02,0,258,259137,SHT30,temperature_C,BASELINE,27.35523,True,PASS,False,NONE,27.35523,True,0,,100,HEALTHY
sht30_temperature_v02,0,259,260137,SHT30,temperature_C,BASELINE,27.36858,True,PASS,False,NONE,27.36858,True,0,,100,HEALTHY
sht30_temperature_v02,0,260,261137,SHT30,temperature_C,BASELINE,27.35523,True,PASS,False,NONE,27.35523,True,0,,100,HEALTHY
sht30_temperature_v02,0,261,262137,SHT30,temperature_C,BASELINE,27.36858,True,PASS,False,NONE,27.36858,True,0,,100,HEALTHY
sht30_temperature_v02,0,262,263137,SHT30,temperature_C,BASELINE,27.35523,True,PASS,False,NONE,27.35523,True,0,,100,HEALTHY
sht30_temperature_v02,0,263,264137,SHT30,temperature_C,BASELINE,27.36858,True,PASS,False,NONE,27.36858,True,0,,100,HEALTHY
sht30_temperature_v02,0,264,265137,SHT30,temperature_C,BASELINE,27.35523,True,PASS,False,NONE,27.35523,True,0,,100,HEALTHY
sht30_temperature_v02,0,265,266137,SHT30,temperature_C,BASELINE,27.35523,True,PASS,False,NONE,27.35523,True,0,,100,HEALTHY
sht30_temperature_v02,0,266,267137,SHT30,temperature_C,BASELINE,27.36858,True,PASS,False,NONE,27.36858,True,0,,100,HEALTHY
sht30_temperature_v02,0,267,268137,SHT30,temperature_C,BASELINE,27.38194,True,PASS,False,NONE,27.38194,True,0,,100,HEALTHY
sht30_temperature_v02,0,268,269137,SHT30,temperature_C,BASELINE,27.38194,True,PASS,False,NONE,27.38194,True,0,,100,HEALTHY
sht30_temperature_v02,0,269,270137,SHT30,temperature_C,BASELINE,27.36858,True,PASS,False,NONE,27.36858,True,0,,100,HEALTHY
sht30_temperature_v02,0,270,271137,SHT30,temperature_C,BASELINE,27.39796,True,PASS,False,NONE,27.39796,True,0,,100,HEALTHY
sht30_temperature_v02,0,271,272137,SHT30,temperature_C,BASELINE,27.36858,True,PASS,False,NONE,27.36858,True,0,,100,HEALTHY
sht30_temperature_v02,0,272,273137,SHT30,temperature_C,BASELINE,27.35523,True,PASS,False,NONE,27.35523,True,0,,100,HEALTHY
sht30_temperature_v02,0,273,274137,SHT30,temperature_C,BASELINE,27.38194,True,PASS,False,NONE,27.38194,True,0,,100,HEALTHY
sht30_temperature_v02,0,274,275137,SHT30,temperature_C,BASELINE,27.38194,True,PASS,False,NONE,27.38194,True,0,,100,HEALTHY
sht30_temperature_v02,0,275,276137,SHT30,temperature_C,BASELINE,27.38194,True,PASS,False,NONE,27.38194,True,0,,100,HEALTHY
sht30_temperature_v02,0,276,277137,SHT30,temperature_C,BASELINE,27.38194,True,PASS,False,NONE,27.38194,True,0,,100,HEALTHY
sht30_temperature_v02,0,277,278137,SHT30,temperature_C,BASELINE,27.38194,True,PASS,False,NONE,27.38194,True,0,,100,HEALTHY
sht30_temperature_v02,0,278,279137,SHT30,temperature_C,BASELINE,27.39796,True,PASS,False,NONE,27.39796,True,0,,100,HEALTHY
sht30_temperature_v02,0,279,280137,SHT30,temperature_C,BASELINE,27.35523,True,PASS,False,NONE,27.35523,True,0,,100,HEALTHY
sht30_temperature_v02,0,280,281137,SHT30,temperature_C,BASELINE,27.38194,True,PASS,False,NONE,27.38194,True,0,,100,HEALTHY
sht30_temperature_v02,0,281,282137,SHT30,temperature_C,BASELINE,27.38194,True,PASS,False,NONE,27.38194,True,0,,100,HEALTHY
sht30_temperature_v02,0,282,283137,SHT30,temperature_C,BASELINE,27.39796,True,PASS,False,NONE,27.39796,True,0,,100,HEALTHY
sht30_temperature_v02,0,283,284137,SHT30,temperature_C,BASELINE,27.39796,True,PASS,False,NONE,27.39796,True,0,,100,HEALTHY
sht30_temperature_v02,0,284,285137,SHT30,temperature_C,BASELINE,27.39796,True,PASS,False,NONE,27.39796,True,0,,100,HEALTHY
sht30_temperature_v02,0,285,286137,SHT30,temperature_C,BASELINE,27.38194,True,PASS,False,NONE,27.38194,True,0,,100,HEALTHY
sht30_temperature_v02,0,286,287137,SHT30,temperature_C,BASELINE,27.36858,True,PASS,False,NONE,27.36858,True,0,,100,HEALTHY
sht30_temperature_v02,0,287,288137,SHT30,temperature_C,BASELINE,27.39796,True,PASS,False,NONE,27.39796,True,0,,100,HEALTHY
sht30_temperature_v02,0,288,289137,SHT30,temperature_C,BASELINE,27.36858,True,PASS,False,NONE,27.36858,True,0,,100,HEALTHY
sht30_temperature_v02,0,289,290137,SHT30,temperature_C,BASELINE,27.41131,True,PASS,False,NONE,27.41131,True,0,,100,HEALTHY
sht30_temperature_v02,0,290,291137,SHT30,temperature_C,BASELINE,27.38194,True,PASS,False,NONE,27.38194,True,0,,100,HEALTHY
sht30_temperature_v02,0,291,292137,SHT30,temperature_C,BASELINE,27.39796,True,PASS,False,NONE,27.39796,True,0,,100,HEALTHY
sht30_temperature_v02,0,292,293137,SHT30,temperature_C,BASELINE,27.39796,True,PASS,False,NONE,27.39796,True,0,,100,HEALTHY
sht30_temperature_v02,0,293,294137,SHT30,temperature_C,BASELINE,27.38194,True,PASS,False,NONE,27.38194,True,0,,100,HEALTHY
sht30_temperature_v02,0,294,295137,SHT30,temperature_C,BASELINE,27.38194,True,PASS,False,NONE,27.38194,True,0,,100,HEALTHY
sht30_temperature_v02,0,295,296137,SHT30,temperature_C,BASELINE,27.41131,True,PASS,False,NONE,27.41131,True,0,,100,HEALTHY
sht30_temperature_v02,0,296,297137,SHT30,temperature_C,BASELINE,27.38194,True,PASS,False,NONE,27.38194,True,0,,100,HEALTHY
sht30_temperature_v02,0,297,298137,SHT30,temperature_C,BASELINE,27.39796,True,PASS,False,NONE,27.39796,True,0,,100,HEALTHY
sht30_temperature_v02,0,298,299137,SHT30,temperature_C,BASELINE,27.39796,True,PASS,False,NONE,27.39796,True,0,,100,HEALTHY
sht30_temperature_v02,0,299,300137,SHT30,temperature_C,BASELINE,27.38194,True,PASS,False,NONE,27.38194,True,0,,100,HEALTHY
sht30_temperature_v02,0,300,301137,SHT30,temperature_C,BASELINE,27.38194,True,PASS,False,NONE,27.38194,True,0,,100,HEALTHY
sht30_temperature_v02,0,301,302137,SHT30,temperature_C,BASELINE,27.39796,True,PASS,False,NONE,27.39796,True,0,,100,HEALTHY
sht30_temperature_v02,0,302,303137,SHT30,temperature_C,BASELINE,27.39796,True,PASS,False,NONE,27.39796,True,0,,100,HEALTHY
sht30_temperature_v02,0,303,304137,SHT30,temperature_C,BASELINE,27.41131,True,PASS,False,NONE,27.41131,True,0,,100,HEALTHY
sht30_temperature_v02,0,304,305137,SHT30,temperature_C,BASELINE,27.41131,True,PASS,False,NONE,27.41131,True,0,,100,HEALTHY
sht30_temperature_v02,0,305,306137,SHT30,temperature_C,BASELINE,27.39796,True,PASS,False,NONE,27.39796,True,0,,100,HEALTHY
sht30_temperature_v02,0,306,307137,SHT30,temperature_C,BASELINE,27.39796,True,PASS,False,NONE,27.39796,True,0,,100,HEALTHY
sht30_temperature_v02,0,307,308137,SHT30,temperature_C,BASELINE,27.38194,True,PASS,False,NONE,27.38194,True,0,,100,HEALTHY
sht30_temperature_v02,0,308,309137,SHT30,temperature_C,BASELINE,27.41131,True,PASS,False,NONE,27.41131,True,0,,100,HEALTHY
sht30_temperature_v02,0,309,310137,SHT30,temperature_C,BASELINE,27.39796,True,PASS,False,NONE,27.39796,True,0,,100,HEALTHY
sht30_temperature_v02,0,310,311137,SHT30,temperature_C,BASELINE,27.41131,True,PASS,False,NONE,27.41131,True,0,,100,HEALTHY
sht30_temperature_v02,0,311,312137,SHT30,temperature_C,BASELINE,27.42466,True,PASS,False,NONE,27.42466,True,0,,100,HEALTHY
sht30_temperature_v02,0,312,313137,SHT30,temperature_C,BASELINE,27.41131,True,PASS,False,NONE,27.41131,True,0,,100,HEALTHY
sht30_temperature_v02,0,313,314137,SHT30,temperature_C,BASELINE,27.42466,True,PASS,False,NONE,27.42466,True,0,,100,HEALTHY
sht30_temperature_v02,0,314,315137,SHT30,temperature_C,BASELINE,27.41131,True,PASS,False,NONE,27.41131,True,0,,100,HEALTHY
sht30_temperature_v02,0,315,316137,SHT30,temperature_C,BASELINE,27.41131,True,PASS,False,NONE,27.41131,True,0,,100,HEALTHY
sht30_temperature_v02,0,316,317137,SHT30,temperature_C,BASELINE,27.41131,True,PASS,False,NONE,27.41131,True,0,,100,HEALTHY
sht30_temperature_v02,0,317,318137,SHT30,temperature_C,BASELINE,27.41131,True,PASS,False,NONE,27.41131,True,0,,100,HEALTHY
sht30_temperature_v02,0,318,319137,SHT30,temperature_C,BASELINE,27.41131,True,PASS,False,NONE,27.41131,True,0,,100,HEALTHY
sht30_temperature_v02,0,319,320137,SHT30,temperature_C,BASELINE,27.42466,True,PASS,False,NONE,27.42466,True,0,,100,HEALTHY
sht30_temperature_v02,0,320,321137,SHT30,temperature_C,BASELINE,27.42466,True,PASS,False,NONE,27.42466,True,0,,100,HEALTHY
sht30_temperature_v02,0,321,322137,SHT30,temperature_C,BASELINE,27.42466,True,PASS,False,NONE,27.42466,True,0,,100,HEALTHY
sht30_temperature_v02,0,322,323137,SHT30,temperature_C,BASELINE,27.39796,True,PASS,False,NONE,27.39796,True,0,,100,HEALTHY
sht30_temperature_v02,0,323,324137,SHT30,temperature_C,BASELINE,27.42466,True,PASS,False,NONE,27.42466,True,0,,100,HEALTHY
sht30_temperature_v02,0,324,325137,SHT30,temperature_C,BASELINE,27.42466,True,PASS,False,NONE,27.42466,True,0,,100,HEALTHY
sht30_temperature_v02,0,325,326137,SHT30,temperature_C,BASELINE,27.42466,True,PASS,False,NONE,27.42466,True,0,,100,HEALTHY
sht30_temperature_v02,0,326,327137,SHT30,temperature_C,BASELINE,27.39796,True,PASS,False,NONE,27.39796,True,0,,100,HEALTHY
sht30_temperature_v02,0,327,328137,SHT30,temperature_C,BASELINE,27.41131,True,PASS,False,NONE,27.41131,True,0,,100,HEALTHY
sht30_temperature_v02,0,328,329137,SHT30,temperature_C,BASELINE,27.41131,True,PASS,False,NONE,27.41131,True,0,,100,HEALTHY
sht30_temperature_v02,0,329,330137,SHT30,temperature_C,BASELINE,27.43801,True,PASS,False,NONE,27.43801,True,0,,100,HEALTHY
sht30_temperature_v02,0,330,331137,SHT30,temperature_C,BASELINE,27.41131,True,PASS,False,NONE,27.41131,True,0,,100,HEALTHY
sht30_temperature_v02,0,331,332137,SHT30,temperature_C,BASELINE,27.42466,True,PASS,False,NONE,27.42466,True,0,,100,HEALTHY
sht30_temperature_v02,0,332,333137,SHT30,temperature_C,BASELINE,27.45403,True,PASS,False,NONE,27.45403,True,0,,100,HEALTHY
sht30_temperature_v02,0,333,334137,SHT30,temperature_C,BASELINE,27.41131,True,PASS,False,NONE,27.41131,True,0,,100,HEALTHY
sht30_temperature_v02,0,334,335137,SHT30,temperature_C,BASELINE,27.41131,True,PASS,False,NONE,27.41131,True,0,,100,HEALTHY
sht30_temperature_v02,0,335,336137,SHT30,temperature_C,BASELINE,27.45403,True,PASS,False,NONE,27.45403,True,0,,100,HEALTHY
sht30_temperature_v02,0,336,337137,SHT30,temperature_C,BASELINE,27.41131,True,PASS,False,NONE,27.41131,True,0,,100,HEALTHY
sht30_temperature_v02,0,337,338137,SHT30,temperature_C,BASELINE,27.42466,True,PASS,False,NONE,27.42466,True,0,,100,HEALTHY
sht30_temperature_v02,0,338,339137,SHT30,temperature_C,BASELINE,27.43801,True,PASS,False,NONE,27.43801,True,0,,100,HEALTHY
sht30_temperature_v02,0,339,340137,SHT30,temperature_C,BASELINE,27.41131,True,PASS,False,NONE,27.41131,True,0,,100,HEALTHY
sht30_temperature_v02,0,340,341137,SHT30,temperature_C,BASELINE,27.42466,True,PASS,False,NONE,27.42466,True,0,,100,HEALTHY
sht30_temperature_v02,0,341,342137,SHT30,temperature_C,BASELINE,27.42466,True,PASS,False,NONE,27.42466,True,0,,100,HEALTHY
sht30_temperature_v02,0,342,343137,SHT30,temperature_C,BASELINE,27.42466,True,PASS,False,NONE,27.42466,True,0,,100,HEALTHY
sht30_temperature_v02,0,343,344137,SHT30,temperature_C,BASELINE,27.41131,True,PASS,False,NONE,27.41131,True,0,,100,HEALTHY
sht30_temperature_v02,0,344,345137,SHT30,temperature_C,BASELINE,27.43801,True,PASS,False,NONE,27.43801,True,0,,100,HEALTHY
sht30_temperature_v02,0,345,346137,SHT30,temperature_C,BASELINE,27.42466,True,PASS,False,NONE,27.42466,True,0,,100,HEALTHY
sht30_temperature_v02,0,346,347137,SHT30,temperature_C,BASELINE,27.42466,True,PASS,False,NONE,27.42466,True,0,,100,HEALTHY
sht30_temperature_v02,0,347,348137,SHT30,temperature_C,BASELINE,27.41131,True,PASS,False,NONE,27.41131,True,0,,100,HEALTHY
sht30_temperature_v02,0,348,349137,SHT30,temperature_C,BASELINE,27.42466,True,PASS,False,NONE,27.42466,True,0,,100,HEALTHY
sht30_temperature_v02,0,349,350137,SHT30,temperature_C,BASELINE,27.42466,True,PASS,False,NONE,27.42466,True,0,,100,HEALTHY
sht30_temperature_v02,0,350,351137,SHT30,temperature_C,BASELINE,27.42466,True,PASS,False,NONE,27.42466,True,0,,100,HEALTHY
sht30_temperature_v02,0,351,352137,SHT30,temperature_C,BASELINE,27.43801,True,PASS,False,NONE,27.43801,True,0,,100,HEALTHY
sht30_temperature_v02,0,352,353137,SHT30,temperature_C,BASELINE,27.42466,True,PASS,False,NONE,27.42466,True,0,,100,HEALTHY
sht30_temperature_v02,0,353,354137,SHT30,temperature_C,BASELINE,27.42466,True,PASS,False,NONE,27.42466,True,0,,100,HEALTHY
sht30_temperature_v02,0,354,355137,SHT30,temperature_C,BASELINE,27.45403,True,PASS,False,NONE,27.45403,True,0,,100,HEALTHY
sht30_temperature_v02,0,355,356137,SHT30,temperature_C,BASELINE,27.45403,True,PASS,False,NONE,27.45403,True,0,,100,HEALTHY
sht30_temperature_v02,0,356,357137,SHT30,temperature_C,BASELINE,27.43801,True,PASS,False,NONE,27.43801,True,0,,100,HEALTHY
sht30_temperature_v02,0,357,358137,SHT30,temperature_C,BASELINE,27.39796,True,PASS,False,NONE,27.39796,True,0,,100,HEALTHY
sht30_temperature_v02,0,358,359137,SHT30,temperature_C,BASELINE,27.42466,True,PASS,False,NONE,27.42466,True,0,,100,HEALTHY
sht30_temperature_v02,0,359,360137,SHT30,temperature_C,BASELINE,27.42466,True,PASS,False,NONE,27.42466,True,0,,100,HEALTHY
sht30_temperature_v02,0,360,361137,SHT30,temperature_C,BASELINE,27.42466,True,PASS,False,NONE,27.42466,True,0,,100,HEALTHY
sht30_temperature_v02,0,361,362137,SHT30,temperature_C,BASELINE,27.41131,True,PASS,False,NONE,27.41131,True,0,,100,HEALTHY
sht30_temperature_v02,0,362,363137,SHT30,temperature_C,BASELINE,27.42466,True,PASS,False,NONE,27.42466,True,0,,100,HEALTHY
sht30_temperature_v02,0,363,364137,SHT30,temperature_C,BASELINE,27.42466,True,PASS,False,NONE,27.42466,True,0,,100,HEALTHY
sht30_temperature_v02,0,364,365137,SHT30,temperature_C,BASELINE,27.42466,True,PASS,False,NONE,27.42466,True,0,,100,HEALTHY
sht30_temperature_v02,0,365,366137,SHT30,temperature_C,BASELINE,27.42466,True,PASS,False,NONE,27.42466,True,0,,100,HEALTHY
sht30_temperature_v02,0,366,367137,SHT30,temperature_C,BASELINE,27.41131,True,PASS,False,NONE,27.41131,True,0,,100,HEALTHY
sht30_temperature_v02,0,367,368137,SHT30,temperature_C,BASELINE,27.42466,True,PASS,False,NONE,27.42466,True,0,,100,HEALTHY
sht30_temperature_v02,0,368,369137,SHT30,temperature_C,BASELINE,27.41131,True,PASS,False,NONE,27.41131,True,0,,100,HEALTHY
sht30_temperature_v02,0,369,370137,SHT30,temperature_C,BASELINE,27.43801,True,PASS,False,NONE,27.43801,True,0,,100,HEALTHY
sht30_temperature_v02,0,370,371137,SHT30,temperature_C,BASELINE,27.41131,True,PASS,False,NONE,27.41131,True,0,,100,HEALTHY
sht30_temperature_v02,0,371,372137,SHT30,temperature_C,BASELINE,27.42466,True,PASS,False,NONE,27.42466,True,0,,100,HEALTHY
sht30_temperature_v02,0,372,373137,SHT30,temperature_C,BASELINE,27.39796,True,PASS,False,NONE,27.39796,True,0,,100,HEALTHY
sht30_temperature_v02,0,373,374137,SHT30,temperature_C,BASELINE,27.39796,True,PASS,False,NONE,27.39796,True,0,,100,HEALTHY
sht30_temperature_v02,0,374,375137,SHT30,temperature_C,BASELINE,27.38194,True,PASS,False,NONE,27.38194,True,0,,100,HEALTHY
sht30_temperature_v02,0,375,376137,SHT30,temperature_C,BASELINE,27.38194,True,PASS,False,NONE,27.38194,True,0,,100,HEALTHY
sht30_temperature_v02,0,376,377137,SHT30,temperature_C,BASELINE,27.38194,True,PASS,False,NONE,27.38194,True,0,,100,HEALTHY
sht30_temperature_v02,0,377,378137,SHT30,temperature_C,BASELINE,27.38194,True,PASS,False,NONE,27.38194,True,0,,100,HEALTHY
sht30_temperature_v02,0,378,379137,SHT30,temperature_C,BASELINE,27.38194,True,PASS,False,NONE,27.38194,True,0,,100,HEALTHY
sht30_temperature_v02,0,379,380137,SHT30,temperature_C,BASELINE,27.38194,True,PASS,False,NONE,27.38194,True,0,,100,HEALTHY
sht30_temperature_v02,0,380,381137,SHT30,temperature_C,BASELINE,27.36858,True,PASS,False,NONE,27.36858,True,0,,100,HEALTHY
sht30_temperature_v02,0,381,382137,SHT30,temperature_C,BASELINE,27.38194,True,PASS,False,NONE,27.38194,True,0,,100,HEALTHY
sht30_temperature_v02,0,382,383137,SHT30,temperature_C,BASELINE,27.38194,True,PASS,False,NONE,27.38194,True,0,,100,HEALTHY
sht30_temperature_v02,0,383,384137,SHT30,temperature_C,BASELINE,27.39796,True,PASS,False,NONE,27.39796,True,0,,100,HEALTHY
sht30_temperature_v02,0,384,385137,SHT30,temperature_C,BASELINE,27.39796,True,PASS,False,NONE,27.39796,True,0,,100,HEALTHY
sht30_temperature_v02,0,385,386137,SHT30,temperature_C,BASELINE,27.38194,True,PASS,False,NONE,27.38194,True,0,,100,HEALTHY
sht30_temperature_v02,0,386,387137,SHT30,temperature_C,BASELINE,27.39796,True,PASS,False,NONE,27.39796,True,0,,100,HEALTHY
sht30_temperature_v02,0,387,388137,SHT30,temperature_C,BASELINE,27.38194,True,PASS,False,NONE,27.38194,True,0,,100,HEALTHY
sht30_temperature_v02,0,388,389137,SHT30,temperature_C,BASELINE,27.39796,True,PASS,False,NONE,27.39796,True,0,,100,HEALTHY
sht30_temperature_v02,0,389,390137,SHT30,temperature_C,BASELINE,27.39796,True,PASS,False,NONE,27.39796,True,0,,100,HEALTHY
sht30_temperature_v02,0,390,391137,SHT30,temperature_C,BASELINE,27.35523,True,PASS,False,NONE,27.35523,True,0,,100,HEALTHY
sht30_temperature_v02,0,391,392137,SHT30,temperature_C,BASELINE,27.38194,True,PASS,False,NONE,27.38194,True,0,,100,HEALTHY
sht30_temperature_v02,0,392,393137,SHT30,temperature_C,BASELINE,27.38194,True,PASS,False,NONE,27.38194,True,0,,100,HEALTHY
sht30_temperature_v02,0,393,394137,SHT30,temperature_C,BASELINE,27.39796,True,PASS,False,NONE,27.39796,True,0,,100,HEALTHY
sht30_temperature_v02,0,394,395137,SHT30,temperature_C,BASELINE,27.38194,True,PASS,False,NONE,27.38194,True,0,,100,HEALTHY
sht30_temperature_v02,0,395,396137,SHT30,temperature_C,BASELINE,27.41131,True,PASS,False,NONE,27.41131,True,0,,100,HEALTHY
sht30_temperature_v02,0,396,397137,SHT30,temperature_C,BASELINE,27.39796,True,PASS,False,NONE,27.39796,True,0,,100,HEALTHY
sht30_temperature_v02,0,397,398137,SHT30,temperature_C,BASELINE,27.41131,True,PASS,False,NONE,27.41131,True,0,,100,HEALTHY
sht30_temperature_v02,0,398,399137,SHT30,temperature_C,BASELINE,27.39796,True,PASS,False,NONE,27.39796,True,0,,100,HEALTHY
sht30_temperature_v02,0,399,400137,SHT30,temperature_C,BASELINE,27.38194,True,PASS,False,NONE,27.38194,True,0,,100,HEALTHY
sht30_temperature_v02,0,400,401137,SHT30,temperature_C,BASELINE,27.39796,True,PASS,False,NONE,27.39796,True,0,,100,HEALTHY
sht30_temperature_v02,0,401,402137,SHT30,temperature_C,BASELINE,27.38194,True,PASS,False,NONE,27.38194,True,0,,100,HEALTHY
sht30_temperature_v02,0,402,403137,SHT30,temperature_C,BASELINE,27.39796,True,PASS,False,NONE,27.39796,True,0,,100,HEALTHY
sht30_temperature_v02,0,403,404137,SHT30,temperature_C,BASELINE,27.38194,True,PASS,False,NONE,27.38194,True,0,,100,HEALTHY
sht30_temperature_v02,0,404,405137,SHT30,temperature_C,BASELINE,27.38194,True,PASS,False,NONE,27.38194,True,0,,100,HEALTHY
sht30_temperature_v02,0,405,406137,SHT30,temperature_C,BASELINE,27.38194,True,PASS,False,NONE,27.38194,True,0,,100,HEALTHY
sht30_temperature_v02,0,406,407137,SHT30,temperature_C,BASELINE,27.38194,True,PASS,False,NONE,27.38194,True,0,,100,HEALTHY
sht30_temperature_v02,0,407,408137,SHT30,temperature_C,BASELINE,27.38194,True,PASS,False,NONE,27.38194,True,0,,100,HEALTHY
sht30_temperature_v02,0,408,409137,SHT30,temperature_C,BASELINE,27.38194,True,PASS,False,NONE,27.38194,True,0,,100,HEALTHY
sht30_temperature_v02,0,409,410137,SHT30,temperature_C,BASELINE,27.36858,True,PASS,False,NONE,27.36858,True,0,,100,HEALTHY
sht30_temperature_v02,0,410,411137,SHT30,temperature_C,BASELINE,27.38194,True,PASS,False,NONE,27.38194,True,0,,100,HEALTHY
sht30_temperature_v02,0,411,412137,SHT30,temperature_C,BASELINE,27.38194,True,PASS,False,NONE,27.38194,True,0,,100,HEALTHY
sht30_temperature_v02,0,412,413137,SHT30,temperature_C,BASELINE,27.39796,True,PASS,False,NONE,27.39796,True,0,,100,HEALTHY
sht30_temperature_v02,0,413,414137,SHT30,temperature_C,BASELINE,27.38194,True,PASS,False,NONE,27.38194,True,0,,100,HEALTHY
sht30_temperature_v02,0,414,415137,SHT30,temperature_C,BASELINE,27.36858,True,PASS,False,NONE,27.36858,True,0,,100,HEALTHY
sht30_temperature_v02,0,415,416137,SHT30,temperature_C,BASELINE,27.38194,True,PASS,False,NONE,27.38194,True,0,,100,HEALTHY
sht30_temperature_v02,0,416,417137,SHT30,temperature_C,BASELINE,27.39796,True,PASS,False,NONE,27.39796,True,0,,100,HEALTHY
sht30_temperature_v02,0,417,418137,SHT30,temperature_C,BASELINE,27.39796,True,PASS,False,NONE,27.39796,True,0,,100,HEALTHY
sht30_temperature_v02,0,418,419137,SHT30,temperature_C,BASELINE,27.39796,True,PASS,False,NONE,27.39796,True,0,,100,HEALTHY
sht30_temperature_v02,0,419,420137,SHT30,temperature_C,BASELINE,27.39796,True,PASS,False,NONE,27.39796,True,0,,100,HEALTHY
sht30_temperature_v02,0,420,421137,SHT30,temperature_C,BASELINE,27.41131,True,PASS,False,NONE,27.41131,True,0,,100,HEALTHY
sht30_temperature_v02,0,421,422137,SHT30,temperature_C,BASELINE,27.39796,True,PASS,False,NONE,27.39796,True,0,,100,HEALTHY
sht30_temperature_v02,0,422,423137,SHT30,temperature_C,BASELINE,27.38194,True,PASS,False,NONE,27.38194,True,0,,100,HEALTHY
sht30_temperature_v02,0,423,424137,SHT30,temperature_C,BASELINE,27.39796,True,PASS,False,NONE,27.39796,True,0,,100,HEALTHY
sht30_temperature_v02,0,424,425137,SHT30,temperature_C,BASELINE,27.39796,True,PASS,False,NONE,27.39796,True,0,,100,HEALTHY
sht30_temperature_v02,0,425,426137,SHT30,temperature_C,BASELINE,27.41131,True,PASS,False,NONE,27.41131,True,0,,100,HEALTHY
sht30_temperature_v02,0,426,427137,SHT30,temperature_C,BASELINE,27.39796,True,PASS,False,NONE,27.39796,True,0,,100,HEALTHY
sht30_temperature_v02,0,427,428137,SHT30,temperature_C,BASELINE,27.39796,True,PASS,False,NONE,27.39796,True,0,,100,HEALTHY
sht30_temperature_v02,0,428,429137,SHT30,temperature_C,BASELINE,27.39796,True,PASS,False,NONE,27.39796,True,0,,100,HEALTHY
sht30_temperature_v02,0,429,430137,SHT30,temperature_C,BASELINE,27.41131,True,PASS,False,NONE,27.41131,True,0,,100,HEALTHY
sht30_temperature_v02,0,430,431137,SHT30,temperature_C,BASELINE,27.42466,True,PASS,False,NONE,27.42466,True,0,,100,HEALTHY
sht30_temperature_v02,0,431,432137,SHT30,temperature_C,BASELINE,27.39796,True,PASS,False,NONE,27.39796,True,0,,100,HEALTHY
sht30_temperature_v02,0,432,433137,SHT30,temperature_C,BASELINE,27.41131,True,PASS,False,NONE,27.41131,True,0,,100,HEALTHY
sht30_temperature_v02,0,433,434137,SHT30,temperature_C,BASELINE,27.41131,True,PASS,False,NONE,27.41131,True,0,,100,HEALTHY
sht30_temperature_v02,0,434,435137,SHT30,temperature_C,BASELINE,27.41131,True,PASS,False,NONE,27.41131,True,0,,100,HEALTHY
sht30_temperature_v02,0,435,436137,SHT30,temperature_C,BASELINE,27.39796,True,PASS,False,NONE,27.39796,True,0,,100,HEALTHY
sht30_temperature_v02,0,436,437137,SHT30,temperature_C,BASELINE,27.41131,True,PASS,False,NONE,27.41131,True,0,,100,HEALTHY
sht30_temperature_v02,0,437,438137,SHT30,temperature_C,BASELINE,27.42466,True,PASS,False,NONE,27.42466,True,0,,100,HEALTHY
sht30_temperature_v02,0,438,439137,SHT30,temperature_C,BASELINE,27.43801,True,PASS,False,NONE,27.43801,True,0,,100,HEALTHY
sht30_temperature_v02,0,439,440137,SHT30,temperature_C,BASELINE,27.42466,True,PASS,False,NONE,27.42466,True,0,,100,HEALTHY
sht30_temperature_v02,0,440,441137,SHT30,temperature_C,BASELINE,27.41131,True,PASS,False,NONE,27.41131,True,0,,100,HEALTHY
sht30_temperature_v02,0,441,442137,SHT30,temperature_C,BASELINE,27.41131,True,PASS,False,NONE,27.41131,True,0,,100,HEALTHY
sht30_temperature_v02,0,442,443137,SHT30,temperature_C,BASELINE,27.39796,True,PASS,False,NONE,27.39796,True,0,,100,HEALTHY
sht30_temperature_v02,0,443,444137,SHT30,temperature_C,BASELINE,27.41131,True,PASS,False,NONE,27.41131,True,0,,100,HEALTHY
sht30_temperature_v02,0,444,445137,SHT30,temperature_C,BASELINE,27.39796,True,PASS,False,NONE,27.39796,True,0,,100,HEALTHY
sht30_temperature_v02,0,445,446137,SHT30,temperature_C,BASELINE,27.42466,True,PASS,False,NONE,27.42466,True,0,,100,HEALTHY
sht30_temperature_v02,0,446,447137,SHT30,temperature_C,BASELINE,27.41131,True,PASS,False,NONE,27.41131,True,0,,100,HEALTHY
sht30_temperature_v02,0,447,448137,SHT30,temperature_C,BASELINE,27.41131,True,PASS,False,NONE,27.41131,True,0,,100,HEALTHY
sht30_temperature_v02,0,448,449137,SHT30,temperature_C,BASELINE,27.42466,True,PASS,False,NONE,27.42466,True,0,,100,HEALTHY
sht30_temperature_v02,0,449,450137,SHT30,temperature_C,BASELINE,27.39796,True,PASS,False,NONE,27.39796,True,0,,100,HEALTHY
sht30_temperature_v02,0,450,451137,SHT30,temperature_C,BASELINE,27.41131,True,PASS,False,NONE,27.41131,True,0,,100,HEALTHY
sht30_temperature_v02,0,451,452137,SHT30,temperature_C,BASELINE,27.41131,True,PASS,False,NONE,27.41131,True,0,,100,HEALTHY
sht30_temperature_v02,0,452,453137,SHT30,temperature_C,BASELINE,27.39796,True,PASS,False,NONE,27.39796,True,0,,100,HEALTHY
sht30_temperature_v02,0,453,454137,SHT30,temperature_C,BASELINE,27.41131,True,PASS,False,NONE,27.41131,True,0,,100,HEALTHY
sht30_temperature_v02,0,454,455137,SHT30,temperature_C,BASELINE,27.41131,True,PASS,False,NONE,27.41131,True,0,,100,HEALTHY
sht30_temperature_v02,0,455,456137,SHT30,temperature_C,BASELINE,27.41131,True,PASS,False,NONE,27.41131,True,0,,100,HEALTHY
sht30_temperature_v02,0,456,457137,SHT30,temperature_C,BASELINE,27.38194,True,PASS,False,NONE,27.38194,True,0,,100,HEALTHY
sht30_temperature_v02,0,457,458137,SHT30,temperature_C,BASELINE,27.41131,True,PASS,False,NONE,27.41131,True,0,,100,HEALTHY
sht30_temperature_v02,0,458,459137,SHT30,temperature_C,BASELINE,27.41131,True,PASS,False,NONE,27.41131,True,0,,100,HEALTHY
sht30_temperature_v02,0,459,460137,SHT30,temperature_C,BASELINE,27.38194,True,PASS,False,NONE,27.38194,True,0,,100,HEALTHY
sht30_temperature_v02,0,460,461137,SHT30,temperature_C,BASELINE,27.38194,True,PASS,False,NONE,27.38194,True,0,,100,HEALTHY
sht30_temperature_v02,0,461,462137,SHT30,temperature_C,BASELINE,27.42466,True,PASS,False,NONE,27.42466,True,0,,100,HEALTHY
sht30_temperature_v02,0,462,463137,SHT30,temperature_C,BASELINE,27.39796,True,PASS,False,NONE,27.39796,True,0,,100,HEALTHY
sht30_temperature_v02,0,463,464137,SHT30,temperature_C,BASELINE,27.39796,True,PASS,False,NONE,27.39796,True,0,,100,HEALTHY
sht30_temperature_v02,0,464,465137,SHT30,temperature_C,BASELINE,27.41131,True,PASS,False,NONE,27.41131,True,0,,100,HEALTHY
sht30_temperature_v02,0,465,466137,SHT30,temperature_C,BASELINE,27.39796,True,PASS,False,NONE,27.39796,True,0,,100,HEALTHY
sht30_temperature_v02,0,466,467137,SHT30,temperature_C,BASELINE,27.39796,True,PASS,False,NONE,27.39796,True,0,,100,HEALTHY
sht30_temperature_v02,0,467,468137,SHT30,temperature_C,BASELINE,27.41131,True,PASS,False,NONE,27.41131,True,0,,100,HEALTHY
sht30_temperature_v02,0,468,469137,SHT30,temperature_C,BASELINE,27.38194,True,PASS,False,NONE,27.38194,True,0,,100,HEALTHY
sht30_temperature_v02,0,469,470137,SHT30,temperature_C,BASELINE,27.36858,True,PASS,False,NONE,27.36858,True,0,,100,HEALTHY
sht30_temperature_v02,0,470,471137,SHT30,temperature_C,BASELINE,27.41131,True,PASS,False,NONE,27.41131,True,0,,100,HEALTHY
sht30_temperature_v02,0,471,472137,SHT30,temperature_C,BASELINE,27.39796,True,PASS,False,NONE,27.39796,True,0,,100,HEALTHY
sht30_temperature_v02,0,472,473137,SHT30,temperature_C,BASELINE,27.39796,True,PASS,False,NONE,27.39796,True,0,,100,HEALTHY
sht30_temperature_v02,0,473,474137,SHT30,temperature_C,BASELINE,27.39796,True,PASS,False,NONE,27.39796,True,0,,100,HEALTHY
sht30_temperature_v02,0,474,475137,SHT30,temperature_C,BASELINE,27.41131,True,PASS,False,NONE,27.41131,True,0,,100,HEALTHY
sht30_temperature_v02,0,475,476137,SHT30,temperature_C,BASELINE,27.41131,True,PASS,False,NONE,27.41131,True,0,,100,HEALTHY
sht30_temperature_v02,0,476,477137,SHT30,temperature_C,BASELINE,27.38194,True,PASS,False,NONE,27.38194,True,0,,100,HEALTHY
sht30_temperature_v02,0,477,478137,SHT30,temperature_C,BASELINE,27.38194,True,PASS,False,NONE,27.38194,True,0,,100,HEALTHY
sht30_temperature_v02,0,478,479137,SHT30,temperature_C,BASELINE,27.38194,True,PASS,False,NONE,27.38194,True,0,,100,HEALTHY
sht30_temperature_v02,0,479,480137,SHT30,temperature_C,BASELINE,27.41131,True,PASS,False,NONE,27.41131,True,0,,100,HEALTHY
sht30_temperature_v02,0,480,481137,SHT30,temperature_C,BASELINE,27.41131,True,PASS,False,NONE,27.41131,True,0,,100,HEALTHY
sht30_temperature_v02,0,481,482137,SHT30,temperature_C,BASELINE,27.39796,True,PASS,False,NONE,27.39796,True,0,,100,HEALTHY
sht30_temperature_v02,0,482,483137,SHT30,temperature_C,BASELINE,27.41131,True,PASS,False,NONE,27.41131,True,0,,100,HEALTHY
sht30_temperature_v02,0,483,484137,SHT30,temperature_C,BASELINE,27.41131,True,PASS,False,NONE,27.41131,True,0,,100,HEALTHY
sht30_temperature_v02,0,484,485137,SHT30,temperature_C,BASELINE,27.42466,True,PASS,False,NONE,27.42466,True,0,,100,HEALTHY
sht30_temperature_v02,0,485,486137,SHT30,temperature_C,BASELINE,27.39796,True,PASS,False,NONE,27.39796,True,0,,100,HEALTHY
sht30_temperature_v02,0,486,487137,SHT30,temperature_C,BASELINE,27.39796,True,PASS,False,NONE,27.39796,True,0,,100,HEALTHY
sht30_temperature_v02,0,487,488137,SHT30,temperature_C,BASELINE,27.41131,True,PASS,False,NONE,27.41131,True,0,,100,HEALTHY
sht30_temperature_v02,0,488,489137,SHT30,temperature_C,BASELINE,27.42466,True,PASS,False,NONE,27.42466,True,0,,100,HEALTHY
sht30_temperature_v02,0,489,490137,SHT30,temperature_C,BASELINE,27.42466,True,PASS,False,NONE,27.42466,True,0,,100,HEALTHY
sht30_temperature_v02,0,490,491137,SHT30,temperature_C,BASELINE,27.43801,True,PASS,False,NONE,27.43801,True,0,,100,HEALTHY
sht30_temperature_v02,0,491,492137,SHT30,temperature_C,BASELINE,27.41131,True,PASS,False,NONE,27.41131,True,0,,100,HEALTHY
sht30_temperature_v02,0,492,493137,SHT30,temperature_C,BASELINE,27.41131,True,PASS,False,NONE,27.41131,True,0,,100,HEALTHY
sht30_temperature_v02,0,493,494137,SHT30,temperature_C,BASELINE,27.42466,True,PASS,False,NONE,27.42466,True,0,,100,HEALTHY
sht30_temperature_v02,0,494,495137,SHT30,temperature_C,BASELINE,27.42466,True,PASS,False,NONE,27.42466,True,0,,100,HEALTHY
sht30_temperature_v02,0,495,496137,SHT30,temperature_C,BASELINE,27.43801,True,PASS,False,NONE,27.43801,True,0,,100,HEALTHY
sht30_temperature_v02,0,496,497137,SHT30,temperature_C,BASELINE,27.42466,True,PASS,False,NONE,27.42466,True,0,,100,HEALTHY
sht30_temperature_v02,0,497,498137,SHT30,temperature_C,BASELINE,27.43801,True,PASS,False,NONE,27.43801,True,0,,100,HEALTHY
sht30_temperature_v02,0,498,499137,SHT30,temperature_C,BASELINE,27.42466,True,PASS,False,NONE,27.42466,True,0,,100,HEALTHY
sht30_temperature_v02,0,499,500137,SHT30,temperature_C,BASELINE,27.41131,True,PASS,False,NONE,27.41131,True,0,,100,HEALTHY
sht30_temperature_v02,0,500,501137,SHT30,temperature_C,BASELINE,27.43801,True,PASS,False,NONE,27.43801,True,0,,100,HEALTHY
sht30_temperature_v02,0,501,502137,SHT30,temperature_C,BASELINE,27.42466,True,PASS,False,NONE,27.42466,True,0,,100,HEALTHY
sht30_temperature_v02,0,502,503137,SHT30,temperature_C,BASELINE,27.41131,True,PASS,False,NONE,27.41131,True,0,,100,HEALTHY
sht30_temperature_v02,0,503,504137,SHT30,temperature_C,BASELINE,27.42466,True,PASS,False,NONE,27.42466,True,0,,100,HEALTHY
sht30_temperature_v02,0,504,505137,SHT30,temperature_C,BASELINE,27.45403,True,PASS,False,NONE,27.45403,True,0,,100,HEALTHY
sht30_temperature_v02,0,505,506137,SHT30,temperature_C,BASELINE,27.45403,True,PASS,False,NONE,27.45403,True,0,,100,HEALTHY
sht30_temperature_v02,0,506,507137,SHT30,temperature_C,BASELINE,27.45403,True,PASS,False,NONE,27.45403,True,0,,100,HEALTHY
sht30_temperature_v02,0,507,508137,SHT30,temperature_C,BASELINE,27.43801,True,PASS,False,NONE,27.43801,True,0,,100,HEALTHY
sht30_temperature_v02,0,508,509137,SHT30,temperature_C,BASELINE,27.42466,True,PASS,False,NONE,27.42466,True,0,,100,HEALTHY
sht30_temperature_v02,0,509,510137,SHT30,temperature_C,BASELINE,27.42466,True,PASS,False,NONE,27.42466,True,0,,100,HEALTHY
sht30_temperature_v02,0,510,511137,SHT30,temperature_C,BASELINE,27.42466,True,PASS,False,NONE,27.42466,True,0,,100,HEALTHY
sht30_temperature_v02,0,511,512137,SHT30,temperature_C,BASELINE,27.43801,True,PASS,False,NONE,27.43801,True,0,,100,HEALTHY
sht30_temperature_v02,0,512,513137,SHT30,temperature_C,BASELINE,27.43801,True,PASS,False,NONE,27.43801,True,0,,100,HEALTHY
sht30_temperature_v02,0,513,514137,SHT30,temperature_C,BASELINE,27.42466,True,PASS,False,NONE,27.42466,True,0,,100,HEALTHY
sht30_temperature_v02,0,514,515137,SHT30,temperature_C,BASELINE,27.42466,True,PASS,False,NONE,27.42466,True,0,,100,HEALTHY
sht30_temperature_v02,0,515,516137,SHT30,temperature_C,BASELINE,27.42466,True,PASS,False,NONE,27.42466,True,0,,100,HEALTHY
sht30_temperature_v02,0,516,517137,SHT30,temperature_C,BASELINE,27.42466,True,PASS,False,NONE,27.42466,True,0,,100,HEALTHY
sht30_temperature_v02,0,517,518137,SHT30,temperature_C,BASELINE,27.43801,True,PASS,False,NONE,27.43801,True,0,,100,HEALTHY
sht30_temperature_v02,0,518,519137,SHT30,temperature_C,BASELINE,27.43801,True,PASS,False,NONE,27.43801,True,0,,100,HEALTHY
sht30_temperature_v02,0,519,520137,SHT30,temperature_C,BASELINE,27.42466,True,PASS,False,NONE,27.42466,True,0,,100,HEALTHY
sht30_temperature_v02,0,520,521137,SHT30,temperature_C,BASELINE,27.42466,True,PASS,False,NONE,27.42466,True,0,,100,HEALTHY
sht30_temperature_v02,0,521,522137,SHT30,temperature_C,BASELINE,27.43801,True,PASS,False,NONE,27.43801,True,0,,100,HEALTHY
sht30_temperature_v02,0,522,523137,SHT30,temperature_C,BASELINE,27.45403,True,PASS,False,NONE,27.45403,True,0,,100,HEALTHY
sht30_temperature_v02,0,523,524137,SHT30,temperature_C,BASELINE,27.43801,True,PASS,False,NONE,27.43801,True,0,,100,HEALTHY
sht30_temperature_v02,0,524,525137,SHT30,temperature_C,BASELINE,27.42466,True,PASS,False,NONE,27.42466,True,0,,100,HEALTHY
sht30_temperature_v02,0,525,526137,SHT30,temperature_C,BASELINE,27.41131,True,PASS,False,NONE,27.41131,True,0,,100,HEALTHY
sht30_temperature_v02,0,526,527137,SHT30,temperature_C,BASELINE,27.42466,True,PASS,False,NONE,27.42466,True,0,,100,HEALTHY
sht30_temperature_v02,0,527,528137,SHT30,temperature_C,BASELINE,27.43801,True,PASS,False,NONE,27.43801,True,0,,100,HEALTHY
sht30_temperature_v02,0,528,529137,SHT30,temperature_C,BASELINE,27.42466,True,PASS,False,NONE,27.42466,True,0,,100,HEALTHY
sht30_temperature_v02,0,529,530137,SHT30,temperature_C,BASELINE,27.43801,True,PASS,False,NONE,27.43801,True,0,,100,HEALTHY
sht30_temperature_v02,0,530,531137,SHT30,temperature_C,BASELINE,27.43801,True,PASS,False,NONE,27.43801,True,0,,100,HEALTHY
sht30_temperature_v02,0,531,532137,SHT30,temperature_C,BASELINE,27.41131,True,PASS,False,NONE,27.41131,True,0,,100,HEALTHY
sht30_temperature_v02,0,532,533137,SHT30,temperature_C,BASELINE,27.43801,True,PASS,False,NONE,27.43801,True,0,,100,HEALTHY
sht30_temperature_v02,0,533,534137,SHT30,temperature_C,BASELINE,27.42466,True,PASS,False,NONE,27.42466,True,0,,100,HEALTHY
sht30_temperature_v02,0,534,535137,SHT30,temperature_C,BASELINE,27.42466,True,PASS,False,NONE,27.42466,True,0,,100,HEALTHY
sht30_temperature_v02,0,535,536137,SHT30,temperature_C,BASELINE,27.43801,True,PASS,False,NONE,27.43801,True,0,,100,HEALTHY
sht30_temperature_v02,0,536,537137,SHT30,temperature_C,BASELINE,27.45403,True,PASS,False,NONE,27.45403,True,0,,100,HEALTHY
sht30_temperature_v02,0,537,538137,SHT30,temperature_C,BASELINE,27.42466,True,PASS,False,NONE,27.42466,True,0,,100,HEALTHY
sht30_temperature_v02,0,538,539137,SHT30,temperature_C,BASELINE,27.42466,True,PASS,False,NONE,27.42466,True,0,,100,HEALTHY
sht30_temperature_v02,0,539,540137,SHT30,temperature_C,BASELINE,27.42466,True,PASS,False,NONE,27.42466,True,0,,100,HEALTHY
sht30_temperature_v02,0,540,541137,SHT30,temperature_C,BASELINE,27.43801,True,PASS,False,NONE,27.43801,True,0,,100,HEALTHY
sht30_temperature_v02,0,541,542137,SHT30,temperature_C,BASELINE,27.42466,True,PASS,False,NONE,27.42466,True,0,,100,HEALTHY
sht30_temperature_v02,0,542,543137,SHT30,temperature_C,BASELINE,27.42466,True,PASS,False,NONE,27.42466,True,0,,100,HEALTHY
sht30_temperature_v02,0,543,544137,SHT30,temperature_C,BASELINE,27.42466,True,PASS,False,NONE,27.42466,True,0,,100,HEALTHY
sht30_temperature_v02,0,544,545137,SHT30,temperature_C,BASELINE,27.41131,True,PASS,False,NONE,27.41131,True,0,,100,HEALTHY
sht30_temperature_v02,0,545,546137,SHT30,temperature_C,BASELINE,27.41131,True,PASS,False,NONE,27.41131,True,0,,100,HEALTHY
sht30_temperature_v02,0,546,547137,SHT30,temperature_C,BASELINE,27.43801,True,PASS,False,NONE,27.43801,True,0,,100,HEALTHY
sht30_temperature_v02,0,547,548137,SHT30,temperature_C,BASELINE,27.43801,True,PASS,False,NONE,27.43801,True,0,,100,HEALTHY
sht30_temperature_v02,0,548,549137,SHT30,temperature_C,BASELINE,27.42466,True,PASS,False,NONE,27.42466,True,0,,100,HEALTHY
sht30_temperature_v02,0,549,550137,SHT30,temperature_C,BASELINE,27.43801,True,PASS,False,NONE,27.43801,True,0,,100,HEALTHY
sht30_temperature_v02,0,550,551137,SHT30,temperature_C,BASELINE,27.42466,True,PASS,False,NONE,27.42466,True,0,,100,HEALTHY
sht30_temperature_v02,0,551,552137,SHT30,temperature_C,BASELINE,27.42466,True,PASS,False,NONE,27.42466,True,0,,100,HEALTHY
sht30_temperature_v02,0,552,553137,SHT30,temperature_C,BASELINE,27.42466,True,PASS,False,NONE,27.42466,True,0,,100,HEALTHY
sht30_temperature_v02,0,553,554137,SHT30,temperature_C,BASELINE,27.43801,True,PASS,False,NONE,27.43801,True,0,,100,HEALTHY
sht30_temperature_v02,0,554,555137,SHT30,temperature_C,BASELINE,27.45403,True,PASS,False,NONE,27.45403,True,0,,100,HEALTHY
sht30_temperature_v02,0,555,556137,SHT30,temperature_C,BASELINE,27.42466,True,PASS,False,NONE,27.42466,True,0,,100,HEALTHY
sht30_temperature_v02,0,556,557137,SHT30,temperature_C,BASELINE,27.43801,True,PASS,False,NONE,27.43801,True,0,,100,HEALTHY
sht30_temperature_v02,0,557,558137,SHT30,temperature_C,BASELINE,27.42466,True,PASS,False,NONE,27.42466,True,0,,100,HEALTHY
sht30_temperature_v02,0,558,559137,SHT30,temperature_C,BASELINE,27.43801,True,PASS,False,NONE,27.43801,True,0,,100,HEALTHY
sht30_temperature_v02,0,559,560137,SHT30,temperature_C,BASELINE,27.42466,True,PASS,False,NONE,27.42466,True,0,,100,HEALTHY
sht30_temperature_v02,0,560,561137,SHT30,temperature_C,BASELINE,27.41131,True,PASS,False,NONE,27.41131,True,0,,100,HEALTHY
sht30_temperature_v02,0,561,562137,SHT30,temperature_C,BASELINE,27.42466,True,PASS,False,NONE,27.42466,True,0,,100,HEALTHY
sht30_temperature_v02,0,562,563137,SHT30,temperature_C,BASELINE,27.42466,True,PASS,False,NONE,27.42466,True,0,,100,HEALTHY
sht30_temperature_v02,0,563,564137,SHT30,temperature_C,BASELINE,27.41131,True,PASS,False,NONE,27.41131,True,0,,100,HEALTHY
sht30_temperature_v02,0,564,565137,SHT30,temperature_C,BASELINE,27.42466,True,PASS,False,NONE,27.42466,True,0,,100,HEALTHY
sht30_temperature_v02,0,565,566137,SHT30,temperature_C,BASELINE,27.43801,True,PASS,False,NONE,27.43801,True,0,,100,HEALTHY
sht30_temperature_v02,0,566,567137,SHT30,temperature_C,BASELINE,27.42466,True,PASS,False,NONE,27.42466,True,0,,100,HEALTHY
sht30_temperature_v02,0,567,568137,SHT30,temperature_C,BASELINE,27.42466,True,PASS,False,NONE,27.42466,True,0,,100,HEALTHY
sht30_temperature_v02,0,568,569137,SHT30,temperature_C,BASELINE,27.41131,True,PASS,False,NONE,27.41131,True,0,,100,HEALTHY
sht30_temperature_v02,0,569,570137,SHT30,temperature_C,BASELINE,27.41131,True,PASS,False,NONE,27.41131,True,0,,100,HEALTHY
sht30_temperature_v02,0,570,571137,SHT30,temperature_C,BASELINE,27.42466,True,PASS,False,NONE,27.42466,True,0,,100,HEALTHY
sht30_temperature_v02,0,571,572137,SHT30,temperature_C,BASELINE,27.42466,True,PASS,False,NONE,27.42466,True,0,,100,HEALTHY
sht30_temperature_v02,0,572,573137,SHT30,temperature_C,BASELINE,27.41131,True,PASS,False,NONE,27.41131,True,0,,100,HEALTHY
sht30_temperature_v02,0,573,574137,SHT30,temperature_C,BASELINE,27.42466,True,PASS,False,NONE,27.42466,True,0,,100,HEALTHY
sht30_temperature_v02,0,574,575137,SHT30,temperature_C,BASELINE,27.43801,True,PASS,False,NONE,27.43801,True,0,,100,HEALTHY
sht30_temperature_v02,0,575,576137,SHT30,temperature_C,BASELINE,27.43801,True,PASS,False,NONE,27.43801,True,0,,100,HEALTHY
sht30_temperature_v02,0,576,577137,SHT30,temperature_C,BASELINE,27.42466,True,PASS,False,NONE,27.42466,True,0,,100,HEALTHY
sht30_temperature_v02,0,577,578137,SHT30,temperature_C,BASELINE,27.41131,True,PASS,False,NONE,27.41131,True,0,,100,HEALTHY
sht30_temperature_v02,0,578,579137,SHT30,temperature_C,BASELINE,27.42466,True,PASS,False,NONE,27.42466,True,0,,100,HEALTHY
sht30_temperature_v02,0,579,580137,SHT30,temperature_C,BASELINE,27.43801,True,PASS,False,NONE,27.43801,True,0,,100,HEALTHY
sht30_temperature_v02,0,580,581137,SHT30,temperature_C,BASELINE,27.42466,True,PASS,False,NONE,27.42466,True,0,,100,HEALTHY
sht30_temperature_v02,0,581,582137,SHT30,temperature_C,BASELINE,27.42466,True,PASS,False,NONE,27.42466,True,0,,100,HEALTHY
sht30_temperature_v02,0,582,583137,SHT30,temperature_C,BASELINE,27.42466,True,PASS,False,NONE,27.42466,True,0,,100,HEALTHY
sht30_temperature_v02,0,583,584137,SHT30,temperature_C,BASELINE,27.42466,True,PASS,False,NONE,27.42466,True,0,,100,HEALTHY
sht30_temperature_v02,0,584,585137,SHT30,temperature_C,BASELINE,27.43801,True,PASS,False,NONE,27.43801,True,0,,100,HEALTHY
sht30_temperature_v02,0,585,586137,SHT30,temperature_C,BASELINE,27.43801,True,PASS,False,NONE,27.43801,True,0,,100,HEALTHY
sht30_temperature_v02,0,586,587137,SHT30,temperature_C,BASELINE,27.43801,True,PASS,False,NONE,27.43801,True,0,,100,HEALTHY
sht30_temperature_v02,0,587,588137,SHT30,temperature_C,BASELINE,27.42466,True,PASS,False,NONE,27.42466,True,0,,100,HEALTHY
sht30_temperature_v02,0,588,589137,SHT30,temperature_C,BASELINE,27.45403,True,PASS,False,NONE,27.45403,True,0,,100,HEALTHY
sht30_temperature_v02,0,589,590137,SHT30,temperature_C,BASELINE,27.42466,True,PASS,False,NONE,27.42466,True,0,,100,HEALTHY
sht30_temperature_v02,0,590,591137,SHT30,temperature_C,BASELINE,27.42466,True,PASS,False,NONE,27.42466,True,0,,100,HEALTHY
sht30_temperature_v02,0,591,592137,SHT30,temperature_C,BASELINE,27.42466,True,PASS,False,NONE,27.42466,True,0,,100,HEALTHY
sht30_temperature_v02,0,592,593137,SHT30,temperature_C,BASELINE,27.41131,True,PASS,False,NONE,27.41131,True,0,,100,HEALTHY
sht30_temperature_v02,0,593,594137,SHT30,temperature_C,BASELINE,27.41131,True,PASS,False,NONE,27.41131,True,0,,100,HEALTHY
sht30_temperature_v02,0,594,595137,SHT30,temperature_C,BASELINE,27.41131,True,PASS,False,NONE,27.41131,True,0,,100,HEALTHY
sht30_temperature_v02,0,595,596137,SHT30,temperature_C,BASELINE,27.41131,True,PASS,False,NONE,27.41131,True,0,,100,HEALTHY
sht30_temperature_v02,0,596,597137,SHT30,temperature_C,BASELINE,27.41131,True,PASS,False,NONE,27.41131,True,0,,100,HEALTHY
sht30_temperature_v02,0,597,598137,SHT30,temperature_C,BASELINE,27.41131,True,PASS,False,NONE,27.41131,True,0,,100,HEALTHY
sht30_temperature_v02,0,598,599137,SHT30,temperature_C,BASELINE,27.41131,True,PASS,False,NONE,27.41131,True,0,,100,HEALTHY
sht30_temperature_v02,0,599,600137,SHT30,temperature_C,BASELINE,27.42466,True,PASS,False,NONE,27.42466,True,0,,100,HEALTHY
sht30_temperature_v02,0,600,601137,SHT30,temperature_C,BASELINE,27.43801,True,PASS,False,NONE,27.43801,True,0,,100,HEALTHY
sht30_temperature_v02,0,601,602137,SHT30,temperature_C,BASELINE,27.42466,True,PASS,False,NONE,27.42466,True,0,,100,HEALTHY
sht30_temperature_v02,0,602,603137,SHT30,temperature_C,BASELINE,27.43801,True,PASS,False,NONE,27.43801,True,0,,100,HEALTHY
sht30_temperature_v02,0,603,604137,SHT30,temperature_C,BASELINE,27.42466,True,PASS,False,NONE,27.42466,True,0,,100,HEALTHY
sht30_temperature_v02,0,604,605137,SHT30,temperature_C,BASELINE,27.45403,True,PASS,False,NONE,27.45403,True,0,,100,HEALTHY
sht30_temperature_v02,0,605,606137,SHT30,temperature_C,BASELINE,27.45403,True,PASS,False,NONE,27.45403,True,0,,100,HEALTHY
sht30_temperature_v02,0,606,607137,SHT30,temperature_C,BASELINE,27.43801,True,PASS,False,NONE,27.43801,True,0,,100,HEALTHY
sht30_temperature_v02,0,607,608137,SHT30,temperature_C,BASELINE,27.43801,True,PASS,False,NONE,27.43801,True,0,,100,HEALTHY
sht30_temperature_v02,0,608,609137,SHT30,temperature_C,BASELINE,27.41131,True,PASS,False,NONE,27.41131,True,0,,100,HEALTHY
sht30_temperature_v02,0,609,610137,SHT30,temperature_C,BASELINE,27.43801,True,PASS,False,NONE,27.43801,True,0,,100,HEALTHY
sht30_temperature_v02,0,610,611137,SHT30,temperature_C,BASELINE,27.43801,True,PASS,False,NONE,27.43801,True,0,,100,HEALTHY
sht30_temperature_v02,0,611,612137,SHT30,temperature_C,BASELINE,27.43801,True,PASS,False,NONE,27.43801,True,0,,100,HEALTHY
sht30_temperature_v02,0,612,613137,SHT30,temperature_C,BASELINE,27.43801,True,PASS,False,NONE,27.43801,True,0,,100,HEALTHY
sht30_temperature_v02,0,613,614137,SHT30,temperature_C,BASELINE,27.42466,True,PASS,False,NONE,27.42466,True,0,,100,HEALTHY
sht30_temperature_v02,0,614,615137,SHT30,temperature_C,BASELINE,27.45403,True,PASS,False,NONE,27.45403,True,0,,100,HEALTHY
sht30_temperature_v02,0,615,616137,SHT30,temperature_C,BASELINE,27.43801,True,PASS,False,NONE,27.43801,True,0,,100,HEALTHY
sht30_temperature_v02,0,616,617137,SHT30,temperature_C,BASELINE,27.45403,True,PASS,False,NONE,27.45403,True,0,,100,HEALTHY
sht30_temperature_v02,0,617,618137,SHT30,temperature_C,BASELINE,27.43801,True,PASS,False,NONE,27.43801,True,0,,100,HEALTHY
sht30_temperature_v02,0,618,619137,SHT30,temperature_C,BASELINE,27.43801,True,PASS,False,NONE,27.43801,True,0,,100,HEALTHY
sht30_temperature_v02,0,619,620137,SHT30,temperature_C,BASELINE,27.46738,True,PASS,False,NONE,27.46738,True,0,,100,HEALTHY
sht30_temperature_v02,0,620,621137,SHT30,temperature_C,BASELINE,27.45403,True,PASS,False,NONE,27.45403,True,0,,100,HEALTHY
sht30_temperature_v02,0,621,622137,SHT30,temperature_C,BASELINE,27.42466,True,PASS,False,NONE,27.42466,True,0,,100,HEALTHY
sht30_temperature_v02,0,622,623137,SHT30,temperature_C,BASELINE,27.43801,True,PASS,False,NONE,27.43801,True,0,,100,HEALTHY
sht30_temperature_v02,0,623,624137,SHT30,temperature_C,BASELINE,27.43801,True,PASS,False,NONE,27.43801,True,0,,100,HEALTHY
sht30_temperature_v02,0,624,625137,SHT30,temperature_C,BASELINE,27.43801,True,PASS,False,NONE,27.43801,True,0,,100,HEALTHY
sht30_temperature_v02,0,625,626137,SHT30,temperature_C,BASELINE,27.43801,True,PASS,False,NONE,27.43801,True,0,,100,HEALTHY
sht30_temperature_v02,0,626,627137,SHT30,temperature_C,BASELINE,27.42466,True,PASS,False,NONE,27.42466,True,0,,100,HEALTHY
sht30_temperature_v02,0,627,628137,SHT30,temperature_C,BASELINE,27.43801,True,PASS,False,NONE,27.43801,True,0,,100,HEALTHY
sht30_temperature_v02,0,628,629137,SHT30,temperature_C,BASELINE,27.43801,True,PASS,False,NONE,27.43801,True,0,,100,HEALTHY
sht30_temperature_v02,0,629,630137,SHT30,temperature_C,BASELINE,27.43801,True,PASS,False,NONE,27.43801,True,0,,100,HEALTHY
sht30_temperature_v02,0,630,631137,SHT30,temperature_C,BASELINE,27.43801,True,PASS,False,NONE,27.43801,True,0,,100,HEALTHY
sht30_temperature_v02,0,631,632137,SHT30,temperature_C,BASELINE,27.43801,True,PASS,False,NONE,27.43801,True,0,,100,HEALTHY
sht30_temperature_v02,0,632,633137,SHT30,temperature_C,BASELINE,27.43801,True,PASS,False,NONE,27.43801,True,0,,100,HEALTHY
sht30_temperature_v02,0,633,634137,SHT30,temperature_C,BASELINE,27.43801,True,PASS,False,NONE,27.43801,True,0,,100,HEALTHY
sht30_temperature_v02,0,634,635137,SHT30,temperature_C,BASELINE,27.42466,True,PASS,False,NONE,27.42466,True,0,,100,HEALTHY
sht30_temperature_v02,0,635,636137,SHT30,temperature_C,BASELINE,27.42466,True,PASS,False,NONE,27.42466,True,0,,100,HEALTHY
sht30_temperature_v02,0,636,637137,SHT30,temperature_C,BASELINE,27.45403,True,PASS,False,NONE,27.45403,True,0,,100,HEALTHY
sht30_temperature_v02,0,637,638137,SHT30,temperature_C,BASELINE,27.43801,True,PASS,False,NONE,27.43801,True,0,,100,HEALTHY
sht30_temperature_v02,0,638,639137,SHT30,temperature_C,BASELINE,27.41131,True,PASS,False,NONE,27.41131,True,0,,100,HEALTHY
sht30_temperature_v02,0,639,640137,SHT30,temperature_C,BASELINE,27.42466,True,PASS,False,NONE,27.42466,True,0,,100,HEALTHY
sht30_temperature_v02,0,640,641137,SHT30,temperature_C,BASELINE,27.39796,True,PASS,False,NONE,27.39796,True,0,,100,HEALTHY
sht30_temperature_v02,0,641,642137,SHT30,temperature_C,BASELINE,27.42466,True,PASS,False,NONE,27.42466,True,0,,100,HEALTHY
sht30_temperature_v02,0,642,643137,SHT30,temperature_C,BASELINE,27.41131,True,PASS,False,NONE,27.41131,True,0,,100,HEALTHY
sht30_temperature_v02,0,643,644137,SHT30,temperature_C,BASELINE,27.39796,True,PASS,False,NONE,27.39796,True,0,,100,HEALTHY
sht30_temperature_v02,0,644,645137,SHT30,temperature_C,BASELINE,27.42466,True,PASS,False,NONE,27.42466,True,0,,100,HEALTHY
sht30_temperature_v02,0,645,646137,SHT30,temperature_C,BASELINE,27.42466,True,PASS,False,NONE,27.42466,True,0,,100,HEALTHY
sht30_temperature_v02,0,646,647137,SHT30,temperature_C,BASELINE,27.41131,True,PASS,False,NONE,27.41131,True,0,,100,HEALTHY
sht30_temperature_v02,0,647,648137,SHT30,temperature_C,BASELINE,27.42466,True,PASS,False,NONE,27.42466,True,0,,100,HEALTHY
sht30_temperature_v02,0,648,649137,SHT30,temperature_C,BASELINE,27.42466,True,PASS,False,NONE,27.42466,True,0,,100,HEALTHY
sht30_temperature_v02,0,649,650137,SHT30,temperature_C,BASELINE,27.42466,True,PASS,False,NONE,27.42466,True,0,,100,HEALTHY
sht30_temperature_v02,0,650,651137,SHT30,temperature_C,BASELINE,27.42466,True,PASS,False,NONE,27.42466,True,0,,100,HEALTHY
sht30_temperature_v02,0,651,652137,SHT30,temperature_C,BASELINE,27.41131,True,PASS,False,NONE,27.41131,True,0,,100,HEALTHY
sht30_temperature_v02,0,652,653137,SHT30,temperature_C,BASELINE,27.42466,True,PASS,False,NONE,27.42466,True,0,,100,HEALTHY
sht30_temperature_v02,0,653,654137,SHT30,temperature_C,BASELINE,27.42466,True,PASS,False,NONE,27.42466,True,0,,100,HEALTHY
sht30_temperature_v02,0,654,655137,SHT30,temperature_C,BASELINE,27.42466,True,PASS,False,NONE,27.42466,True,0,,100,HEALTHY
sht30_temperature_v02,0,655,656137,SHT30,temperature_C,BASELINE,27.43801,True,PASS,False,NONE,27.43801,True,0,,100,HEALTHY
sht30_temperature_v02,0,656,657137,SHT30,temperature_C,BASELINE,27.42466,True,PASS,False,NONE,27.42466,True,0,,100,HEALTHY
sht30_temperature_v02,0,657,658137,SHT30,temperature_C,BASELINE,27.42466,True,PASS,False,NONE,27.42466,True,0,,100,HEALTHY
sht30_temperature_v02,0,658,659137,SHT30,temperature_C,BASELINE,27.43801,True,PASS,False,NONE,27.43801,True,0,,100,HEALTHY
sht30_temperature_v02,0,659,660137,SHT30,temperature_C,BASELINE,27.43801,True,PASS,False,NONE,27.43801,True,0,,100,HEALTHY
sht30_temperature_v02,0,660,661137,SHT30,temperature_C,BASELINE,27.41131,True,PASS,False,NONE,27.41131,True,0,,100,HEALTHY
sht30_temperature_v02,0,661,662137,SHT30,temperature_C,BASELINE,27.41131,True,PASS,False,NONE,27.41131,True,0,,100,HEALTHY
sht30_temperature_v02,0,662,663137,SHT30,temperature_C,BASELINE,27.41131,True,PASS,False,NONE,27.41131,True,0,,100,HEALTHY
sht30_temperature_v02,0,663,664137,SHT30,temperature_C,BASELINE,27.41131,True,PASS,False,NONE,27.41131,True,0,,100,HEALTHY
sht30_temperature_v02,0,664,665137,SHT30,temperature_C,BASELINE,27.41131,True,PASS,False,NONE,27.41131,True,0,,100,HEALTHY
sht30_temperature_v02,0,665,666137,SHT30,temperature_C,BASELINE,27.43801,True,PASS,False,NONE,27.43801,True,0,,100,HEALTHY
sht30_temperature_v02,0,666,667137,SHT30,temperature_C,BASELINE,27.42466,True,PASS,False,NONE,27.42466,True,0,,100,HEALTHY
sht30_temperature_v02,0,667,668137,SHT30,temperature_C,BASELINE,27.42466,True,PASS,False,NONE,27.42466,True,0,,100,HEALTHY
sht30_temperature_v02,0,668,669137,SHT30,temperature_C,BASELINE,27.42466,True,PASS,False,NONE,27.42466,True,0,,100,HEALTHY
sht30_temperature_v02,0,669,670137,SHT30,temperature_C,BASELINE,27.42466,True,PASS,False,NONE,27.42466,True,0,,100,HEALTHY
sht30_temperature_v02,0,670,671137,SHT30,temperature_C,BASELINE,27.41131,True,PASS,False,NONE,27.41131,True,0,,100,HEALTHY
sht30_temperature_v02,0,671,672137,SHT30,temperature_C,BASELINE,27.43801,True,PASS,False,NONE,27.43801,True,0,,100,HEALTHY
sht30_temperature_v02,0,672,673137,SHT30,temperature_C,BASELINE,27.42466,True,PASS,False,NONE,27.42466,True,0,,100,HEALTHY
sht30_temperature_v02,0,673,674137,SHT30,temperature_C,BASELINE,27.42466,True,PASS,False,NONE,27.42466,True,0,,100,HEALTHY
sht30_temperature_v02,0,674,675137,SHT30,temperature_C,BASELINE,27.41131,True,PASS,False,NONE,27.41131,True,0,,100,HEALTHY
sht30_temperature_v02,0,675,676137,SHT30,temperature_C,BASELINE,27.43801,True,PASS,False,NONE,27.43801,True,0,,100,HEALTHY
sht30_temperature_v02,0,676,677137,SHT30,temperature_C,BASELINE,27.43801,True,PASS,False,NONE,27.43801,True,0,,100,HEALTHY
sht30_temperature_v02,0,677,678137,SHT30,temperature_C,BASELINE,27.43801,True,PASS,False,NONE,27.43801,True,0,,100,HEALTHY
sht30_temperature_v02,0,678,679137,SHT30,temperature_C,BASELINE,27.43801,True,PASS,False,NONE,27.43801,True,0,,100,HEALTHY
sht30_temperature_v02,0,679,680137,SHT30,temperature_C,BASELINE,27.43801,True,PASS,False,NONE,27.43801,True,0,,100,HEALTHY
sht30_temperature_v02,0,680,681137,SHT30,temperature_C,BASELINE,27.45403,True,PASS,False,NONE,27.45403,True,0,,100,HEALTHY
sht30_temperature_v02,0,681,682137,SHT30,temperature_C,BASELINE,27.45403,True,PASS,False,NONE,27.45403,True,0,,100,HEALTHY
sht30_temperature_v02,0,682,683137,SHT30,temperature_C,BASELINE,27.42466,True,PASS,False,NONE,27.42466,True,0,,100,HEALTHY
sht30_temperature_v02,0,683,684137,SHT30,temperature_C,BASELINE,27.42466,True,PASS,False,NONE,27.42466,True,0,,100,HEALTHY
sht30_temperature_v02,0,684,685137,SHT30,temperature_C,BASELINE,27.43801,True,PASS,False,NONE,27.43801,True,0,,100,HEALTHY
sht30_temperature_v02,0,685,686137,SHT30,temperature_C,BASELINE,27.42466,True,PASS,False,NONE,27.42466,True,0,,100,HEALTHY
sht30_temperature_v02,0,686,687137,SHT30,temperature_C,BASELINE,27.41131,True,PASS,False,NONE,27.41131,True,0,,100,HEALTHY
sht30_temperature_v02,0,687,688137,SHT30,temperature_C,BASELINE,27.43801,True,PASS,False,NONE,27.43801,True,0,,100,HEALTHY
sht30_temperature_v02,0,688,689137,SHT30,temperature_C,BASELINE,27.42466,True,PASS,False,NONE,27.42466,True,0,,100,HEALTHY
sht30_temperature_v02,0,689,690137,SHT30,temperature_C,BASELINE,27.42466,True,PASS,False,NONE,27.42466,True,0,,100,HEALTHY
sht30_temperature_v02,0,690,691137,SHT30,temperature_C,BASELINE,27.43801,True,PASS,False,NONE,27.43801,True,0,,100,HEALTHY
sht30_temperature_v02,0,691,692137,SHT30,temperature_C,BASELINE,27.45403,True,PASS,False,NONE,27.45403,True,0,,100,HEALTHY
sht30_temperature_v02,0,692,693137,SHT30,temperature_C,BASELINE,27.39796,True,PASS,False,NONE,27.39796,True,0,,100,HEALTHY
sht30_temperature_v02,0,693,694137,SHT30,temperature_C,BASELINE,27.42466,True,PASS,False,NONE,27.42466,True,0,,100,HEALTHY
sht30_temperature_v02,0,694,695137,SHT30,temperature_C,BASELINE,27.42466,True,PASS,False,NONE,27.42466,True,0,,100,HEALTHY
sht30_temperature_v02,0,695,696137,SHT30,temperature_C,BASELINE,27.42466,True,PASS,False,NONE,27.42466,True,0,,100,HEALTHY
sht30_temperature_v02,0,696,697137,SHT30,temperature_C,BASELINE,27.43801,True,PASS,False,NONE,27.43801,True,0,,100,HEALTHY
sht30_temperature_v02,0,697,698137,SHT30,temperature_C,BASELINE,27.42466,True,PASS,False,NONE,27.42466,True,0,,100,HEALTHY
sht30_temperature_v02,0,698,699137,SHT30,temperature_C,BASELINE,27.43801,True,PASS,False,NONE,27.43801,True,0,,100,HEALTHY
sht30_temperature_v02,0,699,700137,SHT30,temperature_C,BASELINE,27.43801,True,PASS,False,NONE,27.43801,True,0,,100,HEALTHY
sht30_temperature_v02,0,700,701137,SHT30,temperature_C,BASELINE,27.42466,True,PASS,False,NONE,27.42466,True,0,,100,HEALTHY
sht30_temperature_v02,0,701,702137,SHT30,temperature_C,BASELINE,27.43801,True,PASS,False,NONE,27.43801,True,0,,100,HEALTHY
sht30_temperature_v02,0,702,703137,SHT30,temperature_C,BASELINE,27.42466,True,PASS,False,NONE,27.42466,True,0,,100,HEALTHY
sht30_temperature_v02,0,703,704137,SHT30,temperature_C,BASELINE,27.42466,True,PASS,False,NONE,27.42466,True,0,,100,HEALTHY
sht30_temperature_v02,0,704,705137,SHT30,temperature_C,BASELINE,27.42466,True,PASS,False,NONE,27.42466,True,0,,100,HEALTHY
sht30_temperature_v02,0,705,706137,SHT30,temperature_C,BASELINE,27.41131,True,PASS,False,NONE,27.41131,True,0,,100,HEALTHY
sht30_temperature_v02,0,706,707137,SHT30,temperature_C,BASELINE,27.43801,True,PASS,False,NONE,27.43801,True,0,,100,HEALTHY
sht30_temperature_v02,0,707,708137,SHT30,temperature_C,BASELINE,27.39796,True,PASS,False,NONE,27.39796,True,0,,100,HEALTHY
sht30_temperature_v02,0,708,709137,SHT30,temperature_C,BASELINE,27.42466,True,PASS,False,NONE,27.42466,True,0,,100,HEALTHY
sht30_temperature_v02,0,709,710137,SHT30,temperature_C,BASELINE,27.41131,True,PASS,False,NONE,27.41131,True,0,,100,HEALTHY
sht30_temperature_v02,0,710,711137,SHT30,temperature_C,BASELINE,27.42466,True,PASS,False,NONE,27.42466,True,0,,100,HEALTHY
sht30_temperature_v02,0,711,712137,SHT30,temperature_C,BASELINE,27.41131,True,PASS,False,NONE,27.41131,True,0,,100,HEALTHY
sht30_temperature_v02,0,712,713137,SHT30,temperature_C,BASELINE,27.43801,True,PASS,False,NONE,27.43801,True,0,,100,HEALTHY
sht30_temperature_v02,0,713,714137,SHT30,temperature_C,BASELINE,27.43801,True,PASS,False,NONE,27.43801,True,0,,100,HEALTHY
sht30_temperature_v02,0,714,715137,SHT30,temperature_C,BASELINE,27.43801,True,PASS,False,NONE,27.43801,True,0,,100,HEALTHY
sht30_temperature_v02,0,715,716137,SHT30,temperature_C,BASELINE,27.43801,True,PASS,False,NONE,27.43801,True,0,,100,HEALTHY
sht30_temperature_v02,0,716,717137,SHT30,temperature_C,BASELINE,27.42466,True,PASS,False,NONE,27.42466,True,0,,100,HEALTHY
sht30_temperature_v02,0,717,718137,SHT30,temperature_C,BASELINE,27.43801,True,PASS,False,NONE,27.43801,True,0,,100,HEALTHY
sht30_temperature_v02,0,718,719137,SHT30,temperature_C,BASELINE,27.43801,True,PASS,False,NONE,27.43801,True,0,,100,HEALTHY
sht30_temperature_v02,0,719,720137,SHT30,temperature_C,BASELINE,27.43801,True,PASS,False,NONE,27.43801,True,0,,100,HEALTHY
sht30_temperature_v02,0,720,721137,SHT30,temperature_C,BASELINE,27.43801,True,PASS,False,NONE,27.43801,True,0,,100,HEALTHY
sht30_temperature_v02,0,721,722137,SHT30,temperature_C,BASELINE,27.43801,True,PASS,False,NONE,27.43801,True,0,,100,HEALTHY
sht30_temperature_v02,0,722,723137,SHT30,temperature_C,BASELINE,27.43801,True,PASS,False,NONE,27.43801,True,0,,100,HEALTHY
sht30_temperature_v02,0,723,724137,SHT30,temperature_C,BASELINE,27.41131,True,PASS,False,NONE,27.41131,True,0,,100,HEALTHY
sht30_temperature_v02,0,724,725137,SHT30,temperature_C,BASELINE,27.42466,True,PASS,False,NONE,27.42466,True,0,,100,HEALTHY
sht30_temperature_v02,0,725,726137,SHT30,temperature_C,BASELINE,27.45403,True,PASS,False,NONE,27.45403,True,0,,100,HEALTHY
sht30_temperature_v02,0,726,727137,SHT30,temperature_C,BASELINE,27.43801,True,PASS,False,NONE,27.43801,True,0,,100,HEALTHY
sht30_temperature_v02,0,727,728137,SHT30,temperature_C,BASELINE,27.42466,True,PASS,False,NONE,27.42466,True,0,,100,HEALTHY
sht30_temperature_v02,0,728,729137,SHT30,temperature_C,BASELINE,27.42466,True,PASS,False,NONE,27.42466,True,0,,100,HEALTHY
sht30_temperature_v02,0,729,730137,SHT30,temperature_C,BASELINE,27.45403,True,PASS,False,NONE,27.45403,True,0,,100,HEALTHY
sht30_temperature_v02,0,730,731137,SHT30,temperature_C,BASELINE,27.43801,True,PASS,False,NONE,27.43801,True,0,,100,HEALTHY
sht30_temperature_v02,0,731,732137,SHT30,temperature_C,BASELINE,27.45403,True,PASS,False,NONE,27.45403,True,0,,100,HEALTHY
sht30_temperature_v02,0,732,733137,SHT30,temperature_C,BASELINE,27.45403,True,PASS,False,NONE,27.45403,True,0,,100,HEALTHY
sht30_temperature_v02,0,733,734137,SHT30,temperature_C,BASELINE,27.43801,True,PASS,False,NONE,27.43801,True,0,,100,HEALTHY
sht30_temperature_v02,0,734,735137,SHT30,temperature_C,BASELINE,27.42466,True,PASS,False,NONE,27.42466,True,0,,100,HEALTHY
sht30_temperature_v02,0,735,736137,SHT30,temperature_C,BASELINE,27.43801,True,PASS,False,NONE,27.43801,True,0,,100,HEALTHY
sht30_temperature_v02,0,736,737137,SHT30,temperature_C,BASELINE,27.45403,True,PASS,False,NONE,27.45403,True,0,,100,HEALTHY
sht30_temperature_v02,0,737,738137,SHT30,temperature_C,BASELINE,27.45403,True,PASS,False,NONE,27.45403,True,0,,100,HEALTHY
sht30_temperature_v02,0,738,739137,SHT30,temperature_C,BASELINE,27.43801,True,PASS,False,NONE,27.43801,True,0,,100,HEALTHY
sht30_temperature_v02,0,739,740137,SHT30,temperature_C,BASELINE,27.43801,True,PASS,False,NONE,27.43801,True,0,,100,HEALTHY
sht30_temperature_v02,0,740,741137,SHT30,temperature_C,BASELINE,27.46738,True,PASS,False,NONE,27.46738,True,0,,100,HEALTHY
sht30_temperature_v02,0,741,742137,SHT30,temperature_C,BASELINE,27.43801,True,PASS,False,NONE,27.43801,True,0,,100,HEALTHY
sht30_temperature_v02,0,742,743137,SHT30,temperature_C,BASELINE,27.45403,True,PASS,False,NONE,27.45403,True,0,,100,HEALTHY
sht30_temperature_v02,0,743,744137,SHT30,temperature_C,BASELINE,27.45403,True,PASS,False,NONE,27.45403,True,0,,100,HEALTHY
sht30_temperature_v02,0,744,745137,SHT30,temperature_C,BASELINE,27.48074,True,PASS,False,NONE,27.48074,True,0,,100,HEALTHY
sht30_temperature_v02,0,745,746137,SHT30,temperature_C,BASELINE,27.45403,True,PASS,False,NONE,27.45403,True,0,,100,HEALTHY
sht30_temperature_v02,0,746,747137,SHT30,temperature_C,BASELINE,27.46738,True,PASS,False,NONE,27.46738,True,0,,100,HEALTHY
sht30_temperature_v02,0,747,748137,SHT30,temperature_C,BASELINE,27.46738,True,PASS,False,NONE,27.46738,True,0,,100,HEALTHY
sht30_temperature_v02,0,748,749137,SHT30,temperature_C,BASELINE,27.46738,True,PASS,False,NONE,27.46738,True,0,,100,HEALTHY
sht30_temperature_v02,0,749,750137,SHT30,temperature_C,BASELINE,27.43801,True,PASS,False,NONE,27.43801,True,0,,100,HEALTHY
sht30_temperature_v02,0,750,751137,SHT30,temperature_C,BASELINE,27.45403,True,PASS,False,NONE,27.45403,True,0,,100,HEALTHY
sht30_temperature_v02,0,751,752137,SHT30,temperature_C,BASELINE,27.45403,True,PASS,False,NONE,27.45403,True,0,,100,HEALTHY
sht30_temperature_v02,0,752,753137,SHT30,temperature_C,BASELINE,27.46738,True,PASS,False,NONE,27.46738,True,0,,100,HEALTHY
sht30_temperature_v02,0,753,754137,SHT30,temperature_C,BASELINE,27.46738,True,PASS,False,NONE,27.46738,True,0,,100,HEALTHY
sht30_temperature_v02,0,754,755137,SHT30,temperature_C,BASELINE,27.43801,True,PASS,False,NONE,27.43801,True,0,,100,HEALTHY
sht30_temperature_v02,0,755,756137,SHT30,temperature_C,BASELINE,27.45403,True,PASS,False,NONE,27.45403,True,0,,100,HEALTHY
sht30_temperature_v02,0,756,757137,SHT30,temperature_C,BASELINE,27.46738,True,PASS,False,NONE,27.46738,True,0,,100,HEALTHY
sht30_temperature_v02,0,757,758137,SHT30,temperature_C,BASELINE,27.46738,True,PASS,False,NONE,27.46738,True,0,,100,HEALTHY
sht30_temperature_v02,0,758,759137,SHT30,temperature_C,BASELINE,27.46738,True,PASS,False,NONE,27.46738,True,0,,100,HEALTHY
sht30_temperature_v02,0,759,760137,SHT30,temperature_C,BASELINE,27.46738,True,PASS,False,NONE,27.46738,True,0,,100,HEALTHY
sht30_temperature_v02,0,760,761137,SHT30,temperature_C,BASELINE,27.45403,True,PASS,False,NONE,27.45403,True,0,,100,HEALTHY
sht30_temperature_v02,0,761,762137,SHT30,temperature_C,BASELINE,27.46738,True,PASS,False,NONE,27.46738,True,0,,100,HEALTHY
sht30_temperature_v02,0,762,763137,SHT30,temperature_C,BASELINE,27.48074,True,PASS,False,NONE,27.48074,True,0,,100,HEALTHY
sht30_temperature_v02,0,763,764137,SHT30,temperature_C,BASELINE,27.46738,True,PASS,False,NONE,27.46738,True,0,,100,HEALTHY
sht30_temperature_v02,0,764,765137,SHT30,temperature_C,BASELINE,27.46738,True,PASS,False,NONE,27.46738,True,0,,100,HEALTHY
sht30_temperature_v02,0,765,766137,SHT30,temperature_C,BASELINE,27.46738,True,PASS,False,NONE,27.46738,True,0,,100,HEALTHY
sht30_temperature_v02,0,766,767137,SHT30,temperature_C,BASELINE,27.46738,True,PASS,False,NONE,27.46738,True,0,,100,HEALTHY
sht30_temperature_v02,0,767,768137,SHT30,temperature_C,BASELINE,27.46738,True,PASS,False,NONE,27.46738,True,0,,100,HEALTHY
sht30_temperature_v02,0,768,769137,SHT30,temperature_C,BASELINE,27.45403,True,PASS,False,NONE,27.45403,True,0,,100,HEALTHY
sht30_temperature_v02,0,769,770137,SHT30,temperature_C,BASELINE,27.45403,True,PASS,False,NONE,27.45403,True,0,,100,HEALTHY
sht30_temperature_v02,0,770,771137,SHT30,temperature_C,BASELINE,27.46738,True,PASS,False,NONE,27.46738,True,0,,100,HEALTHY
sht30_temperature_v02,0,771,772137,SHT30,temperature_C,BASELINE,27.48074,True,PASS,False,NONE,27.48074,True,0,,100,HEALTHY
sht30_temperature_v02,0,772,773137,SHT30,temperature_C,BASELINE,27.46738,True,PASS,False,NONE,27.46738,True,0,,100,HEALTHY
sht30_temperature_v02,0,773,774137,SHT30,temperature_C,BASELINE,27.43801,True,PASS,False,NONE,27.43801,True,0,,100,HEALTHY
sht30_temperature_v02,0,774,775137,SHT30,temperature_C,BASELINE,27.46738,True,PASS,False,NONE,27.46738,True,0,,100,HEALTHY
sht30_temperature_v02,0,775,776137,SHT30,temperature_C,BASELINE,27.45403,True,PASS,False,NONE,27.45403,True,0,,100,HEALTHY
sht30_temperature_v02,0,776,777137,SHT30,temperature_C,BASELINE,27.43801,True,PASS,False,NONE,27.43801,True,0,,100,HEALTHY
sht30_temperature_v02,0,777,778137,SHT30,temperature_C,BASELINE,27.45403,True,PASS,False,NONE,27.45403,True,0,,100,HEALTHY
sht30_temperature_v02,0,778,779137,SHT30,temperature_C,BASELINE,27.43801,True,PASS,False,NONE,27.43801,True,0,,100,HEALTHY
sht30_temperature_v02,0,779,780137,SHT30,temperature_C,BASELINE,27.45403,True,PASS,False,NONE,27.45403,True,0,,100,HEALTHY
sht30_temperature_v02,0,780,781137,SHT30,temperature_C,BASELINE,27.45403,True,PASS,False,NONE,27.45403,True,0,,100,HEALTHY
sht30_temperature_v02,0,781,782137,SHT30,temperature_C,BASELINE,27.46738,True,PASS,False,NONE,27.46738,True,0,,100,HEALTHY
sht30_temperature_v02,0,782,783137,SHT30,temperature_C,BASELINE,27.48074,True,PASS,False,NONE,27.48074,True,0,,100,HEALTHY
sht30_temperature_v02,0,783,784137,SHT30,temperature_C,BASELINE,27.43801,True,PASS,False,NONE,27.43801,True,0,,100,HEALTHY
sht30_temperature_v02,0,784,785137,SHT30,temperature_C,BASELINE,27.45403,True,PASS,False,NONE,27.45403,True,0,,100,HEALTHY
sht30_temperature_v02,0,785,786137,SHT30,temperature_C,BASELINE,27.45403,True,PASS,False,NONE,27.45403,True,0,,100,HEALTHY
sht30_temperature_v02,0,786,787137,SHT30,temperature_C,BASELINE,27.46738,True,PASS,False,NONE,27.46738,True,0,,100,HEALTHY
sht30_temperature_v02,0,787,788137,SHT30,temperature_C,BASELINE,27.48074,True,PASS,False,NONE,27.48074,True,0,,100,HEALTHY
sht30_temperature_v02,0,788,789137,SHT30,temperature_C,BASELINE,27.45403,True,PASS,False,NONE,27.45403,True,0,,100,HEALTHY
sht30_temperature_v02,0,789,790137,SHT30,temperature_C,BASELINE,27.43801,True,PASS,False,NONE,27.43801,True,0,,100,HEALTHY
sht30_temperature_v02,0,790,791137,SHT30,temperature_C,BASELINE,27.48074,True,PASS,False,NONE,27.48074,True,0,,100,HEALTHY
sht30_temperature_v02,0,791,792137,SHT30,temperature_C,BASELINE,27.46738,True,PASS,False,NONE,27.46738,True,0,,100,HEALTHY
sht30_temperature_v02,0,792,793137,SHT30,temperature_C,BASELINE,27.45403,True,PASS,False,NONE,27.45403,True,0,,100,HEALTHY
sht30_temperature_v02,0,793,794137,SHT30,temperature_C,BASELINE,27.48074,True,PASS,False,NONE,27.48074,True,0,,100,HEALTHY
sht30_temperature_v02,0,794,795137,SHT30,temperature_C,BASELINE,27.46738,True,PASS,False,NONE,27.46738,True,0,,100,HEALTHY
sht30_temperature_v02,0,795,796137,SHT30,temperature_C,BASELINE,27.46738,True,PASS,False,NONE,27.46738,True,0,,100,HEALTHY
sht30_temperature_v02,0,796,797137,SHT30,temperature_C,BASELINE,27.46738,True,PASS,False,NONE,27.46738,True,0,,100,HEALTHY
sht30_temperature_v02,0,797,798137,SHT30,temperature_C,BASELINE,27.46738,True,PASS,False,NONE,27.46738,True,0,,100,HEALTHY
sht30_temperature_v02,0,798,799137,SHT30,temperature_C,BASELINE,27.48074,True,PASS,False,NONE,27.48074,True,0,,100,HEALTHY
sht30_temperature_v02,0,799,800137,SHT30,temperature_C,BASELINE,27.48074,True,PASS,False,NONE,27.48074,True,0,,100,HEALTHY
sht30_temperature_v02,0,800,801137,SHT30,temperature_C,BASELINE,27.43801,True,PASS,False,NONE,27.43801,True,0,,100,HEALTHY
sht30_temperature_v02,0,801,802137,SHT30,temperature_C,BASELINE,27.45403,True,PASS,False,NONE,27.45403,True,0,,100,HEALTHY
sht30_temperature_v02,0,802,803137,SHT30,temperature_C,BASELINE,27.45403,True,PASS,False,NONE,27.45403,True,0,,100,HEALTHY
sht30_temperature_v02,0,803,804137,SHT30,temperature_C,BASELINE,27.45403,True,PASS,False,NONE,27.45403,True,0,,100,HEALTHY
sht30_temperature_v02,0,804,805137,SHT30,temperature_C,BASELINE,27.45403,True,PASS,False,NONE,27.45403,True,0,,100,HEALTHY
sht30_temperature_v02,0,805,806137,SHT30,temperature_C,BASELINE,27.45403,True,PASS,False,NONE,27.45403,True,0,,100,HEALTHY
sht30_temperature_v02,0,806,807137,SHT30,temperature_C,BASELINE,27.46738,True,PASS,False,NONE,27.46738,True,0,,100,HEALTHY
sht30_temperature_v02,0,807,808137,SHT30,temperature_C,BASELINE,27.45403,True,PASS,False,NONE,27.45403,True,0,,100,HEALTHY
sht30_temperature_v02,0,808,809137,SHT30,temperature_C,BASELINE,27.45403,True,PASS,False,NONE,27.45403,True,0,,100,HEALTHY
sht30_temperature_v02,0,809,810137,SHT30,temperature_C,BASELINE,27.46738,True,PASS,False,NONE,27.46738,True,0,,100,HEALTHY
sht30_temperature_v02,0,810,811137,SHT30,temperature_C,BASELINE,27.49409,True,PASS,False,NONE,27.49409,True,0,,100,HEALTHY
sht30_temperature_v02,0,811,812137,SHT30,temperature_C,BASELINE,27.46738,True,PASS,False,NONE,27.46738,True,0,,100,HEALTHY
sht30_temperature_v02,0,812,813137,SHT30,temperature_C,BASELINE,27.46738,True,PASS,False,NONE,27.46738,True,0,,100,HEALTHY
sht30_temperature_v02,0,813,814137,SHT30,temperature_C,BASELINE,27.46738,True,PASS,False,NONE,27.46738,True,0,,100,HEALTHY
sht30_temperature_v02,0,814,815137,SHT30,temperature_C,BASELINE,27.45403,True,PASS,False,NONE,27.45403,True,0,,100,HEALTHY
sht30_temperature_v02,0,815,816137,SHT30,temperature_C,BASELINE,27.46738,True,PASS,False,NONE,27.46738,True,0,,100,HEALTHY
sht30_temperature_v02,0,816,817137,SHT30,temperature_C,BASELINE,27.48074,True,PASS,False,NONE,27.48074,True,0,,100,HEALTHY
sht30_temperature_v02,0,817,818137,SHT30,temperature_C,BASELINE,27.48074,True,PASS,False,NONE,27.48074,True,0,,100,HEALTHY
sht30_temperature_v02,0,818,819137,SHT30,temperature_C,BASELINE,27.48074,True,PASS,False,NONE,27.48074,True,0,,100,HEALTHY
sht30_temperature_v02,0,819,820137,SHT30,temperature_C,BASELINE,27.46738,True,PASS,False,NONE,27.46738,True,0,,100,HEALTHY
sht30_temperature_v02,0,820,821137,SHT30,temperature_C,BASELINE,27.46738,True,PASS,False,NONE,27.46738,True,0,,100,HEALTHY
sht30_temperature_v02,0,821,822137,SHT30,temperature_C,BASELINE,27.46738,True,PASS,False,NONE,27.46738,True,0,,100,HEALTHY
sht30_temperature_v02,0,822,823137,SHT30,temperature_C,BASELINE,27.48074,True,PASS,False,NONE,27.48074,True,0,,100,HEALTHY
sht30_temperature_v02,0,823,824137,SHT30,temperature_C,BASELINE,27.48074,True,PASS,False,NONE,27.48074,True,0,,100,HEALTHY
sht30_temperature_v02,0,824,825137,SHT30,temperature_C,BASELINE,27.46738,True,PASS,False,NONE,27.46738,True,0,,100,HEALTHY
sht30_temperature_v02,0,825,826137,SHT30,temperature_C,BASELINE,27.46738,True,PASS,False,NONE,27.46738,True,0,,100,HEALTHY
sht30_temperature_v02,0,826,827137,SHT30,temperature_C,BASELINE,27.46738,True,PASS,False,NONE,27.46738,True,0,,100,HEALTHY
sht30_temperature_v02,0,827,828137,SHT30,temperature_C,BASELINE,27.46738,True,PASS,False,NONE,27.46738,True,0,,100,HEALTHY
sht30_temperature_v02,0,828,829137,SHT30,temperature_C,BASELINE,27.49409,True,PASS,False,NONE,27.49409,True,0,,100,HEALTHY
sht30_temperature_v02,0,829,830137,SHT30,temperature_C,BASELINE,27.48074,True,PASS,False,NONE,27.48074,True,0,,100,HEALTHY
sht30_temperature_v02,0,830,831137,SHT30,temperature_C,BASELINE,27.48074,True,PASS,False,NONE,27.48074,True,0,,100,HEALTHY
sht30_temperature_v02,0,831,832137,SHT30,temperature_C,BASELINE,27.48074,True,PASS,False,NONE,27.48074,True,0,,100,HEALTHY
sht30_temperature_v02,0,832,833137,SHT30,temperature_C,BASELINE,27.48074,True,PASS,False,NONE,27.48074,True,0,,100,HEALTHY
sht30_temperature_v02,0,833,834137,SHT30,temperature_C,BASELINE,27.48074,True,PASS,False,NONE,27.48074,True,0,,100,HEALTHY
sht30_temperature_v02,0,834,835137,SHT30,temperature_C,BASELINE,27.49409,True,PASS,False,NONE,27.49409,True,0,,100,HEALTHY
sht30_temperature_v02,0,835,836137,SHT30,temperature_C,BASELINE,27.48074,True,PASS,False,NONE,27.48074,True,0,,100,HEALTHY
sht30_temperature_v02,0,836,837137,SHT30,temperature_C,BASELINE,27.48074,True,PASS,False,NONE,27.48074,True,0,,100,HEALTHY
sht30_temperature_v02,0,837,838137,SHT30,temperature_C,BASELINE,27.48074,True,PASS,False,NONE,27.48074,True,0,,100,HEALTHY
sht30_temperature_v02,0,838,839137,SHT30,temperature_C,BASELINE,27.45403,True,PASS,False,NONE,27.45403,True,0,,100,HEALTHY
sht30_temperature_v02,0,839,840137,SHT30,temperature_C,BASELINE,27.49409,True,PASS,False,NONE,27.49409,True,0,,100,HEALTHY
sht30_temperature_v02,0,840,841137,SHT30,temperature_C,BASELINE,27.48074,True,PASS,False,NONE,27.48074,True,0,,100,HEALTHY
sht30_temperature_v02,0,841,842137,SHT30,temperature_C,BASELINE,27.51011,True,PASS,False,NONE,27.51011,True,0,,100,HEALTHY
sht30_temperature_v02,0,842,843137,SHT30,temperature_C,BASELINE,27.48074,True,PASS,False,NONE,27.48074,True,0,,100,HEALTHY
sht30_temperature_v02,0,843,844137,SHT30,temperature_C,BASELINE,27.49409,True,PASS,False,NONE,27.49409,True,0,,100,HEALTHY
sht30_temperature_v02,0,844,845137,SHT30,temperature_C,BASELINE,27.46738,True,PASS,False,NONE,27.46738,True,0,,100,HEALTHY
sht30_temperature_v02,0,845,846137,SHT30,temperature_C,BASELINE,27.49409,True,PASS,False,NONE,27.49409,True,0,,100,HEALTHY
sht30_temperature_v02,0,846,847137,SHT30,temperature_C,BASELINE,27.49409,True,PASS,False,NONE,27.49409,True,0,,100,HEALTHY
sht30_temperature_v02,0,847,848137,SHT30,temperature_C,BASELINE,27.55016,True,PASS,False,NONE,27.55016,True,0,,100,HEALTHY
sht30_temperature_v02,0,848,849137,SHT30,temperature_C,BASELINE,27.49409,True,PASS,False,NONE,27.49409,True,0,,100,HEALTHY
sht30_temperature_v02,0,849,850137,SHT30,temperature_C,BASELINE,27.51011,True,PASS,False,NONE,27.51011,True,0,,100,HEALTHY
sht30_temperature_v02,0,850,851137,SHT30,temperature_C,BASELINE,27.51011,True,PASS,False,NONE,27.51011,True,0,,100,HEALTHY
sht30_temperature_v02,0,851,852137,SHT30,temperature_C,BASELINE,27.51011,True,PASS,False,NONE,27.51011,True,0,,100,HEALTHY
sht30_temperature_v02,0,852,853137,SHT30,temperature_C,BASELINE,27.51011,True,PASS,False,NONE,27.51011,True,0,,100,HEALTHY
sht30_temperature_v02,0,853,854137,SHT30,temperature_C,BASELINE,27.49409,True,PASS,False,NONE,27.49409,True,0,,100,HEALTHY
sht30_temperature_v02,0,854,855137,SHT30,temperature_C,BASELINE,27.49409,True,PASS,False,NONE,27.49409,True,0,,100,HEALTHY
sht30_temperature_v02,0,855,856137,SHT30,temperature_C,BASELINE,27.52346,True,PASS,False,NONE,27.52346,True,0,,100,HEALTHY
sht30_temperature_v02,0,856,857137,SHT30,temperature_C,BASELINE,27.49409,True,PASS,False,NONE,27.49409,True,0,,100,HEALTHY
sht30_temperature_v02,0,857,858137,SHT30,temperature_C,BASELINE,27.49409,True,PASS,False,NONE,27.49409,True,0,,100,HEALTHY
sht30_temperature_v02,0,858,859137,SHT30,temperature_C,BASELINE,27.49409,True,PASS,False,NONE,27.49409,True,0,,100,HEALTHY
sht30_temperature_v02,0,859,860137,SHT30,temperature_C,BASELINE,27.52346,True,PASS,False,NONE,27.52346,True,0,,100,HEALTHY
sht30_temperature_v02,0,860,861137,SHT30,temperature_C,BASELINE,27.51011,True,PASS,False,NONE,27.51011,True,0,,100,HEALTHY
sht30_temperature_v02,0,861,862137,SHT30,temperature_C,BASELINE,27.52346,True,PASS,False,NONE,27.52346,True,0,,100,HEALTHY
sht30_temperature_v02,0,862,863137,SHT30,temperature_C,BASELINE,27.49409,True,PASS,False,NONE,27.49409,True,0,,100,HEALTHY
sht30_temperature_v02,0,863,864137,SHT30,temperature_C,BASELINE,27.49409,True,PASS,False,NONE,27.49409,True,0,,100,HEALTHY
sht30_temperature_v02,0,864,865137,SHT30,temperature_C,BASELINE,27.51011,True,PASS,False,NONE,27.51011,True,0,,100,HEALTHY
sht30_temperature_v02,0,865,866137,SHT30,temperature_C,BASELINE,27.51011,True,PASS,False,NONE,27.51011,True,0,,100,HEALTHY
sht30_temperature_v02,0,866,867137,SHT30,temperature_C,BASELINE,27.53681,True,PASS,False,NONE,27.53681,True,0,,100,HEALTHY
sht30_temperature_v02,0,867,868137,SHT30,temperature_C,BASELINE,27.48074,True,PASS,False,NONE,27.48074,True,0,,100,HEALTHY
sht30_temperature_v02,0,868,869137,SHT30,temperature_C,BASELINE,27.52346,True,PASS,False,NONE,27.52346,True,0,,100,HEALTHY
sht30_temperature_v02,0,869,870137,SHT30,temperature_C,BASELINE,27.52346,True,PASS,False,NONE,27.52346,True,0,,100,HEALTHY
sht30_temperature_v02,0,870,871137,SHT30,temperature_C,BASELINE,27.52346,True,PASS,False,NONE,27.52346,True,0,,100,HEALTHY
sht30_temperature_v02,0,871,872137,SHT30,temperature_C,BASELINE,27.51011,True,PASS,False,NONE,27.51011,True,0,,100,HEALTHY
sht30_temperature_v02,0,872,873137,SHT30,temperature_C,BASELINE,27.49409,True,PASS,False,NONE,27.49409,True,0,,100,HEALTHY
sht30_temperature_v02,0,873,874137,SHT30,temperature_C,BASELINE,27.49409,True,PASS,False,NONE,27.49409,True,0,,100,HEALTHY
sht30_temperature_v02,0,874,875137,SHT30,temperature_C,BASELINE,27.51011,True,PASS,False,NONE,27.51011,True,0,,100,HEALTHY
sht30_temperature_v02,0,875,876137,SHT30,temperature_C,BASELINE,27.51011,True,PASS,False,NONE,27.51011,True,0,,100,HEALTHY
sht30_temperature_v02,0,876,877137,SHT30,temperature_C,BASELINE,27.49409,True,PASS,False,NONE,27.49409,True,0,,100,HEALTHY
sht30_temperature_v02,0,877,878137,SHT30,temperature_C,BASELINE,27.49409,True,PASS,False,NONE,27.49409,True,0,,100,HEALTHY
sht30_temperature_v02,0,878,879137,SHT30,temperature_C,BASELINE,27.48074,True,PASS,False,NONE,27.48074,True,0,,100,HEALTHY
sht30_temperature_v02,0,879,880137,SHT30,temperature_C,BASELINE,27.51011,True,PASS,False,NONE,27.51011,True,0,,100,HEALTHY
sht30_temperature_v02,0,880,881137,SHT30,temperature_C,BASELINE,27.46738,True,PASS,False,NONE,27.46738,True,0,,100,HEALTHY
sht30_temperature_v02,0,881,882137,SHT30,temperature_C,BASELINE,27.49409,True,PASS,False,NONE,27.49409,True,0,,100,HEALTHY
sht30_temperature_v02,0,882,883137,SHT30,temperature_C,BASELINE,27.52346,True,PASS,False,NONE,27.52346,True,0,,100,HEALTHY
sht30_temperature_v02,0,883,884137,SHT30,temperature_C,BASELINE,27.49409,True,PASS,False,NONE,27.49409,True,0,,100,HEALTHY
sht30_temperature_v02,0,884,885137,SHT30,temperature_C,BASELINE,27.51011,True,PASS,False,NONE,27.51011,True,0,,100,HEALTHY
sht30_temperature_v02,0,885,886137,SHT30,temperature_C,BASELINE,27.48074,True,PASS,False,NONE,27.48074,True,0,,100,HEALTHY
sht30_temperature_v02,0,886,887137,SHT30,temperature_C,BASELINE,27.49409,True,PASS,False,NONE,27.49409,True,0,,100,HEALTHY
sht30_temperature_v02,0,887,888137,SHT30,temperature_C,BASELINE,27.49409,True,PASS,False,NONE,27.49409,True,0,,100,HEALTHY
sht30_temperature_v02,0,888,889137,SHT30,temperature_C,BASELINE,27.46738,True,PASS,False,NONE,27.46738,True,0,,100,HEALTHY
sht30_temperature_v02,0,889,890137,SHT30,temperature_C,BASELINE,27.49409,True,PASS,False,NONE,27.49409,True,0,,100,HEALTHY
sht30_temperature_v02,0,890,891137,SHT30,temperature_C,BASELINE,27.51011,True,PASS,False,NONE,27.51011,True,0,,100,HEALTHY
sht30_temperature_v02,0,891,892137,SHT30,temperature_C,BASELINE,27.49409,True,PASS,False,NONE,27.49409,True,0,,100,HEALTHY
sht30_temperature_v02,0,892,893137,SHT30,temperature_C,BASELINE,27.49409,True,PASS,False,NONE,27.49409,True,0,,100,HEALTHY
sht30_temperature_v02,0,893,894137,SHT30,temperature_C,BASELINE,27.48074,True,PASS,False,NONE,27.48074,True,0,,100,HEALTHY
sht30_temperature_v02,0,894,895137,SHT30,temperature_C,BASELINE,27.49409,True,PASS,False,NONE,27.49409,True,0,,100,HEALTHY
sht30_temperature_v02,0,895,896137,SHT30,temperature_C,BASELINE,27.48074,True,PASS,False,NONE,27.48074,True,0,,100,HEALTHY
sht30_temperature_v02,0,896,897137,SHT30,temperature_C,BASELINE,27.49409,True,PASS,False,NONE,27.49409,True,0,,100,HEALTHY
sht30_temperature_v02,0,897,898137,SHT30,temperature_C,BASELINE,27.49409,True,PASS,False,NONE,27.49409,True,0,,100,HEALTHY
sht30_temperature_v02,0,898,899137,SHT30,temperature_C,BASELINE,27.48074,True,PASS,False,NONE,27.48074,True,0,,100,HEALTHY
sht30_temperature_v02,0,899,900137,SHT30,temperature_C,BASELINE,27.49409,True,PASS,False,NONE,27.49409,True,0,,100,HEALTHY
sht30_temperature_v02,0,900,901137,SHT30,temperature_C,BASELINE,27.48074,True,PASS,False,NONE,27.48074,True,0,,100,HEALTHY
sht30_temperature_v02,0,901,902137,SHT30,temperature_C,BASELINE,27.48074,True,PASS,False,NONE,27.48074,True,0,,100,HEALTHY
sht30_temperature_v02,0,902,903137,SHT30,temperature_C,BASELINE,27.48074,True,PASS,False,NONE,27.48074,True,0,,100,HEALTHY
sht30_temperature_v02,0,903,904137,SHT30,temperature_C,BASELINE,27.46738,True,PASS,False,NONE,27.46738,True,0,,100,HEALTHY
sht30_temperature_v02,0,904,905137,SHT30,temperature_C,BASELINE,27.48074,True,PASS,False,NONE,27.48074,True,0,,100,HEALTHY
sht30_temperature_v02,0,905,906137,SHT30,temperature_C,BASELINE,27.51011,True,PASS,False,NONE,27.51011,True,0,,100,HEALTHY
sht30_temperature_v02,0,906,907137,SHT30,temperature_C,BASELINE,27.49409,True,PASS,False,NONE,27.49409,True,0,,100,HEALTHY
sht30_temperature_v02,0,907,908137,SHT30,temperature_C,BASELINE,27.46738,True,PASS,False,NONE,27.46738,True,0,,100,HEALTHY
sht30_temperature_v02,0,908,909137,SHT30,temperature_C,BASELINE,27.46738,True,PASS,False,NONE,27.46738,True,0,,100,HEALTHY
sht30_temperature_v02,0,909,910137,SHT30,temperature_C,BASELINE,27.46738,True,PASS,False,NONE,27.46738,True,0,,100,HEALTHY
sht30_temperature_v02,0,910,911137,SHT30,temperature_C,BASELINE,27.45403,True,PASS,False,NONE,27.45403,True,0,,100,HEALTHY
sht30_temperature_v02,0,911,912137,SHT30,temperature_C,BASELINE,27.45403,True,PASS,False,NONE,27.45403,True,0,,100,HEALTHY
sht30_temperature_v02,0,912,913137,SHT30,temperature_C,BASELINE,27.45403,True,PASS,False,NONE,27.45403,True,0,,100,HEALTHY
sht30_temperature_v02,0,913,914137,SHT30,temperature_C,BASELINE,27.45403,True,PASS,False,NONE,27.45403,True,0,,100,HEALTHY
sht30_temperature_v02,0,914,915137,SHT30,temperature_C,BASELINE,27.46738,True,PASS,False,NONE,27.46738,True,0,,100,HEALTHY
sht30_temperature_v02,0,915,916137,SHT30,temperature_C,BASELINE,27.45403,True,PASS,False,NONE,27.45403,True,0,,100,HEALTHY
sht30_temperature_v02,0,916,917137,SHT30,temperature_C,BASELINE,27.46738,True,PASS,False,NONE,27.46738,True,0,,100,HEALTHY
sht30_temperature_v02,0,917,918137,SHT30,temperature_C,BASELINE,27.46738,True,PASS,False,NONE,27.46738,True,0,,100,HEALTHY
sht30_temperature_v02,0,918,919137,SHT30,temperature_C,BASELINE,27.48074,True,PASS,False,NONE,27.48074,True,0,,100,HEALTHY
sht30_temperature_v02,0,919,920137,SHT30,temperature_C,BASELINE,27.46738,True,PASS,False,NONE,27.46738,True,0,,100,HEALTHY
sht30_temperature_v02,0,920,921137,SHT30,temperature_C,BASELINE,27.46738,True,PASS,False,NONE,27.46738,True,0,,100,HEALTHY
sht30_temperature_v02,0,921,922137,SHT30,temperature_C,BASELINE,27.45403,True,PASS,False,NONE,27.45403,True,0,,100,HEALTHY
sht30_temperature_v02,0,922,923137,SHT30,temperature_C,BASELINE,27.46738,True,PASS,False,NONE,27.46738,True,0,,100,HEALTHY
sht30_temperature_v02,0,923,924137,SHT30,temperature_C,BASELINE,27.43801,True,PASS,False,NONE,27.43801,True,0,,100,HEALTHY
sht30_temperature_v02,0,924,925137,SHT30,temperature_C,BASELINE,27.46738,True,PASS,False,NONE,27.46738,True,0,,100,HEALTHY
sht30_temperature_v02,0,925,926137,SHT30,temperature_C,BASELINE,27.46738,True,PASS,False,NONE,27.46738,True,0,,100,HEALTHY
sht30_temperature_v02,0,926,927137,SHT30,temperature_C,BASELINE,27.46738,True,PASS,False,NONE,27.46738,True,0,,100,HEALTHY
sht30_temperature_v02,0,927,928137,SHT30,temperature_C,BASELINE,27.48074,True,PASS,False,NONE,27.48074,True,0,,100,HEALTHY
sht30_temperature_v02,0,928,929137,SHT30,temperature_C,BASELINE,27.46738,True,PASS,False,NONE,27.46738,True,0,,100,HEALTHY
sht30_temperature_v02,0,929,930137,SHT30,temperature_C,BASELINE,27.46738,True,PASS,False,NONE,27.46738,True,0,,100,HEALTHY
sht30_temperature_v02,0,930,931137,SHT30,temperature_C,BASELINE,27.45403,True,PASS,False,NONE,27.45403,True,0,,100,HEALTHY
sht30_temperature_v02,0,931,932137,SHT30,temperature_C,BASELINE,27.45403,True,PASS,False,NONE,27.45403,True,0,,100,HEALTHY
sht30_temperature_v02,0,932,933137,SHT30,temperature_C,BASELINE,27.45403,True,PASS,False,NONE,27.45403,True,0,,100,HEALTHY
sht30_temperature_v02,0,933,934137,SHT30,temperature_C,BASELINE,27.46738,True,PASS,False,NONE,27.46738,True,0,,100,HEALTHY
sht30_temperature_v02,0,934,935137,SHT30,temperature_C,BASELINE,27.45403,True,PASS,False,NONE,27.45403,True,0,,100,HEALTHY
sht30_temperature_v02,0,935,936137,SHT30,temperature_C,BASELINE,27.46738,True,PASS,False,NONE,27.46738,True,0,,100,HEALTHY
sht30_temperature_v02,0,936,937137,SHT30,temperature_C,BASELINE,27.45403,True,PASS,False,NONE,27.45403,True,0,,100,HEALTHY
sht30_temperature_v02,0,937,938137,SHT30,temperature_C,BASELINE,27.46738,True,PASS,False,NONE,27.46738,True,0,,100,HEALTHY
sht30_temperature_v02,0,938,939137,SHT30,temperature_C,BASELINE,27.43801,True,PASS,False,NONE,27.43801,True,0,,100,HEALTHY
sht30_temperature_v02,0,939,940137,SHT30,temperature_C,BASELINE,27.45403,True,PASS,False,NONE,27.45403,True,0,,100,HEALTHY
sht30_temperature_v02,0,940,941137,SHT30,temperature_C,BASELINE,27.45403,True,PASS,False,NONE,27.45403,True,0,,100,HEALTHY
sht30_temperature_v02,0,941,942137,SHT30,temperature_C,BASELINE,27.45403,True,PASS,False,NONE,27.45403,True,0,,100,HEALTHY
sht30_temperature_v02,0,942,943137,SHT30,temperature_C,BASELINE,27.45403,True,PASS,False,NONE,27.45403,True,0,,100,HEALTHY
sht30_temperature_v02,0,943,944137,SHT30,temperature_C,BASELINE,27.45403,True,PASS,False,NONE,27.45403,True,0,,100,HEALTHY
sht30_temperature_v02,0,944,945137,SHT30,temperature_C,BASELINE,27.45403,True,PASS,False,NONE,27.45403,True,0,,100,HEALTHY
sht30_temperature_v02,0,945,946137,SHT30,temperature_C,BASELINE,27.43801,True,PASS,False,NONE,27.43801,True,0,,100,HEALTHY
sht30_temperature_v02,0,946,947137,SHT30,temperature_C,BASELINE,27.45403,True,PASS,False,NONE,27.45403,True,0,,100,HEALTHY
sht30_temperature_v02,0,947,948137,SHT30,temperature_C,BASELINE,27.46738,True,PASS,False,NONE,27.46738,True,0,,100,HEALTHY
sht30_temperature_v02,0,948,949137,SHT30,temperature_C,BASELINE,27.46738,True,PASS,False,NONE,27.46738,True,0,,100,HEALTHY
sht30_temperature_v02,0,949,950137,SHT30,temperature_C,BASELINE,27.46738,True,PASS,False,NONE,27.46738,True,0,,100,HEALTHY
sht30_temperature_v02,0,950,951137,SHT30,temperature_C,BASELINE,27.48074,True,PASS,False,NONE,27.48074,True,0,,100,HEALTHY
sht30_temperature_v02,0,951,952137,SHT30,temperature_C,BASELINE,27.46738,True,PASS,False,NONE,27.46738,True,0,,100,HEALTHY
sht30_temperature_v02,0,952,953137,SHT30,temperature_C,BASELINE,27.46738,True,PASS,False,NONE,27.46738,True,0,,100,HEALTHY
sht30_temperature_v02,0,953,954137,SHT30,temperature_C,BASELINE,27.45403,True,PASS,False,NONE,27.45403,True,0,,100,HEALTHY
sht30_temperature_v02,0,954,955137,SHT30,temperature_C,BASELINE,27.43801,True,PASS,False,NONE,27.43801,True,0,,100,HEALTHY
sht30_temperature_v02,0,955,956137,SHT30,temperature_C,BASELINE,27.42466,True,PASS,False,NONE,27.42466,True,0,,100,HEALTHY
sht30_temperature_v02,0,956,957137,SHT30,temperature_C,BASELINE,27.41131,True,PASS,False,NONE,27.41131,True,0,,100,HEALTHY
sht30_temperature_v02,0,957,958137,SHT30,temperature_C,BASELINE,27.42466,True,PASS,False,NONE,27.42466,True,0,,100,HEALTHY
sht30_temperature_v02,0,958,959137,SHT30,temperature_C,BASELINE,27.43801,True,PASS,False,NONE,27.43801,True,0,,100,HEALTHY
sht30_temperature_v02,0,959,960137,SHT30,temperature_C,BASELINE,27.42466,True,PASS,False,NONE,27.42466,True,0,,100,HEALTHY
sht30_temperature_v02,0,960,961137,SHT30,temperature_C,BASELINE,27.41131,True,PASS,False,NONE,27.41131,True,0,,100,HEALTHY
sht30_temperature_v02,0,961,962137,SHT30,temperature_C,BASELINE,27.43801,True,PASS,False,NONE,27.43801,True,0,,100,HEALTHY
sht30_temperature_v02,0,962,963137,SHT30,temperature_C,BASELINE,27.43801,True,PASS,False,NONE,27.43801,True,0,,100,HEALTHY
sht30_temperature_v02,0,963,964137,SHT30,temperature_C,BASELINE,27.43801,True,PASS,False,NONE,27.43801,True,0,,100,HEALTHY
sht30_temperature_v02,0,964,965137,SHT30,temperature_C,BASELINE,27.42466,True,PASS,False,NONE,27.42466,True,0,,100,HEALTHY
sht30_temperature_v02,0,965,966137,SHT30,temperature_C,BASELINE,27.43801,True,PASS,False,NONE,27.43801,True,0,,100,HEALTHY
sht30_temperature_v02,0,966,967137,SHT30,temperature_C,BASELINE,27.41131,True,PASS,False,NONE,27.41131,True,0,,100,HEALTHY
sht30_temperature_v02,0,967,968137,SHT30,temperature_C,BASELINE,27.43801,True,PASS,False,NONE,27.43801,True,0,,100,HEALTHY
sht30_temperature_v02,0,968,969137,SHT30,temperature_C,BASELINE,27.42466,True,PASS,False,NONE,27.42466,True,0,,100,HEALTHY
sht30_temperature_v02,0,969,970137,SHT30,temperature_C,BASELINE,27.42466,True,PASS,False,NONE,27.42466,True,0,,100,HEALTHY
sht30_temperature_v02,0,970,971137,SHT30,temperature_C,BASELINE,27.43801,True,PASS,False,NONE,27.43801,True,0,,100,HEALTHY
sht30_temperature_v02,0,971,972137,SHT30,temperature_C,BASELINE,27.45403,True,PASS,False,NONE,27.45403,True,0,,100,HEALTHY
sht30_temperature_v02,0,972,973137,SHT30,temperature_C,BASELINE,27.42466,True,PASS,False,NONE,27.42466,True,0,,100,HEALTHY
sht30_temperature_v02,0,973,974137,SHT30,temperature_C,BASELINE,27.41131,True,PASS,False,NONE,27.41131,True,0,,100,HEALTHY
sht30_temperature_v02,0,974,975137,SHT30,temperature_C,BASELINE,27.43801,True,PASS,False,NONE,27.43801,True,0,,100,HEALTHY
sht30_temperature_v02,0,975,976137,SHT30,temperature_C,BASELINE,27.43801,True,PASS,False,NONE,27.43801,True,0,,100,HEALTHY
sht30_temperature_v02,0,976,977137,SHT30,temperature_C,BASELINE,27.42466,True,PASS,False,NONE,27.42466,True,0,,100,HEALTHY
sht30_temperature_v02,0,977,978137,SHT30,temperature_C,BASELINE,27.45403,True,PASS,False,NONE,27.45403,True,0,,100,HEALTHY
sht30_temperature_v02,0,978,979137,SHT30,temperature_C,BASELINE,27.41131,True,PASS,False,NONE,27.41131,True,0,,100,HEALTHY
sht30_temperature_v02,0,979,980137,SHT30,temperature_C,BASELINE,27.42466,True,PASS,False,NONE,27.42466,True,0,,100,HEALTHY
sht30_temperature_v02,0,980,981137,SHT30,temperature_C,BASELINE,27.43801,True,PASS,False,NONE,27.43801,True,0,,100,HEALTHY
sht30_temperature_v02,0,981,982137,SHT30,temperature_C,BASELINE,27.42466,True,PASS,False,NONE,27.42466,True,0,,100,HEALTHY
sht30_temperature_v02,0,982,983137,SHT30,temperature_C,BASELINE,27.43801,True,PASS,False,NONE,27.43801,True,0,,100,HEALTHY
sht30_temperature_v02,0,983,984137,SHT30,temperature_C,BASELINE,27.43801,True,PASS,False,NONE,27.43801,True,0,,100,HEALTHY
sht30_temperature_v02,0,984,985137,SHT30,temperature_C,BASELINE,27.43801,True,PASS,False,NONE,27.43801,True,0,,100,HEALTHY
sht30_temperature_v02,0,985,986137,SHT30,temperature_C,BASELINE,27.43801,True,PASS,False,NONE,27.43801,True,0,,100,HEALTHY
sht30_temperature_v02,0,986,987137,SHT30,temperature_C,BASELINE,27.42466,True,PASS,False,NONE,27.42466,True,0,,100,HEALTHY
sht30_temperature_v02,0,987,988137,SHT30,temperature_C,BASELINE,27.45403,True,PASS,False,NONE,27.45403,True,0,,100,HEALTHY
sht30_temperature_v02,0,988,989137,SHT30,temperature_C,BASELINE,27.41131,True,PASS,False,NONE,27.41131,True,0,,100,HEALTHY
sht30_temperature_v02,0,989,990137,SHT30,temperature_C,BASELINE,27.42466,True,PASS,False,NONE,27.42466,True,0,,100,HEALTHY
sht30_temperature_v02,0,990,991137,SHT30,temperature_C,BASELINE,27.43801,True,PASS,False,NONE,27.43801,True,0,,100,HEALTHY
sht30_temperature_v02,0,991,992137,SHT30,temperature_C,BASELINE,27.43801,True,PASS,False,NONE,27.43801,True,0,,100,HEALTHY
sht30_temperature_v02,0,992,993137,SHT30,temperature_C,BASELINE,27.41131,True,PASS,False,NONE,27.41131,True,0,,100,HEALTHY
sht30_temperature_v02,0,993,994137,SHT30,temperature_C,BASELINE,27.43801,True,PASS,False,NONE,27.43801,True,0,,100,HEALTHY
sht30_temperature_v02,0,994,995137,SHT30,temperature_C,BASELINE,27.41131,True,PASS,False,NONE,27.41131,True,0,,100,HEALTHY
sht30_temperature_v02,0,995,996137,SHT30,temperature_C,BASELINE,27.42466,True,PASS,False,NONE,27.42466,True,0,,100,HEALTHY
sht30_temperature_v02,0,996,997137,SHT30,temperature_C,BASELINE,27.42466,True,PASS,False,NONE,27.42466,True,0,,100,HEALTHY
sht30_temperature_v02,0,997,998137,SHT30,temperature_C,BASELINE,27.41131,True,PASS,False,NONE,27.41131,True,0,,100,HEALTHY
sht30_temperature_v02,0,998,999137,SHT30,temperature_C,BASELINE,27.43801,True,PASS,False,NONE,27.43801,True,0,,100,HEALTHY
sht30_temperature_v02,0,999,1000137,SHT30,temperature_C,BASELINE,27.42466,True,PASS,False,NONE,27.42466,True,0,,100,HEALTHY
sht30_temperature_v02,0,1000,1001137,SHT30,temperature_C,BASELINE,27.43801,True,PASS,False,NONE,27.43801,True,0,,100,HEALTHY
sht30_temperature_v02,0,1001,1002137,SHT30,temperature_C,BASELINE,27.42466,True,PASS,False,NONE,27.42466,True,0,,100,HEALTHY
sht30_temperature_v02,0,1002,1003137,SHT30,temperature_C,BASELINE,27.42466,True,PASS,False,NONE,27.42466,True,0,,100,HEALTHY
sht30_temperature_v02,0,1003,1004137,SHT30,temperature_C,BASELINE,27.43801,True,PASS,False,NONE,27.43801,True,0,,100,HEALTHY
sht30_temperature_v02,0,1004,1005137,SHT30,temperature_C,BASELINE,27.41131,True,PASS,False,NONE,27.41131,True,0,,100,HEALTHY
sht30_temperature_v02,0,1005,1006137,SHT30,temperature_C,BASELINE,27.42466,True,PASS,False,NONE,27.42466,True,0,,100,HEALTHY
sht30_temperature_v02,0,1006,1007137,SHT30,temperature_C,BASELINE,27.41131,True,PASS,False,NONE,27.41131,True,0,,100,HEALTHY
sht30_temperature_v02,0,1007,1008137,SHT30,temperature_C,BASELINE,27.42466,True,PASS,False,NONE,27.42466,True,0,,100,HEALTHY
sht30_temperature_v02,0,1008,1009137,SHT30,temperature_C,BASELINE,27.41131,True,PASS,False,NONE,27.41131,True,0,,100,HEALTHY
sht30_temperature_v02,0,1009,1010137,SHT30,temperature_C,BASELINE,27.41131,True,PASS,False,NONE,27.41131,True,0,,100,HEALTHY
sht30_temperature_v02,0,1010,1011137,SHT30,temperature_C,BASELINE,27.45403,True,PASS,False,NONE,27.45403,True,0,,100,HEALTHY
sht30_temperature_v02,0,1011,1012137,SHT30,temperature_C,BASELINE,27.42466,True,PASS,False,NONE,27.42466,True,0,,100,HEALTHY
sht30_temperature_v02,0,1012,1013137,SHT30,temperature_C,BASELINE,27.39796,True,PASS,False,NONE,27.39796,True,0,,100,HEALTHY
sht30_temperature_v02,0,1013,1014137,SHT30,temperature_C,BASELINE,27.39796,True,PASS,False,NONE,27.39796,True,0,,100,HEALTHY
sht30_temperature_v02,0,1014,1015137,SHT30,temperature_C,BASELINE,27.38194,True,PASS,False,NONE,27.38194,True,0,,100,HEALTHY
sht30_temperature_v02,0,1015,1016137,SHT30,temperature_C,BASELINE,27.39796,True,PASS,False,NONE,27.39796,True,0,,100,HEALTHY
sht30_temperature_v02,0,1016,1017137,SHT30,temperature_C,BASELINE,27.36858,True,PASS,False,NONE,27.36858,True,0,,100,HEALTHY
sht30_temperature_v02,0,1017,1018137,SHT30,temperature_C,BASELINE,27.38194,True,PASS,False,NONE,27.38194,True,0,,100,HEALTHY
sht30_temperature_v02,0,1018,1019137,SHT30,temperature_C,BASELINE,27.36858,True,PASS,False,NONE,27.36858,True,0,,100,HEALTHY
sht30_temperature_v02,0,1019,1020137,SHT30,temperature_C,BASELINE,27.36858,True,PASS,False,NONE,27.36858,True,0,,100,HEALTHY
sht30_temperature_v02,0,1020,1021137,SHT30,temperature_C,BASELINE,27.39796,True,PASS,False,NONE,27.39796,True,0,,100,HEALTHY
sht30_temperature_v02,0,1021,1022137,SHT30,temperature_C,BASELINE,27.36858,True,PASS,False,NONE,27.36858,True,0,,100,HEALTHY
sht30_temperature_v02,0,1022,1023137,SHT30,temperature_C,BASELINE,27.38194,True,PASS,False,NONE,27.38194,True,0,,100,HEALTHY
sht30_temperature_v02,0,1023,1024137,SHT30,temperature_C,BASELINE,27.36858,True,PASS,False,NONE,27.36858,True,0,,100,HEALTHY
sht30_temperature_v02,0,1024,1025137,SHT30,temperature_C,BASELINE,27.39796,True,PASS,False,NONE,27.39796,True,0,,100,HEALTHY
sht30_temperature_v02,0,1025,1026137,SHT30,temperature_C,BASELINE,27.39796,True,PASS,False,NONE,27.39796,True,0,,100,HEALTHY
sht30_temperature_v02,0,1026,1027137,SHT30,temperature_C,BASELINE,27.39796,True,PASS,False,NONE,27.39796,True,0,,100,HEALTHY
sht30_temperature_v02,0,1027,1028137,SHT30,temperature_C,BASELINE,27.38194,True,PASS,False,NONE,27.38194,True,0,,100,HEALTHY
sht30_temperature_v02,0,1028,1029137,SHT30,temperature_C,BASELINE,27.38194,True,PASS,False,NONE,27.38194,True,0,,100,HEALTHY
sht30_temperature_v02,0,1029,1030137,SHT30,temperature_C,BASELINE,27.39796,True,PASS,False,NONE,27.39796,True,0,,100,HEALTHY
sht30_temperature_v02,0,1030,1031137,SHT30,temperature_C,BASELINE,27.38194,True,PASS,False,NONE,27.38194,True,0,,100,HEALTHY
sht30_temperature_v02,0,1031,1032137,SHT30,temperature_C,BASELINE,27.38194,True,PASS,False,NONE,27.38194,True,0,,100,HEALTHY
sht30_temperature_v02,0,1032,1033137,SHT30,temperature_C,BASELINE,27.36858,True,PASS,False,NONE,27.36858,True,0,,100,HEALTHY
sht30_temperature_v02,0,1033,1034137,SHT30,temperature_C,BASELINE,27.39796,True,PASS,False,NONE,27.39796,True,0,,100,HEALTHY
sht30_temperature_v02,0,1034,1035137,SHT30,temperature_C,BASELINE,27.38194,True,PASS,False,NONE,27.38194,True,0,,100,HEALTHY
sht30_temperature_v02,0,1035,1036137,SHT30,temperature_C,BASELINE,27.38194,True,PASS,False,NONE,27.38194,True,0,,100,HEALTHY
sht30_temperature_v02,0,1036,1037137,SHT30,temperature_C,BASELINE,27.41131,True,PASS,False,NONE,27.41131,True,0,,100,HEALTHY
sht30_temperature_v02,0,1037,1038137,SHT30,temperature_C,BASELINE,27.39796,True,PASS,False,NONE,27.39796,True,0,,100,HEALTHY
sht30_temperature_v02,0,1038,1039137,SHT30,temperature_C,BASELINE,27.41131,True,PASS,False,NONE,27.41131,True,0,,100,HEALTHY
sht30_temperature_v02,0,1039,1040137,SHT30,temperature_C,BASELINE,27.38194,True,PASS,False,NONE,27.38194,True,0,,100,HEALTHY
sht30_temperature_v02,0,1040,1041137,SHT30,temperature_C,BASELINE,27.39796,True,PASS,False,NONE,27.39796,True,0,,100,HEALTHY
sht30_temperature_v02,0,1041,1042137,SHT30,temperature_C,BASELINE,27.38194,True,PASS,False,NONE,27.38194,True,0,,100,HEALTHY
sht30_temperature_v02,0,1042,1043137,SHT30,temperature_C,BASELINE,27.38194,True,PASS,False,NONE,27.38194,True,0,,100,HEALTHY
sht30_temperature_v02,0,1043,1044137,SHT30,temperature_C,BASELINE,27.38194,True,PASS,False,NONE,27.38194,True,0,,100,HEALTHY
sht30_temperature_v02,0,1044,1045137,SHT30,temperature_C,BASELINE,27.38194,True,PASS,False,NONE,27.38194,True,0,,100,HEALTHY
sht30_temperature_v02,0,1045,1046137,SHT30,temperature_C,BASELINE,27.39796,True,PASS,False,NONE,27.39796,True,0,,100,HEALTHY
sht30_temperature_v02,0,1046,1047137,SHT30,temperature_C,BASELINE,27.39796,True,PASS,False,NONE,27.39796,True,0,,100,HEALTHY
sht30_temperature_v02,0,1047,1048137,SHT30,temperature_C,BASELINE,27.39796,True,PASS,False,NONE,27.39796,True,0,,100,HEALTHY
sht30_temperature_v02,0,1048,1049137,SHT30,temperature_C,BASELINE,27.39796,True,PASS,False,NONE,27.39796,True,0,,100,HEALTHY
sht30_temperature_v02,0,1049,1050137,SHT30,temperature_C,BASELINE,27.38194,True,PASS,False,NONE,27.38194,True,0,,100,HEALTHY
sht30_temperature_v02,0,1050,1051137,SHT30,temperature_C,BASELINE,27.39796,True,PASS,False,NONE,27.39796,True,0,,100,HEALTHY
sht30_temperature_v02,0,1051,1052137,SHT30,temperature_C,BASELINE,27.38194,True,PASS,False,NONE,27.38194,True,0,,100,HEALTHY
sht30_temperature_v02,0,1052,1053137,SHT30,temperature_C,BASELINE,27.38194,True,PASS,False,NONE,27.38194,True,0,,100,HEALTHY
sht30_temperature_v02,0,1053,1054137,SHT30,temperature_C,BASELINE,27.39796,True,PASS,False,NONE,27.39796,True,0,,100,HEALTHY
sht30_temperature_v02,0,1054,1055137,SHT30,temperature_C,BASELINE,27.36858,True,PASS,False,NONE,27.36858,True,0,,100,HEALTHY
sht30_temperature_v02,0,1055,1056137,SHT30,temperature_C,BASELINE,27.39796,True,PASS,False,NONE,27.39796,True,0,,100,HEALTHY
sht30_temperature_v02,0,1056,1057137,SHT30,temperature_C,BASELINE,27.39796,True,PASS,False,NONE,27.39796,True,0,,100,HEALTHY
sht30_temperature_v02,0,1057,1058137,SHT30,temperature_C,BASELINE,27.39796,True,PASS,False,NONE,27.39796,True,0,,100,HEALTHY
sht30_temperature_v02,0,1058,1059137,SHT30,temperature_C,BASELINE,27.42466,True,PASS,False,NONE,27.42466,True,0,,100,HEALTHY
sht30_temperature_v02,0,1059,1060137,SHT30,temperature_C,BASELINE,27.39796,True,PASS,False,NONE,27.39796,True,0,,100,HEALTHY
sht30_temperature_v02,0,1060,1061137,SHT30,temperature_C,BASELINE,27.38194,True,PASS,False,NONE,27.38194,True,0,,100,HEALTHY
sht30_temperature_v02,0,1061,1062137,SHT30,temperature_C,BASELINE,27.39796,True,PASS,False,NONE,27.39796,True,0,,100,HEALTHY
sht30_temperature_v02,0,1062,1063137,SHT30,temperature_C,BASELINE,27.42466,True,PASS,False,NONE,27.42466,True,0,,100,HEALTHY
sht30_temperature_v02,0,1063,1064137,SHT30,temperature_C,BASELINE,27.38194,True,PASS,False,NONE,27.38194,True,0,,100,HEALTHY
sht30_temperature_v02,0,1064,1065137,SHT30,temperature_C,BASELINE,27.38194,True,PASS,False,NONE,27.38194,True,0,,100,HEALTHY
sht30_temperature_v02,0,1065,1066137,SHT30,temperature_C,BASELINE,27.38194,True,PASS,False,NONE,27.38194,True,0,,100,HEALTHY
sht30_temperature_v02,0,1066,1067137,SHT30,temperature_C,BASELINE,27.36858,True,PASS,False,NONE,27.36858,True,0,,100,HEALTHY
sht30_temperature_v02,0,1067,1068137,SHT30,temperature_C,BASELINE,27.38194,True,PASS,False,NONE,27.38194,True,0,,100,HEALTHY
sht30_temperature_v02,0,1068,1069137,SHT30,temperature_C,BASELINE,27.36858,True,PASS,False,NONE,27.36858,True,0,,100,HEALTHY
sht30_temperature_v02,0,1069,1070137,SHT30,temperature_C,BASELINE,27.38194,True,PASS,False,NONE,27.38194,True,0,,100,HEALTHY
sht30_temperature_v02,0,1070,1071137,SHT30,temperature_C,BASELINE,27.38194,True,PASS,False,NONE,27.38194,True,0,,100,HEALTHY
sht30_temperature_v02,0,1071,1072137,SHT30,temperature_C,BASELINE,27.38194,True,PASS,False,NONE,27.38194,True,0,,100,HEALTHY
sht30_temperature_v02,0,1072,1073137,SHT30,temperature_C,BASELINE,27.36858,True,PASS,False,NONE,27.36858,True,0,,100,HEALTHY
sht30_temperature_v02,0,1073,1074137,SHT30,temperature_C,BASELINE,27.39796,True,PASS,False,NONE,27.39796,True,0,,100,HEALTHY
sht30_temperature_v02,0,1074,1075137,SHT30,temperature_C,BASELINE,27.36858,True,PASS,False,NONE,27.36858,True,0,,100,HEALTHY
sht30_temperature_v02,0,1075,1076137,SHT30,temperature_C,BASELINE,27.41131,True,PASS,False,NONE,27.41131,True,0,,100,HEALTHY
sht30_temperature_v02,0,1076,1077137,SHT30,temperature_C,BASELINE,27.38194,True,PASS,False,NONE,27.38194,True,0,,100,HEALTHY
sht30_temperature_v02,0,1077,1078137,SHT30,temperature_C,BASELINE,27.39796,True,PASS,False,NONE,27.39796,True,0,,100,HEALTHY
sht30_temperature_v02,0,1078,1079137,SHT30,temperature_C,BASELINE,27.39796,True,PASS,False,NONE,27.39796,True,0,,100,HEALTHY
sht30_temperature_v02,0,1079,1080137,SHT30,temperature_C,BASELINE,27.41131,True,PASS,False,NONE,27.41131,True,0,,100,HEALTHY
sht30_temperature_v02,0,1080,1081137,SHT30,temperature_C,BASELINE,27.36858,True,PASS,False,NONE,27.36858,True,0,,100,HEALTHY
sht30_temperature_v02,0,1081,1082137,SHT30,temperature_C,BASELINE,27.39796,True,PASS,False,NONE,27.39796,True,0,,100,HEALTHY
sht30_temperature_v02,0,1082,1083137,SHT30,temperature_C,BASELINE,27.41131,True,PASS,False,NONE,27.41131,True,0,,100,HEALTHY
sht30_temperature_v02,0,1083,1084137,SHT30,temperature_C,BASELINE,27.39796,True,PASS,False,NONE,27.39796,True,0,,100,HEALTHY
sht30_temperature_v02,0,1084,1085137,SHT30,temperature_C,BASELINE,27.38194,True,PASS,False,NONE,27.38194,True,0,,100,HEALTHY
sht30_temperature_v02,0,1085,1086137,SHT30,temperature_C,BASELINE,27.38194,True,PASS,False,NONE,27.38194,True,0,,100,HEALTHY
sht30_temperature_v02,0,1086,1087137,SHT30,temperature_C,BASELINE,27.38194,True,PASS,False,NONE,27.38194,True,0,,100,HEALTHY
sht30_temperature_v02,0,1087,1088137,SHT30,temperature_C,BASELINE,27.39796,True,PASS,False,NONE,27.39796,True,0,,100,HEALTHY
sht30_temperature_v02,0,1088,1089137,SHT30,temperature_C,BASELINE,27.36858,True,PASS,False,NONE,27.36858,True,0,,100,HEALTHY
sht30_temperature_v02,0,1089,1090137,SHT30,temperature_C,BASELINE,27.38194,True,PASS,False,NONE,27.38194,True,0,,100,HEALTHY
sht30_temperature_v02,0,1090,1091137,SHT30,temperature_C,BASELINE,27.36858,True,PASS,False,NONE,27.36858,True,0,,100,HEALTHY
sht30_temperature_v02,0,1091,1092137,SHT30,temperature_C,BASELINE,27.38194,True,PASS,False,NONE,27.38194,True,0,,100,HEALTHY
sht30_temperature_v02,0,1092,1093137,SHT30,temperature_C,BASELINE,27.38194,True,PASS,False,NONE,27.38194,True,0,,100,HEALTHY
sht30_temperature_v02,0,1093,1094137,SHT30,temperature_C,BASELINE,27.38194,True,PASS,False,NONE,27.38194,True,0,,100,HEALTHY
sht30_temperature_v02,0,1094,1095137,SHT30,temperature_C,BASELINE,27.35523,True,PASS,False,NONE,27.35523,True,0,,100,HEALTHY
sht30_temperature_v02,0,1095,1096137,SHT30,temperature_C,BASELINE,27.38194,True,PASS,False,NONE,27.38194,True,0,,100,HEALTHY
sht30_temperature_v02,0,1096,1097137,SHT30,temperature_C,BASELINE,27.36858,True,PASS,False,NONE,27.36858,True,0,,100,HEALTHY
sht30_temperature_v02,0,1097,1098137,SHT30,temperature_C,BASELINE,27.41131,True,PASS,False,NONE,27.41131,True,0,,100,HEALTHY
sht30_temperature_v02,0,1098,1099137,SHT30,temperature_C,BASELINE,27.38194,True,PASS,False,NONE,27.38194,True,0,,100,HEALTHY
sht30_temperature_v02,0,1099,1100137,SHT30,temperature_C,BASELINE,27.38194,True,PASS,False,NONE,27.38194,True,0,,100,HEALTHY
sht30_temperature_v02,0,1100,1101137,SHT30,temperature_C,BASELINE,27.39796,True,PASS,False,NONE,27.39796,True,0,,100,HEALTHY
sht30_temperature_v02,0,1101,1102137,SHT30,temperature_C,BASELINE,27.36858,True,PASS,False,NONE,27.36858,True,0,,100,HEALTHY
sht30_temperature_v02,0,1102,1103137,SHT30,temperature_C,BASELINE,27.38194,True,PASS,False,NONE,27.38194,True,0,,100,HEALTHY
sht30_temperature_v02,0,1103,1104137,SHT30,temperature_C,BASELINE,27.35523,True,PASS,False,NONE,27.35523,True,0,,100,HEALTHY
sht30_temperature_v02,0,1104,1105137,SHT30,temperature_C,BASELINE,27.35523,True,PASS,False,NONE,27.35523,True,0,,100,HEALTHY
sht30_temperature_v02,0,1105,1106137,SHT30,temperature_C,BASELINE,27.38194,True,PASS,False,NONE,27.38194,True,0,,100,HEALTHY
sht30_temperature_v02,0,1106,1107137,SHT30,temperature_C,BASELINE,27.39796,True,PASS,False,NONE,27.39796,True,0,,100,HEALTHY
sht30_temperature_v02,0,1107,1108137,SHT30,temperature_C,BASELINE,27.38194,True,PASS,False,NONE,27.38194,True,0,,100,HEALTHY
sht30_temperature_v02,0,1108,1109137,SHT30,temperature_C,BASELINE,27.35523,True,PASS,False,NONE,27.35523,True,0,,100,HEALTHY
sht30_temperature_v02,0,1109,1110137,SHT30,temperature_C,BASELINE,27.35523,True,PASS,False,NONE,27.35523,True,0,,100,HEALTHY
sht30_temperature_v02,0,1110,1111137,SHT30,temperature_C,BASELINE,27.36858,True,PASS,False,NONE,27.36858,True,0,,100,HEALTHY
sht30_temperature_v02,0,1111,1112137,SHT30,temperature_C,BASELINE,27.36858,True,PASS,False,NONE,27.36858,True,0,,100,HEALTHY
sht30_temperature_v02,0,1112,1113137,SHT30,temperature_C,BASELINE,27.36858,True,PASS,False,NONE,27.36858,True,0,,100,HEALTHY
sht30_temperature_v02,0,1113,1114137,SHT30,temperature_C,BASELINE,27.35523,True,PASS,False,NONE,27.35523,True,0,,100,HEALTHY
sht30_temperature_v02,0,1114,1115137,SHT30,temperature_C,BASELINE,27.32586,True,PASS,False,NONE,27.32586,True,0,,100,HEALTHY
sht30_temperature_v02,0,1115,1116137,SHT30,temperature_C,BASELINE,27.33921,True,PASS,False,NONE,27.33921,True,0,,100,HEALTHY
sht30_temperature_v02,0,1116,1117137,SHT30,temperature_C,BASELINE,27.33921,True,PASS,False,NONE,27.33921,True,0,,100,HEALTHY
sht30_temperature_v02,0,1117,1118137,SHT30,temperature_C,BASELINE,27.36858,True,PASS,False,NONE,27.36858,True,0,,100,HEALTHY
sht30_temperature_v02,0,1118,1119137,SHT30,temperature_C,BASELINE,27.32586,True,PASS,False,NONE,27.32586,True,0,,100,HEALTHY
sht30_temperature_v02,0,1119,1120137,SHT30,temperature_C,BASELINE,27.36858,True,PASS,False,NONE,27.36858,True,0,,100,HEALTHY
sht30_temperature_v02,0,1120,1121137,SHT30,temperature_C,BASELINE,27.33921,True,PASS,False,NONE,27.33921,True,0,,100,HEALTHY
sht30_temperature_v02,0,1121,1122137,SHT30,temperature_C,BASELINE,27.35523,True,PASS,False,NONE,27.35523,True,0,,100,HEALTHY
sht30_temperature_v02,0,1122,1123137,SHT30,temperature_C,BASELINE,27.36858,True,PASS,False,NONE,27.36858,True,0,,100,HEALTHY
sht30_temperature_v02,0,1123,1124137,SHT30,temperature_C,BASELINE,27.35523,True,PASS,False,NONE,27.35523,True,0,,100,HEALTHY
sht30_temperature_v02,0,1124,1125137,SHT30,temperature_C,BASELINE,27.35523,True,PASS,False,NONE,27.35523,True,0,,100,HEALTHY
sht30_temperature_v02,0,1125,1126137,SHT30,temperature_C,BASELINE,27.32586,True,PASS,False,NONE,27.32586,True,0,,100,HEALTHY
sht30_temperature_v02,0,1126,1127137,SHT30,temperature_C,BASELINE,27.35523,True,PASS,False,NONE,27.35523,True,0,,100,HEALTHY
sht30_temperature_v02,0,1127,1128137,SHT30,temperature_C,BASELINE,27.33921,True,PASS,False,NONE,27.33921,True,0,,100,HEALTHY
sht30_temperature_v02,0,1128,1129137,SHT30,temperature_C,BASELINE,27.35523,True,PASS,False,NONE,27.35523,True,0,,100,HEALTHY
sht30_temperature_v02,0,1129,1130137,SHT30,temperature_C,BASELINE,27.35523,True,PASS,False,NONE,27.35523,True,0,,100,HEALTHY
sht30_temperature_v02,0,1130,1131137,SHT30,temperature_C,BASELINE,27.33921,True,PASS,False,NONE,27.33921,True,0,,100,HEALTHY
sht30_temperature_v02,0,1131,1132137,SHT30,temperature_C,BASELINE,27.33921,True,PASS,False,NONE,27.33921,True,0,,100,HEALTHY
sht30_temperature_v02,0,1132,1133137,SHT30,temperature_C,BASELINE,27.36858,True,PASS,False,NONE,27.36858,True,0,,100,HEALTHY
sht30_temperature_v02,0,1133,1134137,SHT30,temperature_C,BASELINE,27.35523,True,PASS,False,NONE,27.35523,True,0,,100,HEALTHY
sht30_temperature_v02,0,1134,1135137,SHT30,temperature_C,BASELINE,27.33921,True,PASS,False,NONE,27.33921,True,0,,100,HEALTHY
sht30_temperature_v02,0,1135,1136137,SHT30,temperature_C,BASELINE,27.35523,True,PASS,False,NONE,27.35523,True,0,,100,HEALTHY
sht30_temperature_v02,0,1136,1137137,SHT30,temperature_C,BASELINE,27.35523,True,PASS,False,NONE,27.35523,True,0,,100,HEALTHY
sht30_temperature_v02,0,1137,1138137,SHT30,temperature_C,BASELINE,27.35523,True,PASS,False,NONE,27.35523,True,0,,100,HEALTHY
sht30_temperature_v02,0,1138,1139137,SHT30,temperature_C,BASELINE,27.35523,True,PASS,False,NONE,27.35523,True,0,,100,HEALTHY
sht30_temperature_v02,0,1139,1140137,SHT30,temperature_C,BASELINE,27.33921,True,PASS,False,NONE,27.33921,True,0,,100,HEALTHY
sht30_temperature_v02,0,1140,1141137,SHT30,temperature_C,BASELINE,27.35523,True,PASS,False,NONE,27.35523,True,0,,100,HEALTHY
sht30_temperature_v02,0,1141,1142137,SHT30,temperature_C,BASELINE,27.35523,True,PASS,False,NONE,27.35523,True,0,,100,HEALTHY
sht30_temperature_v02,0,1142,1143137,SHT30,temperature_C,BASELINE,27.33921,True,PASS,False,NONE,27.33921,True,0,,100,HEALTHY
sht30_temperature_v02,0,1143,1144137,SHT30,temperature_C,BASELINE,27.33921,True,PASS,False,NONE,27.33921,True,0,,100,HEALTHY
sht30_temperature_v02,0,1144,1145137,SHT30,temperature_C,BASELINE,27.33921,True,PASS,False,NONE,27.33921,True,0,,100,HEALTHY
sht30_temperature_v02,0,1145,1146137,SHT30,temperature_C,BASELINE,27.35523,True,PASS,False,NONE,27.35523,True,0,,100,HEALTHY
sht30_temperature_v02,0,1146,1147137,SHT30,temperature_C,BASELINE,27.33921,True,PASS,False,NONE,27.33921,True,0,,100,HEALTHY
sht30_temperature_v02,0,1147,1148137,SHT30,temperature_C,BASELINE,27.33921,True,PASS,False,NONE,27.33921,True,0,,100,HEALTHY
sht30_temperature_v02,0,1148,1149137,SHT30,temperature_C,BASELINE,27.32586,True,PASS,False,NONE,27.32586,True,0,,100,HEALTHY
sht30_temperature_v02,0,1149,1150137,SHT30,temperature_C,BASELINE,27.32586,True,PASS,False,NONE,27.32586,True,0,,100,HEALTHY
sht30_temperature_v02,0,1150,1151137,SHT30,temperature_C,BASELINE,27.32586,True,PASS,False,NONE,27.32586,True,0,,100,HEALTHY
sht30_temperature_v02,0,1151,1152137,SHT30,temperature_C,BASELINE,27.33921,True,PASS,False,NONE,27.33921,True,0,,100,HEALTHY
sht30_temperature_v02,0,1152,1153137,SHT30,temperature_C,BASELINE,27.33921,True,PASS,False,NONE,27.33921,True,0,,100,HEALTHY
sht30_temperature_v02,0,1153,1154137,SHT30,temperature_C,BASELINE,27.32586,True,PASS,False,NONE,27.32586,True,0,,100,HEALTHY
sht30_temperature_v02,0,1154,1155137,SHT30,temperature_C,BASELINE,27.35523,True,PASS,False,NONE,27.35523,True,0,,100,HEALTHY
sht30_temperature_v02,0,1155,1156137,SHT30,temperature_C,BASELINE,27.32586,True,PASS,False,NONE,27.32586,True,0,,100,HEALTHY
sht30_temperature_v02,0,1156,1157137,SHT30,temperature_C,BASELINE,27.35523,True,PASS,False,NONE,27.35523,True,0,,100,HEALTHY
sht30_temperature_v02,0,1157,1158137,SHT30,temperature_C,BASELINE,27.32586,True,PASS,False,NONE,27.32586,True,0,,100,HEALTHY
sht30_temperature_v02,0,1158,1159137,SHT30,temperature_C,BASELINE,27.32586,True,PASS,False,NONE,27.32586,True,0,,100,HEALTHY
sht30_temperature_v02,0,1159,1160137,SHT30,temperature_C,BASELINE,27.32586,True,PASS,False,NONE,27.32586,True,0,,100,HEALTHY
sht30_temperature_v02,0,1160,1161137,SHT30,temperature_C,BASELINE,27.31251,True,PASS,False,NONE,27.31251,True,0,,100,HEALTHY
sht30_temperature_v02,0,1161,1162137,SHT30,temperature_C,BASELINE,27.33921,True,PASS,False,NONE,27.33921,True,0,,100,HEALTHY
sht30_temperature_v02,0,1162,1163137,SHT30,temperature_C,BASELINE,27.33921,True,PASS,False,NONE,27.33921,True,0,,100,HEALTHY
sht30_temperature_v02,0,1163,1164137,SHT30,temperature_C,BASELINE,27.33921,True,PASS,False,NONE,27.33921,True,0,,100,HEALTHY
sht30_temperature_v02,0,1164,1165137,SHT30,temperature_C,BASELINE,27.33921,True,PASS,False,NONE,27.33921,True,0,,100,HEALTHY
sht30_temperature_v02,0,1165,1166137,SHT30,temperature_C,BASELINE,27.33921,True,PASS,False,NONE,27.33921,True,0,,100,HEALTHY
sht30_temperature_v02,0,1166,1167137,SHT30,temperature_C,BASELINE,27.31251,True,PASS,False,NONE,27.31251,True,0,,100,HEALTHY
sht30_temperature_v02,0,1167,1168137,SHT30,temperature_C,BASELINE,27.32586,True,PASS,False,NONE,27.32586,True,0,,100,HEALTHY
sht30_temperature_v02,0,1168,1169137,SHT30,temperature_C,BASELINE,27.31251,True,PASS,False,NONE,27.31251,True,0,,100,HEALTHY
sht30_temperature_v02,0,1169,1170137,SHT30,temperature_C,BASELINE,27.32586,True,PASS,False,NONE,27.32586,True,0,,100,HEALTHY
sht30_temperature_v02,0,1170,1171137,SHT30,temperature_C,BASELINE,27.32586,True,PASS,False,NONE,27.32586,True,0,,100,HEALTHY
sht30_temperature_v02,0,1171,1172137,SHT30,temperature_C,BASELINE,27.33921,True,PASS,False,NONE,27.33921,True,0,,100,HEALTHY
sht30_temperature_v02,0,1172,1173137,SHT30,temperature_C,BASELINE,27.31251,True,PASS,False,NONE,27.31251,True,0,,100,HEALTHY
sht30_temperature_v02,0,1173,1174137,SHT30,temperature_C,BASELINE,27.31251,True,PASS,False,NONE,27.31251,True,0,,100,HEALTHY
sht30_temperature_v02,0,1174,1175137,SHT30,temperature_C,BASELINE,27.32586,True,PASS,False,NONE,27.32586,True,0,,100,HEALTHY
sht30_temperature_v02,0,1175,1176137,SHT30,temperature_C,BASELINE,27.31251,True,PASS,False,NONE,27.31251,True,0,,100,HEALTHY
sht30_temperature_v02,0,1176,1177137,SHT30,temperature_C,BASELINE,27.29916,True,PASS,False,NONE,27.29916,True,0,,100,HEALTHY
sht30_temperature_v02,0,1177,1178137,SHT30,temperature_C,BASELINE,27.31251,True,PASS,False,NONE,27.31251,True,0,,100,HEALTHY
sht30_temperature_v02,0,1178,1179137,SHT30,temperature_C,BASELINE,27.31251,True,PASS,False,NONE,27.31251,True,0,,100,HEALTHY
sht30_temperature_v02,0,1179,1180137,SHT30,temperature_C,BASELINE,27.31251,True,PASS,False,NONE,27.31251,True,0,,100,HEALTHY
sht30_temperature_v02,0,1180,1181137,SHT30,temperature_C,BASELINE,27.32586,True,PASS,False,NONE,27.32586,True,0,,100,HEALTHY
sht30_temperature_v02,0,1181,1182137,SHT30,temperature_C,BASELINE,27.31251,True,PASS,False,NONE,27.31251,True,0,,100,HEALTHY
sht30_temperature_v02,0,1182,1183137,SHT30,temperature_C,BASELINE,27.28313,True,PASS,False,NONE,27.28313,True,0,,100,HEALTHY
sht30_temperature_v02,0,1183,1184137,SHT30,temperature_C,BASELINE,27.31251,True,PASS,False,NONE,27.31251,True,0,,100,HEALTHY
sht30_temperature_v02,0,1184,1185137,SHT30,temperature_C,BASELINE,27.29916,True,PASS,False,NONE,27.29916,True,0,,100,HEALTHY
sht30_temperature_v02,0,1185,1186137,SHT30,temperature_C,BASELINE,27.31251,True,PASS,False,NONE,27.31251,True,0,,100,HEALTHY
sht30_temperature_v02,0,1186,1187137,SHT30,temperature_C,BASELINE,27.31251,True,PASS,False,NONE,27.31251,True,0,,100,HEALTHY
sht30_temperature_v02,0,1187,1188137,SHT30,temperature_C,BASELINE,27.31251,True,PASS,False,NONE,27.31251,True,0,,100,HEALTHY
sht30_temperature_v02,0,1188,1189137,SHT30,temperature_C,BASELINE,27.31251,True,PASS,False,NONE,27.31251,True,0,,100,HEALTHY
sht30_temperature_v02,0,1189,1190137,SHT30,temperature_C,BASELINE,27.32586,True,PASS,False,NONE,27.32586,True,0,,100,HEALTHY
sht30_temperature_v02,0,1190,1191137,SHT30,temperature_C,BASELINE,27.31251,True,PASS,False,NONE,27.31251,True,0,,100,HEALTHY
sht30_temperature_v02,0,1191,1192137,SHT30,temperature_C,BASELINE,27.32586,True,PASS,False,NONE,27.32586,True,0,,100,HEALTHY
sht30_temperature_v02,0,1192,1193137,SHT30,temperature_C,BASELINE,27.32586,True,PASS,False,NONE,27.32586,True,0,,100,HEALTHY
sht30_temperature_v02,0,1193,1194137,SHT30,temperature_C,BASELINE,27.32586,True,PASS,False,NONE,27.32586,True,0,,100,HEALTHY
sht30_temperature_v02,0,1194,1195137,SHT30,temperature_C,BASELINE,27.29916,True,PASS,False,NONE,27.29916,True,0,,100,HEALTHY
sht30_temperature_v02,0,1195,1196137,SHT30,temperature_C,BASELINE,27.31251,True,PASS,False,NONE,27.31251,True,0,,100,HEALTHY
sht30_temperature_v02,0,1196,1197137,SHT30,temperature_C,BASELINE,27.32586,True,PASS,False,NONE,27.32586,True,0,,100,HEALTHY
sht30_temperature_v02,0,1197,1198137,SHT30,temperature_C,BASELINE,27.31251,True,PASS,False,NONE,27.31251,True,0,,100,HEALTHY
sht30_temperature_v02,0,1198,1199137,SHT30,temperature_C,BASELINE,27.31251,True,PASS,False,NONE,27.31251,True,0,,100,HEALTHY
sht30_temperature_v02,0,1199,1200137,SHT30,temperature_C,BASELINE,27.31251,True,PASS,False,NONE,27.31251,True,0,,100,HEALTHY
sht30_temperature_v02,0,1200,1201137,SHT30,temperature_C,BASELINE,27.31251,True,PASS,False,NONE,27.31251,True,0,,100,HEALTHY
sht30_temperature_v02,0,1201,1202137,SHT30,temperature_C,BASELINE,27.31251,True,PASS,False,NONE,27.31251,True,0,,100,HEALTHY
sht30_temperature_v02,0,1202,1203137,SHT30,temperature_C,BASELINE,27.32586,True,PASS,False,NONE,27.32586,True,0,,100,HEALTHY
sht30_temperature_v02,0,1203,1204137,SHT30,temperature_C,BASELINE,27.31251,True,PASS,False,NONE,27.31251,True,0,,100,HEALTHY
sht30_temperature_v02,0,1204,1205137,SHT30,temperature_C,BASELINE,27.29916,True,PASS,False,NONE,27.29916,True,0,,100,HEALTHY
sht30_temperature_v02,0,1205,1206137,SHT30,temperature_C,BASELINE,27.32586,True,PASS,False,NONE,27.32586,True,0,,100,HEALTHY
sht30_temperature_v02,0,1206,1207137,SHT30,temperature_C,BASELINE,27.31251,True,PASS,False,NONE,27.31251,True,0,,100,HEALTHY
sht30_temperature_v02,0,1207,1208137,SHT30,temperature_C,BASELINE,27.32586,True,PASS,False,NONE,27.32586,True,0,,100,HEALTHY
sht30_temperature_v02,0,1208,1209137,SHT30,temperature_C,BASELINE,27.29916,True,PASS,False,NONE,27.29916,True,0,,100,HEALTHY
sht30_temperature_v02,0,1209,1210137,SHT30,temperature_C,BASELINE,27.31251,True,PASS,False,NONE,27.31251,True,0,,100,HEALTHY
sht30_temperature_v02,0,1210,1211137,SHT30,temperature_C,BASELINE,27.32586,True,PASS,False,NONE,27.32586,True,0,,100,HEALTHY
sht30_temperature_v02,0,1211,1212137,SHT30,temperature_C,BASELINE,27.32586,True,PASS,False,NONE,27.32586,True,0,,100,HEALTHY
sht30_temperature_v02,0,1212,1213137,SHT30,temperature_C,BASELINE,27.32586,True,PASS,False,NONE,27.32586,True,0,,100,HEALTHY
sht30_temperature_v02,0,1213,1214137,SHT30,temperature_C,BASELINE,27.31251,True,PASS,False,NONE,27.31251,True,0,,100,HEALTHY
sht30_temperature_v02,0,1214,1215137,SHT30,temperature_C,BASELINE,27.33921,True,PASS,False,NONE,27.33921,True,0,,100,HEALTHY
sht30_temperature_v02,0,1215,1216137,SHT30,temperature_C,BASELINE,27.31251,True,PASS,False,NONE,27.31251,True,0,,100,HEALTHY
sht30_temperature_v02,0,1216,1217137,SHT30,temperature_C,BASELINE,27.31251,True,PASS,False,NONE,27.31251,True,0,,100,HEALTHY
sht30_temperature_v02,0,1217,1218137,SHT30,temperature_C,BASELINE,27.31251,True,PASS,False,NONE,27.31251,True,0,,100,HEALTHY
sht30_temperature_v02,0,1218,1219137,SHT30,temperature_C,BASELINE,27.33921,True,PASS,False,NONE,27.33921,True,0,,100,HEALTHY
sht30_temperature_v02,0,1219,1220137,SHT30,temperature_C,BASELINE,27.32586,True,PASS,False,NONE,27.32586,True,0,,100,HEALTHY
sht30_temperature_v02,0,1220,1221137,SHT30,temperature_C,BASELINE,27.31251,True,PASS,False,NONE,27.31251,True,0,,100,HEALTHY
sht30_temperature_v02,0,1221,1222137,SHT30,temperature_C,BASELINE,27.32586,True,PASS,False,NONE,27.32586,True,0,,100,HEALTHY
sht30_temperature_v02,0,1222,1223137,SHT30,temperature_C,BASELINE,27.32586,True,PASS,False,NONE,27.32586,True,0,,100,HEALTHY
sht30_temperature_v02,0,1223,1224137,SHT30,temperature_C,BASELINE,27.32586,True,PASS,False,NONE,27.32586,True,0,,100,HEALTHY
sht30_temperature_v02,0,1224,1225137,SHT30,temperature_C,BASELINE,27.32586,True,PASS,False,NONE,27.32586,True,0,,100,HEALTHY
sht30_temperature_v02,0,1225,1226137,SHT30,temperature_C,BASELINE,27.32586,True,PASS,False,NONE,27.32586,True,0,,100,HEALTHY
sht30_temperature_v02,0,1226,1227137,SHT30,temperature_C,BASELINE,27.31251,True,PASS,False,NONE,27.31251,True,0,,100,HEALTHY
sht30_temperature_v02,0,1227,1228137,SHT30,temperature_C,BASELINE,27.33921,True,PASS,False,NONE,27.33921,True,0,,100,HEALTHY
sht30_temperature_v02,0,1228,1229137,SHT30,temperature_C,BASELINE,27.31251,True,PASS,False,NONE,27.31251,True,0,,100,HEALTHY
sht30_temperature_v02,0,1229,1230137,SHT30,temperature_C,BASELINE,27.31251,True,PASS,False,NONE,27.31251,True,0,,100,HEALTHY
sht30_temperature_v02,0,1230,1231137,SHT30,temperature_C,BASELINE,27.32586,True,PASS,False,NONE,27.32586,True,0,,100,HEALTHY
sht30_temperature_v02,0,1231,1232137,SHT30,temperature_C,BASELINE,27.31251,True,PASS,False,NONE,27.31251,True,0,,100,HEALTHY
sht30_temperature_v02,0,1232,1233137,SHT30,temperature_C,BASELINE,27.32586,True,PASS,False,NONE,27.32586,True,0,,100,HEALTHY
sht30_temperature_v02,0,1233,1234137,SHT30,temperature_C,BASELINE,27.31251,True,PASS,False,NONE,27.31251,True,0,,100,HEALTHY
sht30_temperature_v02,0,1234,1235137,SHT30,temperature_C,BASELINE,27.32586,True,PASS,False,NONE,27.32586,True,0,,100,HEALTHY
sht30_temperature_v02,0,1235,1236137,SHT30,temperature_C,BASELINE,27.31251,True,PASS,False,NONE,27.31251,True,0,,100,HEALTHY
sht30_temperature_v02,0,1236,1237137,SHT30,temperature_C,BASELINE,27.31251,True,PASS,False,NONE,27.31251,True,0,,100,HEALTHY
sht30_temperature_v02,0,1237,1238137,SHT30,temperature_C,BASELINE,27.32586,True,PASS,False,NONE,27.32586,True,0,,100,HEALTHY
sht30_temperature_v02,0,1238,1239137,SHT30,temperature_C,BASELINE,27.32586,True,PASS,False,NONE,27.32586,True,0,,100,HEALTHY
sht30_temperature_v02,0,1239,1240137,SHT30,temperature_C,BASELINE,27.31251,True,PASS,False,NONE,27.31251,True,0,,100,HEALTHY
sht30_temperature_v02,0,1240,1241137,SHT30,temperature_C,BASELINE,27.31251,True,PASS,False,NONE,27.31251,True,0,,100,HEALTHY
sht30_temperature_v02,0,1241,1242137,SHT30,temperature_C,BASELINE,27.29916,True,PASS,False,NONE,27.29916,True,0,,100,HEALTHY
sht30_temperature_v02,0,1242,1243137,SHT30,temperature_C,BASELINE,27.31251,True,PASS,False,NONE,27.31251,True,0,,100,HEALTHY
sht30_temperature_v02,0,1243,1244137,SHT30,temperature_C,BASELINE,27.29916,True,PASS,False,NONE,27.29916,True,0,,100,HEALTHY
sht30_temperature_v02,0,1244,1245137,SHT30,temperature_C,BASELINE,27.29916,True,PASS,False,NONE,27.29916,True,0,,100,HEALTHY
sht30_temperature_v02,0,1245,1246137,SHT30,temperature_C,BASELINE,27.29916,True,PASS,False,NONE,27.29916,True,0,,100,HEALTHY
sht30_temperature_v02,0,1246,1247137,SHT30,temperature_C,BASELINE,27.31251,True,PASS,False,NONE,27.31251,True,0,,100,HEALTHY
sht30_temperature_v02,0,1247,1248137,SHT30,temperature_C,BASELINE,27.31251,True,PASS,False,NONE,27.31251,True,0,,100,HEALTHY
sht30_temperature_v02,0,1248,1249137,SHT30,temperature_C,BASELINE,27.32586,True,PASS,False,NONE,27.32586,True,0,,100,HEALTHY
sht30_temperature_v02,0,1249,1250137,SHT30,temperature_C,BASELINE,27.31251,True,PASS,False,NONE,27.31251,True,0,,100,HEALTHY
sht30_temperature_v02,0,1250,1251137,SHT30,temperature_C,BASELINE,27.31251,True,PASS,False,NONE,27.31251,True,0,,100,HEALTHY
sht30_temperature_v02,0,1251,1252137,SHT30,temperature_C,BASELINE,27.29916,True,PASS,False,NONE,27.29916,True,0,,100,HEALTHY
sht30_temperature_v02,0,1252,1253137,SHT30,temperature_C,BASELINE,27.28313,True,PASS,False,NONE,27.28313,True,0,,100,HEALTHY
sht30_temperature_v02,0,1253,1254137,SHT30,temperature_C,BASELINE,27.29916,True,PASS,False,NONE,27.29916,True,0,,100,HEALTHY
sht30_temperature_v02,0,1254,1255137,SHT30,temperature_C,BASELINE,27.31251,True,PASS,False,NONE,27.31251,True,0,,100,HEALTHY
sht30_temperature_v02,0,1255,1256137,SHT30,temperature_C,BASELINE,27.32586,True,PASS,False,NONE,27.32586,True,0,,100,HEALTHY
sht30_temperature_v02,0,1256,1257137,SHT30,temperature_C,BASELINE,27.29916,True,PASS,False,NONE,27.29916,True,0,,100,HEALTHY
sht30_temperature_v02,0,1257,1258137,SHT30,temperature_C,BASELINE,27.31251,True,PASS,False,NONE,27.31251,True,0,,100,HEALTHY
sht30_temperature_v02,0,1258,1259137,SHT30,temperature_C,BASELINE,27.31251,True,PASS,False,NONE,27.31251,True,0,,100,HEALTHY
sht30_temperature_v02,0,1259,1260137,SHT30,temperature_C,BASELINE,27.32586,True,PASS,False,NONE,27.32586,True,0,,100,HEALTHY
sht30_temperature_v02,0,1260,1261137,SHT30,temperature_C,BASELINE,27.32586,True,PASS,False,NONE,27.32586,True,0,,100,HEALTHY
sht30_temperature_v02,0,1261,1262137,SHT30,temperature_C,BASELINE,27.29916,True,PASS,False,NONE,27.29916,True,0,,100,HEALTHY
sht30_temperature_v02,0,1262,1263137,SHT30,temperature_C,BASELINE,27.32586,True,PASS,False,NONE,27.32586,True,0,,100,HEALTHY
sht30_temperature_v02,0,1263,1264137,SHT30,temperature_C,BASELINE,27.31251,True,PASS,False,NONE,27.31251,True,0,,100,HEALTHY
sht30_temperature_v02,0,1264,1265137,SHT30,temperature_C,BASELINE,27.31251,True,PASS,False,NONE,27.31251,True,0,,100,HEALTHY
sht30_temperature_v02,0,1265,1266137,SHT30,temperature_C,BASELINE,27.31251,True,PASS,False,NONE,27.31251,True,0,,100,HEALTHY
sht30_temperature_v02,0,1266,1267137,SHT30,temperature_C,BASELINE,27.31251,True,PASS,False,NONE,27.31251,True,0,,100,HEALTHY
sht30_temperature_v02,0,1267,1268137,SHT30,temperature_C,BASELINE,27.31251,True,PASS,False,NONE,27.31251,True,0,,100,HEALTHY
sht30_temperature_v02,0,1268,1269137,SHT30,temperature_C,BASELINE,27.28313,True,PASS,False,NONE,27.28313,True,0,,100,HEALTHY
sht30_temperature_v02,0,1269,1270137,SHT30,temperature_C,BASELINE,27.25643,True,PASS,False,NONE,27.25643,True,0,,100,HEALTHY
sht30_temperature_v02,0,1270,1271137,SHT30,temperature_C,BASELINE,27.31251,True,PASS,False,NONE,27.31251,True,0,,100,HEALTHY
sht30_temperature_v02,0,1271,1272137,SHT30,temperature_C,BASELINE,27.32586,True,PASS,False,NONE,27.32586,True,0,,100,HEALTHY
sht30_temperature_v02,0,1272,1273137,SHT30,temperature_C,BASELINE,27.31251,True,PASS,False,NONE,27.31251,True,0,,100,HEALTHY
sht30_temperature_v02,0,1273,1274137,SHT30,temperature_C,BASELINE,27.32586,True,PASS,False,NONE,27.32586,True,0,,100,HEALTHY
sht30_temperature_v02,0,1274,1275137,SHT30,temperature_C,BASELINE,27.29916,True,PASS,False,NONE,27.29916,True,0,,100,HEALTHY
sht30_temperature_v02,0,1275,1276137,SHT30,temperature_C,BASELINE,27.32586,True,PASS,False,NONE,27.32586,True,0,,100,HEALTHY
sht30_temperature_v02,0,1276,1277137,SHT30,temperature_C,BASELINE,27.28313,True,PASS,False,NONE,27.28313,True,0,,100,HEALTHY
sht30_temperature_v02,0,1277,1278137,SHT30,temperature_C,BASELINE,27.31251,True,PASS,False,NONE,27.31251,True,0,,100,HEALTHY
sht30_temperature_v02,0,1278,1279137,SHT30,temperature_C,BASELINE,27.31251,True,PASS,False,NONE,27.31251,True,0,,100,HEALTHY
sht30_temperature_v02,0,1279,1280137,SHT30,temperature_C,BASELINE,27.31251,True,PASS,False,NONE,27.31251,True,0,,100,HEALTHY
sht30_temperature_v02,0,1280,1281137,SHT30,temperature_C,BASELINE,27.29916,True,PASS,False,NONE,27.29916,True,0,,100,HEALTHY
sht30_temperature_v02,0,1281,1282137,SHT30,temperature_C,BASELINE,27.29916,True,PASS,False,NONE,27.29916,True,0,,100,HEALTHY
sht30_temperature_v02,0,1282,1283137,SHT30,temperature_C,BASELINE,27.31251,True,PASS,False,NONE,27.31251,True,0,,100,HEALTHY
sht30_temperature_v02,0,1283,1284137,SHT30,temperature_C,BASELINE,27.28313,True,PASS,False,NONE,27.28313,True,0,,100,HEALTHY
sht30_temperature_v02,0,1284,1285137,SHT30,temperature_C,BASELINE,27.31251,True,PASS,False,NONE,27.31251,True,0,,100,HEALTHY
sht30_temperature_v02,0,1285,1286137,SHT30,temperature_C,BASELINE,27.31251,True,PASS,False,NONE,27.31251,True,0,,100,HEALTHY
sht30_temperature_v02,0,1286,1287137,SHT30,temperature_C,BASELINE,27.28313,True,PASS,False,NONE,27.28313,True,0,,100,HEALTHY
sht30_temperature_v02,0,1287,1288137,SHT30,temperature_C,BASELINE,27.29916,True,PASS,False,NONE,27.29916,True,0,,100,HEALTHY
sht30_temperature_v02,0,1288,1289137,SHT30,temperature_C,BASELINE,27.29916,True,PASS,False,NONE,27.29916,True,0,,100,HEALTHY
sht30_temperature_v02,0,1289,1290137,SHT30,temperature_C,BASELINE,27.31251,True,PASS,False,NONE,27.31251,True,0,,100,HEALTHY
sht30_temperature_v02,0,1290,1291137,SHT30,temperature_C,BASELINE,27.31251,True,PASS,False,NONE,27.31251,True,0,,100,HEALTHY
sht30_temperature_v02,0,1291,1292137,SHT30,temperature_C,BASELINE,27.29916,True,PASS,False,NONE,27.29916,True,0,,100,HEALTHY
sht30_temperature_v02,0,1292,1293137,SHT30,temperature_C,BASELINE,27.31251,True,PASS,False,NONE,27.31251,True,0,,100,HEALTHY
sht30_temperature_v02,0,1293,1294137,SHT30,temperature_C,BASELINE,27.31251,True,PASS,False,NONE,27.31251,True,0,,100,HEALTHY
sht30_temperature_v02,0,1294,1295137,SHT30,temperature_C,BASELINE,27.32586,True,PASS,False,NONE,27.32586,True,0,,100,HEALTHY
sht30_temperature_v02,0,1295,1296137,SHT30,temperature_C,BASELINE,27.31251,True,PASS,False,NONE,27.31251,True,0,,100,HEALTHY
sht30_temperature_v02,0,1296,1297137,SHT30,temperature_C,BASELINE,27.28313,True,PASS,False,NONE,27.28313,True,0,,100,HEALTHY
sht30_temperature_v02,0,1297,1298137,SHT30,temperature_C,BASELINE,27.32586,True,PASS,False,NONE,27.32586,True,0,,100,HEALTHY
sht30_temperature_v02,0,1298,1299137,SHT30,temperature_C,BASELINE,27.28313,True,PASS,False,NONE,27.28313,True,0,,100,HEALTHY
sht30_temperature_v02,0,1299,1300137,SHT30,temperature_C,BASELINE,27.29916,True,PASS,False,NONE,27.29916,True,0,,100,HEALTHY
sht30_temperature_v02,0,1300,1301137,SHT30,temperature_C,BASELINE,27.28313,True,PASS,False,NONE,27.28313,True,0,,100,HEALTHY
sht30_temperature_v02,0,1301,1302137,SHT30,temperature_C,BASELINE,27.29916,True,PASS,False,NONE,27.29916,True,0,,100,HEALTHY
sht30_temperature_v02,0,1302,1303137,SHT30,temperature_C,BASELINE,27.28313,True,PASS,False,NONE,27.28313,True,0,,100,HEALTHY
sht30_temperature_v02,0,1303,1304137,SHT30,temperature_C,BASELINE,27.28313,True,PASS,False,NONE,27.28313,True,0,,100,HEALTHY
sht30_temperature_v02,0,1304,1305137,SHT30,temperature_C,BASELINE,27.32586,True,PASS,False,NONE,27.32586,True,0,,100,HEALTHY
sht30_temperature_v02,0,1305,1306137,SHT30,temperature_C,BASELINE,27.31251,True,PASS,False,NONE,27.31251,True,0,,100,HEALTHY
sht30_temperature_v02,0,1306,1307137,SHT30,temperature_C,BASELINE,27.32586,True,PASS,False,NONE,27.32586,True,0,,100,HEALTHY
sht30_temperature_v02,0,1307,1308137,SHT30,temperature_C,BASELINE,27.32586,True,PASS,False,NONE,27.32586,True,0,,100,HEALTHY
sht30_temperature_v02,0,1308,1309137,SHT30,temperature_C,BASELINE,27.31251,True,PASS,False,NONE,27.31251,True,0,,100,HEALTHY
sht30_temperature_v02,0,1309,1310137,SHT30,temperature_C,BASELINE,27.31251,True,PASS,False,NONE,27.31251,True,0,,100,HEALTHY
sht30_temperature_v02,0,1310,1311137,SHT30,temperature_C,BASELINE,27.33921,True,PASS,False,NONE,27.33921,True,0,,100,HEALTHY
sht30_temperature_v02,0,1311,1312137,SHT30,temperature_C,BASELINE,27.35523,True,PASS,False,NONE,27.35523,True,0,,100,HEALTHY
sht30_temperature_v02,0,1312,1313137,SHT30,temperature_C,BASELINE,27.35523,True,PASS,False,NONE,27.35523,True,0,,100,HEALTHY
sht30_temperature_v02,0,1313,1314137,SHT30,temperature_C,BASELINE,27.36858,True,PASS,False,NONE,27.36858,True,0,,100,HEALTHY
sht30_temperature_v02,0,1314,1315137,SHT30,temperature_C,BASELINE,27.36858,True,PASS,False,NONE,27.36858,True,0,,100,HEALTHY
sht30_temperature_v02,0,1315,1316137,SHT30,temperature_C,BASELINE,27.35523,True,PASS,False,NONE,27.35523,True,0,,100,HEALTHY
sht30_temperature_v02,0,1316,1317137,SHT30,temperature_C,BASELINE,27.36858,True,PASS,False,NONE,27.36858,True,0,,100,HEALTHY
sht30_temperature_v02,0,1317,1318137,SHT30,temperature_C,BASELINE,27.36858,True,PASS,False,NONE,27.36858,True,0,,100,HEALTHY
sht30_temperature_v02,0,1318,1319137,SHT30,temperature_C,BASELINE,27.38194,True,PASS,False,NONE,27.38194,True,0,,100,HEALTHY
sht30_temperature_v02,0,1319,1320137,SHT30,temperature_C,BASELINE,27.38194,True,PASS,False,NONE,27.38194,True,0,,100,HEALTHY
sht30_temperature_v02,0,1320,1321137,SHT30,temperature_C,BASELINE,27.41131,True,PASS,False,NONE,27.41131,True,0,,100,HEALTHY
sht30_temperature_v02,0,1321,1322137,SHT30,temperature_C,BASELINE,27.41131,True,PASS,False,NONE,27.41131,True,0,,100,HEALTHY
sht30_temperature_v02,0,1322,1323137,SHT30,temperature_C,BASELINE,27.39796,True,PASS,False,NONE,27.39796,True,0,,100,HEALTHY
sht30_temperature_v02,0,1323,1324137,SHT30,temperature_C,BASELINE,27.39796,True,PASS,False,NONE,27.39796,True,0,,100,HEALTHY
sht30_temperature_v02,0,1324,1325137,SHT30,temperature_C,BASELINE,27.41131,True,PASS,False,NONE,27.41131,True,0,,100,HEALTHY
sht30_temperature_v02,0,1325,1326137,SHT30,temperature_C,BASELINE,27.42466,True,PASS,False,NONE,27.42466,True,0,,100,HEALTHY
sht30_temperature_v02,0,1326,1327137,SHT30,temperature_C,BASELINE,27.41131,True,PASS,False,NONE,27.41131,True,0,,100,HEALTHY
sht30_temperature_v02,0,1327,1328137,SHT30,temperature_C,BASELINE,27.42466,True,PASS,False,NONE,27.42466,True,0,,100,HEALTHY
sht30_temperature_v02,0,1328,1329137,SHT30,temperature_C,BASELINE,27.42466,True,PASS,False,NONE,27.42466,True,0,,100,HEALTHY
sht30_temperature_v02,0,1329,1330137,SHT30,temperature_C,BASELINE,27.42466,True,PASS,False,NONE,27.42466,True,0,,100,HEALTHY
sht30_temperature_v02,0,1330,1331137,SHT30,temperature_C,BASELINE,27.43801,True,PASS,False,NONE,27.43801,True,0,,100,HEALTHY
sht30_temperature_v02,0,1331,1332137,SHT30,temperature_C,BASELINE,27.43801,True,PASS,False,NONE,27.43801,True,0,,100,HEALTHY
sht30_temperature_v02,0,1332,1333137,SHT30,temperature_C,BASELINE,27.41131,True,PASS,False,NONE,27.41131,True,0,,100,HEALTHY
sht30_temperature_v02,0,1333,1334137,SHT30,temperature_C,BASELINE,27.45403,True,PASS,False,NONE,27.45403,True,0,,100,HEALTHY
sht30_temperature_v02,0,1334,1335137,SHT30,temperature_C,BASELINE,27.45403,True,PASS,False,NONE,27.45403,True,0,,100,HEALTHY
sht30_temperature_v02,0,1335,1336137,SHT30,temperature_C,BASELINE,27.45403,True,PASS,False,NONE,27.45403,True,0,,100,HEALTHY
sht30_temperature_v02,0,1336,1337137,SHT30,temperature_C,BASELINE,27.43801,True,PASS,False,NONE,27.43801,True,0,,100,HEALTHY
sht30_temperature_v02,0,1337,1338137,SHT30,temperature_C,BASELINE,27.45403,True,PASS,False,NONE,27.45403,True,0,,100,HEALTHY
sht30_temperature_v02,0,1338,1339137,SHT30,temperature_C,BASELINE,27.45403,True,PASS,False,NONE,27.45403,True,0,,100,HEALTHY
sht30_temperature_v02,0,1339,1340137,SHT30,temperature_C,BASELINE,27.48074,True,PASS,False,NONE,27.48074,True,0,,100,HEALTHY
sht30_temperature_v02,0,1340,1341137,SHT30,temperature_C,BASELINE,27.43801,True,PASS,False,NONE,27.43801,True,0,,100,HEALTHY
sht30_temperature_v02,0,1341,1342137,SHT30,temperature_C,BASELINE,27.42466,True,PASS,False,NONE,27.42466,True,0,,100,HEALTHY
sht30_temperature_v02,0,1342,1343137,SHT30,temperature_C,BASELINE,27.45403,True,PASS,False,NONE,27.45403,True,0,,100,HEALTHY
sht30_temperature_v02,0,1343,1344137,SHT30,temperature_C,BASELINE,27.45403,True,PASS,False,NONE,27.45403,True,0,,100,HEALTHY
sht30_temperature_v02,0,1344,1345137,SHT30,temperature_C,BASELINE,27.45403,True,PASS,False,NONE,27.45403,True,0,,100,HEALTHY
sht30_temperature_v02,0,1345,1346137,SHT30,temperature_C,BASELINE,27.45403,True,PASS,False,NONE,27.45403,True,0,,100,HEALTHY
sht30_temperature_v02,0,1346,1347137,SHT30,temperature_C,BASELINE,27.43801,True,PASS,False,NONE,27.43801,True,0,,100,HEALTHY
sht30_temperature_v02,0,1347,1348137,SHT30,temperature_C,BASELINE,27.49409,True,PASS,False,NONE,27.49409,True,0,,100,HEALTHY
sht30_temperature_v02,0,1348,1349137,SHT30,temperature_C,BASELINE,27.46738,True,PASS,False,NONE,27.46738,True,0,,100,HEALTHY
sht30_temperature_v02,0,1349,1350137,SHT30,temperature_C,BASELINE,27.46738,True,PASS,False,NONE,27.46738,True,0,,100,HEALTHY
sht30_temperature_v02,0,1350,1351137,SHT30,temperature_C,BASELINE,27.48074,True,PASS,False,NONE,27.48074,True,0,,100,HEALTHY
sht30_temperature_v02,0,1351,1352137,SHT30,temperature_C,BASELINE,27.45403,True,PASS,False,NONE,27.45403,True,0,,100,HEALTHY
sht30_temperature_v02,0,1352,1353137,SHT30,temperature_C,BASELINE,27.48074,True,PASS,False,NONE,27.48074,True,0,,100,HEALTHY
sht30_temperature_v02,0,1353,1354137,SHT30,temperature_C,BASELINE,27.48074,True,PASS,False,NONE,27.48074,True,0,,100,HEALTHY
sht30_temperature_v02,0,1354,1355137,SHT30,temperature_C,BASELINE,27.49409,True,PASS,False,NONE,27.49409,True,0,,100,HEALTHY
sht30_temperature_v02,0,1355,1356137,SHT30,temperature_C,BASELINE,27.48074,True,PASS,False,NONE,27.48074,True,0,,100,HEALTHY
sht30_temperature_v02,0,1356,1357137,SHT30,temperature_C,BASELINE,27.48074,True,PASS,False,NONE,27.48074,True,0,,100,HEALTHY
sht30_temperature_v02,0,1357,1358137,SHT30,temperature_C,BASELINE,27.49409,True,PASS,False,NONE,27.49409,True,0,,100,HEALTHY
sht30_temperature_v02,0,1358,1359137,SHT30,temperature_C,BASELINE,27.46738,True,PASS,False,NONE,27.46738,True,0,,100,HEALTHY
sht30_temperature_v02,0,1359,1360137,SHT30,temperature_C,BASELINE,27.49409,True,PASS,False,NONE,27.49409,True,0,,100,HEALTHY
sht30_temperature_v02,0,1360,1361137,SHT30,temperature_C,BASELINE,27.46738,True,PASS,False,NONE,27.46738,True,0,,100,HEALTHY
sht30_temperature_v02,0,1361,1362137,SHT30,temperature_C,BASELINE,27.45403,True,PASS,False,NONE,27.45403,True,0,,100,HEALTHY
sht30_temperature_v02,0,1362,1363137,SHT30,temperature_C,BASELINE,27.46738,True,PASS,False,NONE,27.46738,True,0,,100,HEALTHY
sht30_temperature_v02,0,1363,1364137,SHT30,temperature_C,BASELINE,27.48074,True,PASS,False,NONE,27.48074,True,0,,100,HEALTHY
sht30_temperature_v02,0,1364,1365137,SHT30,temperature_C,BASELINE,27.48074,True,PASS,False,NONE,27.48074,True,0,,100,HEALTHY
sht30_temperature_v02,0,1365,1366137,SHT30,temperature_C,BASELINE,27.46738,True,PASS,False,NONE,27.46738,True,0,,100,HEALTHY
sht30_temperature_v02,0,1366,1367137,SHT30,temperature_C,BASELINE,27.49409,True,PASS,False,NONE,27.49409,True,0,,100,HEALTHY
sht30_temperature_v02,0,1367,1368137,SHT30,temperature_C,BASELINE,27.46738,True,PASS,False,NONE,27.46738,True,0,,100,HEALTHY
sht30_temperature_v02,0,1368,1369137,SHT30,temperature_C,BASELINE,27.48074,True,PASS,False,NONE,27.48074,True,0,,100,HEALTHY
sht30_temperature_v02,0,1369,1370137,SHT30,temperature_C,BASELINE,27.48074,True,PASS,False,NONE,27.48074,True,0,,100,HEALTHY
sht30_temperature_v02,0,1370,1371137,SHT30,temperature_C,BASELINE,27.46738,True,PASS,False,NONE,27.46738,True,0,,100,HEALTHY
sht30_temperature_v02,0,1371,1372137,SHT30,temperature_C,BASELINE,27.45403,True,PASS,False,NONE,27.45403,True,0,,100,HEALTHY
sht30_temperature_v02,0,1372,1373137,SHT30,temperature_C,BASELINE,27.45403,True,PASS,False,NONE,27.45403,True,0,,100,HEALTHY
sht30_temperature_v02,0,1373,1374137,SHT30,temperature_C,BASELINE,27.46738,True,PASS,False,NONE,27.46738,True,0,,100,HEALTHY
sht30_temperature_v02,0,1374,1375137,SHT30,temperature_C,BASELINE,27.46738,True,PASS,False,NONE,27.46738,True,0,,100,HEALTHY
sht30_temperature_v02,0,1375,1376137,SHT30,temperature_C,BASELINE,27.43801,True,PASS,False,NONE,27.43801,True,0,,100,HEALTHY
sht30_temperature_v02,0,1376,1377137,SHT30,temperature_C,BASELINE,27.45403,True,PASS,False,NONE,27.45403,True,0,,100,HEALTHY
sht30_temperature_v02,0,1377,1378137,SHT30,temperature_C,BASELINE,27.45403,True,PASS,False,NONE,27.45403,True,0,,100,HEALTHY
sht30_temperature_v02,0,1378,1379137,SHT30,temperature_C,BASELINE,27.43801,True,PASS,False,NONE,27.43801,True,0,,100,HEALTHY
sht30_temperature_v02,0,1379,1380137,SHT30,temperature_C,BASELINE,27.41131,True,PASS,False,NONE,27.41131,True,0,,100,HEALTHY
sht30_temperature_v02,0,1380,1381137,SHT30,temperature_C,BASELINE,27.45403,True,PASS,False,NONE,27.45403,True,0,,100,HEALTHY
sht30_temperature_v02,0,1381,1382137,SHT30,temperature_C,BASELINE,27.43801,True,PASS,False,NONE,27.43801,True,0,,100,HEALTHY
sht30_temperature_v02,0,1382,1383137,SHT30,temperature_C,BASELINE,27.45403,True,PASS,False,NONE,27.45403,True,0,,100,HEALTHY
sht30_temperature_v02,0,1383,1384137,SHT30,temperature_C,BASELINE,27.43801,True,PASS,False,NONE,27.43801,True,0,,100,HEALTHY
sht30_temperature_v02,0,1384,1385137,SHT30,temperature_C,BASELINE,27.45403,True,PASS,False,NONE,27.45403,True,0,,100,HEALTHY
sht30_temperature_v02,0,1385,1386137,SHT30,temperature_C,BASELINE,27.42466,True,PASS,False,NONE,27.42466,True,0,,100,HEALTHY
sht30_temperature_v02,0,1386,1387137,SHT30,temperature_C,BASELINE,27.43801,True,PASS,False,NONE,27.43801,True,0,,100,HEALTHY
sht30_temperature_v02,0,1387,1388137,SHT30,temperature_C,BASELINE,27.43801,True,PASS,False,NONE,27.43801,True,0,,100,HEALTHY
sht30_temperature_v02,0,1388,1389137,SHT30,temperature_C,BASELINE,27.43801,True,PASS,False,NONE,27.43801,True,0,,100,HEALTHY
sht30_temperature_v02,0,1389,1390137,SHT30,temperature_C,BASELINE,27.42466,True,PASS,False,NONE,27.42466,True,0,,100,HEALTHY
sht30_temperature_v02,0,1390,1391137,SHT30,temperature_C,BASELINE,27.39796,True,PASS,False,NONE,27.39796,True,0,,100,HEALTHY
sht30_temperature_v02,0,1391,1392137,SHT30,temperature_C,BASELINE,27.41131,True,PASS,False,NONE,27.41131,True,0,,100,HEALTHY
sht30_temperature_v02,0,1392,1393137,SHT30,temperature_C,BASELINE,27.43801,True,PASS,False,NONE,27.43801,True,0,,100,HEALTHY
sht30_temperature_v02,0,1393,1394137,SHT30,temperature_C,BASELINE,27.41131,True,PASS,False,NONE,27.41131,True,0,,100,HEALTHY
sht30_temperature_v02,0,1394,1395137,SHT30,temperature_C,BASELINE,27.41131,True,PASS,False,NONE,27.41131,True,0,,100,HEALTHY
sht30_temperature_v02,0,1395,1396137,SHT30,temperature_C,BASELINE,27.39796,True,PASS,False,NONE,27.39796,True,0,,100,HEALTHY
sht30_temperature_v02,0,1396,1397137,SHT30,temperature_C,BASELINE,27.41131,True,PASS,False,NONE,27.41131,True,0,,100,HEALTHY
sht30_temperature_v02,0,1397,1398137,SHT30,temperature_C,BASELINE,27.39796,True,PASS,False,NONE,27.39796,True,0,,100,HEALTHY
sht30_temperature_v02,0,1398,1399137,SHT30,temperature_C,BASELINE,27.41131,True,PASS,False,NONE,27.41131,True,0,,100,HEALTHY
sht30_temperature_v02,0,1399,1400137,SHT30,temperature_C,BASELINE,27.39796,True,PASS,False,NONE,27.39796,True,0,,100,HEALTHY
sht30_temperature_v02,0,1400,1401137,SHT30,temperature_C,BASELINE,27.38194,True,PASS,False,NONE,27.38194,True,0,,100,HEALTHY
sht30_temperature_v02,0,1401,1402137,SHT30,temperature_C,BASELINE,27.39796,True,PASS,False,NONE,27.39796,True,0,,100,HEALTHY
sht30_temperature_v02,0,1402,1403137,SHT30,temperature_C,BASELINE,27.38194,True,PASS,False,NONE,27.38194,True,0,,100,HEALTHY
sht30_temperature_v02,0,1403,1404137,SHT30,temperature_C,BASELINE,27.39796,True,PASS,False,NONE,27.39796,True,0,,100,HEALTHY
sht30_temperature_v02,0,1404,1405137,SHT30,temperature_C,BASELINE,27.41131,True,PASS,False,NONE,27.41131,True,0,,100,HEALTHY
sht30_temperature_v02,0,1405,1406137,SHT30,temperature_C,BASELINE,27.39796,True,PASS,False,NONE,27.39796,True,0,,100,HEALTHY
sht30_temperature_v02,0,1406,1407137,SHT30,temperature_C,BASELINE,27.39796,True,PASS,False,NONE,27.39796,True,0,,100,HEALTHY
sht30_temperature_v02,0,1407,1408137,SHT30,temperature_C,BASELINE,27.41131,True,PASS,False,NONE,27.41131,True,0,,100,HEALTHY
sht30_temperature_v02,0,1408,1409137,SHT30,temperature_C,BASELINE,27.41131,True,PASS,False,NONE,27.41131,True,0,,100,HEALTHY
sht30_temperature_v02,0,1409,1410137,SHT30,temperature_C,BASELINE,27.41131,True,PASS,False,NONE,27.41131,True,0,,100,HEALTHY
sht30_temperature_v02,0,1410,1411137,SHT30,temperature_C,BASELINE,27.39796,True,PASS,False,NONE,27.39796,True,0,,100,HEALTHY
sht30_temperature_v02,0,1411,1412137,SHT30,temperature_C,BASELINE,27.41131,True,PASS,False,NONE,27.41131,True,0,,100,HEALTHY
sht30_temperature_v02,0,1412,1413137,SHT30,temperature_C,BASELINE,27.41131,True,PASS,False,NONE,27.41131,True,0,,100,HEALTHY
sht30_temperature_v02,0,1413,1414137,SHT30,temperature_C,BASELINE,27.39796,True,PASS,False,NONE,27.39796,True,0,,100,HEALTHY
sht30_temperature_v02,0,1414,1415137,SHT30,temperature_C,BASELINE,27.41131,True,PASS,False,NONE,27.41131,True,0,,100,HEALTHY
sht30_temperature_v02,0,1415,1416137,SHT30,temperature_C,BASELINE,27.41131,True,PASS,False,NONE,27.41131,True,0,,100,HEALTHY
sht30_temperature_v02,0,1416,1417137,SHT30,temperature_C,BASELINE,27.42466,True,PASS,False,NONE,27.42466,True,0,,100,HEALTHY
sht30_temperature_v02,0,1417,1418137,SHT30,temperature_C,BASELINE,27.42466,True,PASS,False,NONE,27.42466,True,0,,100,HEALTHY
sht30_temperature_v02,0,1418,1419137,SHT30,temperature_C,BASELINE,27.41131,True,PASS,False,NONE,27.41131,True,0,,100,HEALTHY
sht30_temperature_v02,0,1419,1420137,SHT30,temperature_C,BASELINE,27.41131,True,PASS,False,NONE,27.41131,True,0,,100,HEALTHY
sht30_temperature_v02,0,1420,1421137,SHT30,temperature_C,BASELINE,27.42466,True,PASS,False,NONE,27.42466,True,0,,100,HEALTHY
sht30_temperature_v02,0,1421,1422137,SHT30,temperature_C,BASELINE,27.41131,True,PASS,False,NONE,27.41131,True,0,,100,HEALTHY
sht30_temperature_v02,0,1422,1423137,SHT30,temperature_C,BASELINE,27.42466,True,PASS,False,NONE,27.42466,True,0,,100,HEALTHY
sht30_temperature_v02,0,1423,1424137,SHT30,temperature_C,BASELINE,27.42466,True,PASS,False,NONE,27.42466,True,0,,100,HEALTHY
sht30_temperature_v02,0,1424,1425137,SHT30,temperature_C,BASELINE,27.43801,True,PASS,False,NONE,27.43801,True,0,,100,HEALTHY
sht30_temperature_v02,0,1425,1426137,SHT30,temperature_C,BASELINE,27.41131,True,PASS,False,NONE,27.41131,True,0,,100,HEALTHY
sht30_temperature_v02,0,1426,1427137,SHT30,temperature_C,BASELINE,27.41131,True,PASS,False,NONE,27.41131,True,0,,100,HEALTHY
sht30_temperature_v02,0,1427,1428137,SHT30,temperature_C,BASELINE,27.42466,True,PASS,False,NONE,27.42466,True,0,,100,HEALTHY
sht30_temperature_v02,0,1428,1429137,SHT30,temperature_C,BASELINE,27.42466,True,PASS,False,NONE,27.42466,True,0,,100,HEALTHY
sht30_temperature_v02,0,1429,1430137,SHT30,temperature_C,BASELINE,27.39796,True,PASS,False,NONE,27.39796,True,0,,100,HEALTHY
sht30_temperature_v02,0,1430,1431137,SHT30,temperature_C,BASELINE,27.39796,True,PASS,False,NONE,27.39796,True,0,,100,HEALTHY
sht30_temperature_v02,0,1431,1432137,SHT30,temperature_C,BASELINE,27.39796,True,PASS,False,NONE,27.39796,True,0,,100,HEALTHY
sht30_temperature_v02,0,1432,1433137,SHT30,temperature_C,BASELINE,27.41131,True,PASS,False,NONE,27.41131,True,0,,100,HEALTHY
sht30_temperature_v02,0,1433,1434137,SHT30,temperature_C,BASELINE,27.42466,True,PASS,False,NONE,27.42466,True,0,,100,HEALTHY
sht30_temperature_v02,0,1434,1435137,SHT30,temperature_C,BASELINE,27.38194,True,PASS,False,NONE,27.38194,True,0,,100,HEALTHY
sht30_temperature_v02,0,1435,1436137,SHT30,temperature_C,BASELINE,27.42466,True,PASS,False,NONE,27.42466,True,0,,100,HEALTHY
sht30_temperature_v02,0,1436,1437137,SHT30,temperature_C,BASELINE,27.42466,True,PASS,False,NONE,27.42466,True,0,,100,HEALTHY
sht30_temperature_v02,0,1437,1438137,SHT30,temperature_C,BASELINE,27.42466,True,PASS,False,NONE,27.42466,True,0,,100,HEALTHY
sht30_temperature_v02,0,1438,1439137,SHT30,temperature_C,BASELINE,27.43801,True,PASS,False,NONE,27.43801,True,0,,100,HEALTHY
sht30_temperature_v02,0,1439,1440137,SHT30,temperature_C,BASELINE,27.41131,True,PASS,False,NONE,27.41131,True,0,,100,HEALTHY
sht30_temperature_v02,0,1440,1441137,SHT30,temperature_C,BASELINE,27.41131,True,PASS,False,NONE,27.41131,True,0,,100,HEALTHY
sht30_temperature_v02,0,1441,1442137,SHT30,temperature_C,BASELINE,27.41131,True,PASS,False,NONE,27.41131,True,0,,100,HEALTHY
sht30_temperature_v02,0,1442,1443137,SHT30,temperature_C,BASELINE,27.39796,True,PASS,False,NONE,27.39796,True,0,,100,HEALTHY
sht30_temperature_v02,0,1443,1444137,SHT30,temperature_C,BASELINE,27.42466,True,PASS,False,NONE,27.42466,True,0,,100,HEALTHY
sht30_temperature_v02,0,1444,1445137,SHT30,temperature_C,BASELINE,27.43801,True,PASS,False,NONE,27.43801,True,0,,100,HEALTHY
sht30_temperature_v02,0,1445,1446137,SHT30,temperature_C,BASELINE,27.39796,True,PASS,False,NONE,27.39796,True,0,,100,HEALTHY
sht30_temperature_v02,0,1446,1447137,SHT30,temperature_C,BASELINE,27.42466,True,PASS,False,NONE,27.42466,True,0,,100,HEALTHY
sht30_temperature_v02,0,1447,1448137,SHT30,temperature_C,BASELINE,27.42466,True,PASS,False,NONE,27.42466,True,0,,100,HEALTHY
sht30_temperature_v02,0,1448,1449137,SHT30,temperature_C,BASELINE,27.42466,True,PASS,False,NONE,27.42466,True,0,,100,HEALTHY
sht30_temperature_v02,0,1449,1450137,SHT30,temperature_C,BASELINE,27.42466,True,PASS,False,NONE,27.42466,True,0,,100,HEALTHY
sht30_temperature_v02,0,1450,1451137,SHT30,temperature_C,BASELINE,27.43801,True,PASS,False,NONE,27.43801,True,0,,100,HEALTHY
sht30_temperature_v02,0,1451,1452137,SHT30,temperature_C,BASELINE,27.45403,True,PASS,False,NONE,27.45403,True,0,,100,HEALTHY
sht30_temperature_v02,0,1452,1453137,SHT30,temperature_C,BASELINE,27.45403,True,PASS,False,NONE,27.45403,True,0,,100,HEALTHY
sht30_temperature_v02,0,1453,1454137,SHT30,temperature_C,BASELINE,27.46738,True,PASS,False,NONE,27.46738,True,0,,100,HEALTHY
sht30_temperature_v02,0,1454,1455137,SHT30,temperature_C,BASELINE,27.45403,True,PASS,False,NONE,27.45403,True,0,,100,HEALTHY
sht30_temperature_v02,0,1455,1456137,SHT30,temperature_C,BASELINE,27.48074,True,PASS,False,NONE,27.48074,True,0,,100,HEALTHY
sht30_temperature_v02,0,1456,1457137,SHT30,temperature_C,BASELINE,27.48074,True,PASS,False,NONE,27.48074,True,0,,100,HEALTHY
sht30_temperature_v02,0,1457,1458137,SHT30,temperature_C,BASELINE,27.45403,True,PASS,False,NONE,27.45403,True,0,,100,HEALTHY
sht30_temperature_v02,0,1458,1459137,SHT30,temperature_C,BASELINE,27.46738,True,PASS,False,NONE,27.46738,True,0,,100,HEALTHY
sht30_temperature_v02,0,1459,1460137,SHT30,temperature_C,BASELINE,27.48074,True,PASS,False,NONE,27.48074,True,0,,100,HEALTHY
sht30_temperature_v02,0,1460,1461137,SHT30,temperature_C,BASELINE,27.46738,True,PASS,False,NONE,27.46738,True,0,,100,HEALTHY
sht30_temperature_v02,0,1461,1462137,SHT30,temperature_C,BASELINE,27.46738,True,PASS,False,NONE,27.46738,True,0,,100,HEALTHY
sht30_temperature_v02,0,1462,1463137,SHT30,temperature_C,BASELINE,27.46738,True,PASS,False,NONE,27.46738,True,0,,100,HEALTHY
sht30_temperature_v02,0,1463,1464137,SHT30,temperature_C,BASELINE,27.43801,True,PASS,False,NONE,27.43801,True,0,,100,HEALTHY
sht30_temperature_v02,0,1464,1465137,SHT30,temperature_C,BASELINE,27.46738,True,PASS,False,NONE,27.46738,True,0,,100,HEALTHY
sht30_temperature_v02,0,1465,1466137,SHT30,temperature_C,BASELINE,27.46738,True,PASS,False,NONE,27.46738,True,0,,100,HEALTHY
sht30_temperature_v02,0,1466,1467137,SHT30,temperature_C,BASELINE,27.46738,True,PASS,False,NONE,27.46738,True,0,,100,HEALTHY
sht30_temperature_v02,0,1467,1468137,SHT30,temperature_C,BASELINE,27.43801,True,PASS,False,NONE,27.43801,True,0,,100,HEALTHY
sht30_temperature_v02,0,1468,1469137,SHT30,temperature_C,BASELINE,27.46738,True,PASS,False,NONE,27.46738,True,0,,100,HEALTHY
sht30_temperature_v02,0,1469,1470137,SHT30,temperature_C,BASELINE,27.45403,True,PASS,False,NONE,27.45403,True,0,,100,HEALTHY
sht30_temperature_v02,0,1470,1471137,SHT30,temperature_C,BASELINE,27.43801,True,PASS,False,NONE,27.43801,True,0,,100,HEALTHY
sht30_temperature_v02,0,1471,1472137,SHT30,temperature_C,BASELINE,27.45403,True,PASS,False,NONE,27.45403,True,0,,100,HEALTHY
sht30_temperature_v02,0,1472,1473137,SHT30,temperature_C,BASELINE,27.43801,True,PASS,False,NONE,27.43801,True,0,,100,HEALTHY
sht30_temperature_v02,0,1473,1474137,SHT30,temperature_C,BASELINE,27.46738,True,PASS,False,NONE,27.46738,True,0,,100,HEALTHY
sht30_temperature_v02,0,1474,1475137,SHT30,temperature_C,BASELINE,27.45403,True,PASS,False,NONE,27.45403,True,0,,100,HEALTHY
sht30_temperature_v02,0,1475,1476137,SHT30,temperature_C,BASELINE,27.43801,True,PASS,False,NONE,27.43801,True,0,,100,HEALTHY
sht30_temperature_v02,0,1476,1477137,SHT30,temperature_C,BASELINE,27.42466,True,PASS,False,NONE,27.42466,True,0,,100,HEALTHY
sht30_temperature_v02,0,1477,1478137,SHT30,temperature_C,BASELINE,27.45403,True,PASS,False,NONE,27.45403,True,0,,100,HEALTHY
sht30_temperature_v02,0,1478,1479137,SHT30,temperature_C,BASELINE,27.43801,True,PASS,False,NONE,27.43801,True,0,,100,HEALTHY
sht30_temperature_v02,0,1479,1480137,SHT30,temperature_C,BASELINE,27.43801,True,PASS,False,NONE,27.43801,True,0,,100,HEALTHY
sht30_temperature_v02,0,1480,1481137,SHT30,temperature_C,BASELINE,27.45403,True,PASS,False,NONE,27.45403,True,0,,100,HEALTHY
sht30_temperature_v02,0,1481,1482137,SHT30,temperature_C,BASELINE,27.45403,True,PASS,False,NONE,27.45403,True,0,,100,HEALTHY
sht30_temperature_v02,0,1482,1483137,SHT30,temperature_C,BASELINE,27.45403,True,PASS,False,NONE,27.45403,True,0,,100,HEALTHY
sht30_temperature_v02,0,1483,1484137,SHT30,temperature_C,BASELINE,27.45403,True,PASS,False,NONE,27.45403,True,0,,100,HEALTHY
sht30_temperature_v02,0,1484,1485137,SHT30,temperature_C,BASELINE,27.43801,True,PASS,False,NONE,27.43801,True,0,,100,HEALTHY
sht30_temperature_v02,0,1485,1486137,SHT30,temperature_C,BASELINE,27.43801,True,PASS,False,NONE,27.43801,True,0,,100,HEALTHY
sht30_temperature_v02,0,1486,1487137,SHT30,temperature_C,BASELINE,27.42466,True,PASS,False,NONE,27.42466,True,0,,100,HEALTHY
sht30_temperature_v02,0,1487,1488137,SHT30,temperature_C,BASELINE,27.43801,True,PASS,False,NONE,27.43801,True,0,,100,HEALTHY
sht30_temperature_v02,0,1488,1489137,SHT30,temperature_C,BASELINE,27.46738,True,PASS,False,NONE,27.46738,True,0,,100,HEALTHY
sht30_temperature_v02,0,1489,1490137,SHT30,temperature_C,BASELINE,27.42466,True,PASS,False,NONE,27.42466,True,0,,100,HEALTHY
sht30_temperature_v02,0,1490,1491137,SHT30,temperature_C,BASELINE,27.43801,True,PASS,False,NONE,27.43801,True,0,,100,HEALTHY
sht30_temperature_v02,0,1491,1492137,SHT30,temperature_C,BASELINE,27.42466,True,PASS,False,NONE,27.42466,True,0,,100,HEALTHY
sht30_temperature_v02,0,1492,1493137,SHT30,temperature_C,BASELINE,27.41131,True,PASS,False,NONE,27.41131,True,0,,100,HEALTHY
sht30_temperature_v02,0,1493,1494137,SHT30,temperature_C,BASELINE,27.43801,True,PASS,False,NONE,27.43801,True,0,,100,HEALTHY
sht30_temperature_v02,0,1494,1495137,SHT30,temperature_C,BASELINE,27.45403,True,PASS,False,NONE,27.45403,True,0,,100,HEALTHY
sht30_temperature_v02,0,1495,1496137,SHT30,temperature_C,BASELINE,27.43801,True,PASS,False,NONE,27.43801,True,0,,100,HEALTHY
sht30_temperature_v02,0,1496,1497137,SHT30,temperature_C,BASELINE,27.43801,True,PASS,False,NONE,27.43801,True,0,,100,HEALTHY
sht30_temperature_v02,0,1497,1498137,SHT30,temperature_C,BASELINE,27.42466,True,PASS,False,NONE,27.42466,True,0,,100,HEALTHY
sht30_temperature_v02,0,1498,1499137,SHT30,temperature_C,BASELINE,27.43801,True,PASS,False,NONE,27.43801,True,0,,100,HEALTHY
sht30_temperature_v02,0,1499,1500137,SHT30,temperature_C,BASELINE,27.42466,True,PASS,False,NONE,27.42466,True,0,,100,HEALTHY
sht30_temperature_v02,0,1500,1501137,SHT30,temperature_C,BASELINE,27.45403,True,PASS,False,NONE,27.45403,True,0,,100,HEALTHY
sht30_temperature_v02,0,1501,1502137,SHT30,temperature_C,BASELINE,27.43801,True,PASS,False,NONE,27.43801,True,0,,100,HEALTHY
sht30_temperature_v02,0,1502,1503137,SHT30,temperature_C,BASELINE,27.43801,True,PASS,False,NONE,27.43801,True,0,,100,HEALTHY
sht30_temperature_v02,0,1503,1504137,SHT30,temperature_C,BASELINE,27.45403,True,PASS,False,NONE,27.45403,True,0,,100,HEALTHY
sht30_temperature_v02,0,1504,1505137,SHT30,temperature_C,BASELINE,27.46738,True,PASS,False,NONE,27.46738,True,0,,100,HEALTHY
sht30_temperature_v02,0,1505,1506137,SHT30,temperature_C,BASELINE,27.48074,True,PASS,False,NONE,27.48074,True,0,,100,HEALTHY
sht30_temperature_v02,0,1506,1507137,SHT30,temperature_C,BASELINE,27.45403,True,PASS,False,NONE,27.45403,True,0,,100,HEALTHY
sht30_temperature_v02,0,1507,1508137,SHT30,temperature_C,BASELINE,27.45403,True,PASS,False,NONE,27.45403,True,0,,100,HEALTHY
sht30_temperature_v02,0,1508,1509137,SHT30,temperature_C,BASELINE,27.43801,True,PASS,False,NONE,27.43801,True,0,,100,HEALTHY
sht30_temperature_v02,0,1509,1510137,SHT30,temperature_C,BASELINE,27.43801,True,PASS,False,NONE,27.43801,True,0,,100,HEALTHY
sht30_temperature_v02,0,1510,1511137,SHT30,temperature_C,BASELINE,27.42466,True,PASS,False,NONE,27.42466,True,0,,100,HEALTHY
sht30_temperature_v02,0,1511,1512137,SHT30,temperature_C,BASELINE,27.41131,True,PASS,False,NONE,27.41131,True,0,,100,HEALTHY
sht30_temperature_v02,0,1512,1513137,SHT30,temperature_C,BASELINE,27.45403,True,PASS,False,NONE,27.45403,True,0,,100,HEALTHY
sht30_temperature_v02,0,1513,1514137,SHT30,temperature_C,BASELINE,27.43801,True,PASS,False,NONE,27.43801,True,0,,100,HEALTHY
sht30_temperature_v02,0,1514,1515137,SHT30,temperature_C,BASELINE,27.45403,True,PASS,False,NONE,27.45403,True,0,,100,HEALTHY
sht30_temperature_v02,0,1515,1516137,SHT30,temperature_C,BASELINE,27.46738,True,PASS,False,NONE,27.46738,True,0,,100,HEALTHY
sht30_temperature_v02,0,1516,1517137,SHT30,temperature_C,BASELINE,27.45403,True,PASS,False,NONE,27.45403,True,0,,100,HEALTHY
sht30_temperature_v02,0,1517,1518137,SHT30,temperature_C,BASELINE,27.48074,True,PASS,False,NONE,27.48074,True,0,,100,HEALTHY
sht30_temperature_v02,0,1518,1519137,SHT30,temperature_C,BASELINE,27.46738,True,PASS,False,NONE,27.46738,True,0,,100,HEALTHY
sht30_temperature_v02,0,1519,1520137,SHT30,temperature_C,BASELINE,27.46738,True,PASS,False,NONE,27.46738,True,0,,100,HEALTHY
sht30_temperature_v02,0,1520,1521137,SHT30,temperature_C,BASELINE,27.43801,True,PASS,False,NONE,27.43801,True,0,,100,HEALTHY
sht30_temperature_v02,0,1521,1522137,SHT30,temperature_C,BASELINE,27.43801,True,PASS,False,NONE,27.43801,True,0,,100,HEALTHY
sht30_temperature_v02,0,1522,1523137,SHT30,temperature_C,BASELINE,27.45403,True,PASS,False,NONE,27.45403,True,0,,100,HEALTHY
sht30_temperature_v02,0,1523,1524137,SHT30,temperature_C,BASELINE,27.46738,True,PASS,False,NONE,27.46738,True,0,,100,HEALTHY
sht30_temperature_v02,0,1524,1525137,SHT30,temperature_C,BASELINE,27.42466,True,PASS,False,NONE,27.42466,True,0,,100,HEALTHY
sht30_temperature_v02,0,1525,1526137,SHT30,temperature_C,BASELINE,27.43801,True,PASS,False,NONE,27.43801,True,0,,100,HEALTHY
sht30_temperature_v02,0,1526,1527137,SHT30,temperature_C,BASELINE,27.45403,True,PASS,False,NONE,27.45403,True,0,,100,HEALTHY
sht30_temperature_v02,0,1527,1528137,SHT30,temperature_C,BASELINE,27.43801,True,PASS,False,NONE,27.43801,True,0,,100,HEALTHY
sht30_temperature_v02,0,1528,1529137,SHT30,temperature_C,BASELINE,27.43801,True,PASS,False,NONE,27.43801,True,0,,100,HEALTHY
sht30_temperature_v02,0,1529,1530137,SHT30,temperature_C,BASELINE,27.43801,True,PASS,False,NONE,27.43801,True,0,,100,HEALTHY
sht30_temperature_v02,0,1530,1531137,SHT30,temperature_C,BASELINE,27.43801,True,PASS,False,NONE,27.43801,True,0,,100,HEALTHY
sht30_temperature_v02,0,1531,1532137,SHT30,temperature_C,BASELINE,27.43801,True,PASS,False,NONE,27.43801,True,0,,100,HEALTHY
sht30_temperature_v02,0,1532,1533137,SHT30,temperature_C,BASELINE,27.45403,True,PASS,False,NONE,27.45403,True,0,,100,HEALTHY
sht30_temperature_v02,0,1533,1534137,SHT30,temperature_C,BASELINE,27.45403,True,PASS,False,NONE,27.45403,True,0,,100,HEALTHY
sht30_temperature_v02,0,1534,1535137,SHT30,temperature_C,BASELINE,27.45403,True,PASS,False,NONE,27.45403,True,0,,100,HEALTHY
sht30_temperature_v02,0,1535,1536137,SHT30,temperature_C,BASELINE,27.43801,True,PASS,False,NONE,27.43801,True,0,,100,HEALTHY
sht30_temperature_v02,0,1536,1537137,SHT30,temperature_C,BASELINE,27.43801,True,PASS,False,NONE,27.43801,True,0,,100,HEALTHY
sht30_temperature_v02,0,1537,1538137,SHT30,temperature_C,BASELINE,27.45403,True,PASS,False,NONE,27.45403,True,0,,100,HEALTHY
sht30_temperature_v02,0,1538,1539137,SHT30,temperature_C,BASELINE,27.46738,True,PASS,False,NONE,27.46738,True,0,,100,HEALTHY
sht30_temperature_v02,0,1539,1540137,SHT30,temperature_C,BASELINE,27.45403,True,PASS,False,NONE,27.45403,True,0,,100,HEALTHY
sht30_temperature_v02,0,1540,1541137,SHT30,temperature_C,BASELINE,27.45403,True,PASS,False,NONE,27.45403,True,0,,100,HEALTHY
sht30_temperature_v02,0,1541,1542137,SHT30,temperature_C,BASELINE,27.43801,True,PASS,False,NONE,27.43801,True,0,,100,HEALTHY
sht30_temperature_v02,0,1542,1543137,SHT30,temperature_C,BASELINE,27.46738,True,PASS,False,NONE,27.46738,True,0,,100,HEALTHY
sht30_temperature_v02,0,1543,1544137,SHT30,temperature_C,BASELINE,27.48074,True,PASS,False,NONE,27.48074,True,0,,100,HEALTHY
sht30_temperature_v02,0,1544,1545137,SHT30,temperature_C,BASELINE,27.46738,True,PASS,False,NONE,27.46738,True,0,,100,HEALTHY
sht30_temperature_v02,0,1545,1546137,SHT30,temperature_C,BASELINE,27.48074,True,PASS,False,NONE,27.48074,True,0,,100,HEALTHY
sht30_temperature_v02,0,1546,1547137,SHT30,temperature_C,BASELINE,27.43801,True,PASS,False,NONE,27.43801,True,0,,100,HEALTHY
sht30_temperature_v02,0,1547,1548137,SHT30,temperature_C,BASELINE,27.48074,True,PASS,False,NONE,27.48074,True,0,,100,HEALTHY
sht30_temperature_v02,0,1548,1549137,SHT30,temperature_C,BASELINE,27.46738,True,PASS,False,NONE,27.46738,True,0,,100,HEALTHY
sht30_temperature_v02,0,1549,1550137,SHT30,temperature_C,BASELINE,27.46738,True,PASS,False,NONE,27.46738,True,0,,100,HEALTHY
sht30_temperature_v02,0,1550,1551137,SHT30,temperature_C,BASELINE,27.48074,True,PASS,False,NONE,27.48074,True,0,,100,HEALTHY
sht30_temperature_v02,0,1551,1552137,SHT30,temperature_C,BASELINE,27.48074,True,PASS,False,NONE,27.48074,True,0,,100,HEALTHY
sht30_temperature_v02,0,1552,1553137,SHT30,temperature_C,BASELINE,27.45403,True,PASS,False,NONE,27.45403,True,0,,100,HEALTHY
sht30_temperature_v02,0,1553,1554137,SHT30,temperature_C,BASELINE,27.46738,True,PASS,False,NONE,27.46738,True,0,,100,HEALTHY
sht30_temperature_v02,0,1554,1555137,SHT30,temperature_C,BASELINE,27.46738,True,PASS,False,NONE,27.46738,True,0,,100,HEALTHY
sht30_temperature_v02,0,1555,1556137,SHT30,temperature_C,BASELINE,27.46738,True,PASS,False,NONE,27.46738,True,0,,100,HEALTHY
sht30_temperature_v02,0,1556,1557137,SHT30,temperature_C,BASELINE,27.48074,True,PASS,False,NONE,27.48074,True,0,,100,HEALTHY
sht30_temperature_v02,0,1557,1558137,SHT30,temperature_C,BASELINE,27.48074,True,PASS,False,NONE,27.48074,True,0,,100,HEALTHY
sht30_temperature_v02,0,1558,1559137,SHT30,temperature_C,BASELINE,27.46738,True,PASS,False,NONE,27.46738,True,0,,100,HEALTHY
sht30_temperature_v02,0,1559,1560137,SHT30,temperature_C,BASELINE,27.49409,True,PASS,False,NONE,27.49409,True,0,,100,HEALTHY
sht30_temperature_v02,0,1560,1561137,SHT30,temperature_C,BASELINE,27.46738,True,PASS,False,NONE,27.46738,True,0,,100,HEALTHY
sht30_temperature_v02,0,1561,1562137,SHT30,temperature_C,BASELINE,27.48074,True,PASS,False,NONE,27.48074,True,0,,100,HEALTHY
sht30_temperature_v02,0,1562,1563137,SHT30,temperature_C,BASELINE,27.49409,True,PASS,False,NONE,27.49409,True,0,,100,HEALTHY
sht30_temperature_v02,0,1563,1564137,SHT30,temperature_C,BASELINE,27.46738,True,PASS,False,NONE,27.46738,True,0,,100,HEALTHY
sht30_temperature_v02,0,1564,1565137,SHT30,temperature_C,BASELINE,27.48074,True,PASS,False,NONE,27.48074,True,0,,100,HEALTHY
sht30_temperature_v02,0,1565,1566137,SHT30,temperature_C,BASELINE,27.45403,True,PASS,False,NONE,27.45403,True,0,,100,HEALTHY
sht30_temperature_v02,0,1566,1567137,SHT30,temperature_C,BASELINE,27.45403,True,PASS,False,NONE,27.45403,True,0,,100,HEALTHY
sht30_temperature_v02,0,1567,1568137,SHT30,temperature_C,BASELINE,27.48074,True,PASS,False,NONE,27.48074,True,0,,100,HEALTHY
sht30_temperature_v02,0,1568,1569137,SHT30,temperature_C,BASELINE,27.46738,True,PASS,False,NONE,27.46738,True,0,,100,HEALTHY
sht30_temperature_v02,0,1569,1570137,SHT30,temperature_C,BASELINE,27.46738,True,PASS,False,NONE,27.46738,True,0,,100,HEALTHY
sht30_temperature_v02,0,1570,1571137,SHT30,temperature_C,BASELINE,27.43801,True,PASS,False,NONE,27.43801,True,0,,100,HEALTHY
sht30_temperature_v02,0,1571,1572137,SHT30,temperature_C,BASELINE,27.46738,True,PASS,False,NONE,27.46738,True,0,,100,HEALTHY
sht30_temperature_v02,0,1572,1573137,SHT30,temperature_C,BASELINE,27.45403,True,PASS,False,NONE,27.45403,True,0,,100,HEALTHY
sht30_temperature_v02,0,1573,1574137,SHT30,temperature_C,BASELINE,27.45403,True,PASS,False,NONE,27.45403,True,0,,100,HEALTHY
sht30_temperature_v02,0,1574,1575137,SHT30,temperature_C,BASELINE,27.43801,True,PASS,False,NONE,27.43801,True,0,,100,HEALTHY
sht30_temperature_v02,0,1575,1576137,SHT30,temperature_C,BASELINE,27.43801,True,PASS,False,NONE,27.43801,True,0,,100,HEALTHY
sht30_temperature_v02,0,1576,1577137,SHT30,temperature_C,BASELINE,27.43801,True,PASS,False,NONE,27.43801,True,0,,100,HEALTHY
sht30_temperature_v02,0,1577,1578137,SHT30,temperature_C,BASELINE,27.45403,True,PASS,False,NONE,27.45403,True,0,,100,HEALTHY
sht30_temperature_v02,0,1578,1579137,SHT30,temperature_C,BASELINE,27.42466,True,PASS,False,NONE,27.42466,True,0,,100,HEALTHY
sht30_temperature_v02,0,1579,1580137,SHT30,temperature_C,BASELINE,27.41131,True,PASS,False,NONE,27.41131,True,0,,100,HEALTHY
sht30_temperature_v02,0,1580,1581137,SHT30,temperature_C,BASELINE,27.42466,True,PASS,False,NONE,27.42466,True,0,,100,HEALTHY
sht30_temperature_v02,0,1581,1582137,SHT30,temperature_C,BASELINE,27.41131,True,PASS,False,NONE,27.41131,True,0,,100,HEALTHY
sht30_temperature_v02,0,1582,1583137,SHT30,temperature_C,BASELINE,27.41131,True,PASS,False,NONE,27.41131,True,0,,100,HEALTHY
sht30_temperature_v02,0,1583,1584137,SHT30,temperature_C,BASELINE,27.39796,True,PASS,False,NONE,27.39796,True,0,,100,HEALTHY
sht30_temperature_v02,0,1584,1585137,SHT30,temperature_C,BASELINE,27.42466,True,PASS,False,NONE,27.42466,True,0,,100,HEALTHY
sht30_temperature_v02,0,1585,1586137,SHT30,temperature_C,BASELINE,27.42466,True,PASS,False,NONE,27.42466,True,0,,100,HEALTHY
sht30_temperature_v02,0,1586,1587137,SHT30,temperature_C,BASELINE,27.43801,True,PASS,False,NONE,27.43801,True,0,,100,HEALTHY
sht30_temperature_v02,0,1587,1588137,SHT30,temperature_C,BASELINE,27.39796,True,PASS,False,NONE,27.39796,True,0,,100,HEALTHY
sht30_temperature_v02,0,1588,1589137,SHT30,temperature_C,BASELINE,27.42466,True,PASS,False,NONE,27.42466,True,0,,100,HEALTHY
sht30_temperature_v02,0,1589,1590137,SHT30,temperature_C,BASELINE,27.41131,True,PASS,False,NONE,27.41131,True,0,,100,HEALTHY
sht30_temperature_v02,0,1590,1591137,SHT30,temperature_C,BASELINE,27.41131,True,PASS,False,NONE,27.41131,True,0,,100,HEALTHY
sht30_temperature_v02,0,1591,1592137,SHT30,temperature_C,BASELINE,27.39796,True,PASS,False,NONE,27.39796,True,0,,100,HEALTHY
sht30_temperature_v02,0,1592,1593137,SHT30,temperature_C,BASELINE,27.39796,True,PASS,False,NONE,27.39796,True,0,,100,HEALTHY
sht30_temperature_v02,0,1593,1594137,SHT30,temperature_C,BASELINE,27.41131,True,PASS,False,NONE,27.41131,True,0,,100,HEALTHY
sht30_temperature_v02,0,1594,1595137,SHT30,temperature_C,BASELINE,27.41131,True,PASS,False,NONE,27.41131,True,0,,100,HEALTHY
sht30_temperature_v02,0,1595,1596137,SHT30,temperature_C,BASELINE,27.39796,True,PASS,False,NONE,27.39796,True,0,,100,HEALTHY
sht30_temperature_v02,0,1596,1597137,SHT30,temperature_C,BASELINE,27.38194,True,PASS,False,NONE,27.38194,True,0,,100,HEALTHY
sht30_temperature_v02,0,1597,1598137,SHT30,temperature_C,BASELINE,27.39796,True,PASS,False,NONE,27.39796,True,0,,100,HEALTHY
sht30_temperature_v02,0,1598,1599137,SHT30,temperature_C,BASELINE,27.39796,True,PASS,False,NONE,27.39796,True,0,,100,HEALTHY
sht30_temperature_v02,0,1599,1600137,SHT30,temperature_C,BASELINE,27.38194,True,PASS,False,NONE,27.38194,True,0,,100,HEALTHY
sht30_temperature_v02,0,1600,1601137,SHT30,temperature_C,BASELINE,27.38194,True,PASS,False,NONE,27.38194,True,0,,100,HEALTHY
sht30_temperature_v02,0,1601,1602137,SHT30,temperature_C,BASELINE,27.41131,True,PASS,False,NONE,27.41131,True,0,,100,HEALTHY
sht30_temperature_v02,0,1602,1603137,SHT30,temperature_C,BASELINE,27.41131,True,PASS,False,NONE,27.41131,True,0,,100,HEALTHY
sht30_temperature_v02,0,1603,1604137,SHT30,temperature_C,BASELINE,27.36858,True,PASS,False,NONE,27.36858,True,0,,100,HEALTHY
sht30_temperature_v02,0,1604,1605137,SHT30,temperature_C,BASELINE,27.39796,True,PASS,False,NONE,27.39796,True,0,,100,HEALTHY
sht30_temperature_v02,0,1605,1606137,SHT30,temperature_C,BASELINE,27.39796,True,PASS,False,NONE,27.39796,True,0,,100,HEALTHY
sht30_temperature_v02,0,1606,1607137,SHT30,temperature_C,BASELINE,27.39796,True,PASS,False,NONE,27.39796,True,0,,100,HEALTHY
sht30_temperature_v02,0,1607,1608137,SHT30,temperature_C,BASELINE,27.38194,True,PASS,False,NONE,27.38194,True,0,,100,HEALTHY
sht30_temperature_v02,0,1608,1609137,SHT30,temperature_C,BASELINE,27.38194,True,PASS,False,NONE,27.38194,True,0,,100,HEALTHY
sht30_temperature_v02,0,1609,1610137,SHT30,temperature_C,BASELINE,27.39796,True,PASS,False,NONE,27.39796,True,0,,100,HEALTHY
sht30_temperature_v02,0,1610,1611137,SHT30,temperature_C,BASELINE,27.39796,True,PASS,False,NONE,27.39796,True,0,,100,HEALTHY
sht30_temperature_v02,0,1611,1612137,SHT30,temperature_C,BASELINE,27.39796,True,PASS,False,NONE,27.39796,True,0,,100,HEALTHY
sht30_temperature_v02,0,1612,1613137,SHT30,temperature_C,BASELINE,27.41131,True,PASS,False,NONE,27.41131,True,0,,100,HEALTHY
sht30_temperature_v02,0,1613,1614137,SHT30,temperature_C,BASELINE,27.41131,True,PASS,False,NONE,27.41131,True,0,,100,HEALTHY
sht30_temperature_v02,0,1614,1615137,SHT30,temperature_C,BASELINE,27.39796,True,PASS,False,NONE,27.39796,True,0,,100,HEALTHY
sht30_temperature_v02,0,1615,1616137,SHT30,temperature_C,BASELINE,27.38194,True,PASS,False,NONE,27.38194,True,0,,100,HEALTHY
sht30_temperature_v02,0,1616,1617137,SHT30,temperature_C,BASELINE,27.36858,True,PASS,False,NONE,27.36858,True,0,,100,HEALTHY
sht30_temperature_v02,0,1617,1618137,SHT30,temperature_C,BASELINE,27.35523,True,PASS,False,NONE,27.35523,True,0,,100,HEALTHY
sht30_temperature_v02,0,1618,1619137,SHT30,temperature_C,BASELINE,27.36858,True,PASS,False,NONE,27.36858,True,0,,100,HEALTHY
sht30_temperature_v02,0,1619,1620137,SHT30,temperature_C,BASELINE,27.38194,True,PASS,False,NONE,27.38194,True,0,,100,HEALTHY
sht30_temperature_v02,0,1620,1621137,SHT30,temperature_C,BASELINE,27.39796,True,PASS,False,NONE,27.39796,True,0,,100,HEALTHY
sht30_temperature_v02,0,1621,1622137,SHT30,temperature_C,BASELINE,27.39796,True,PASS,False,NONE,27.39796,True,0,,100,HEALTHY
sht30_temperature_v02,0,1622,1623137,SHT30,temperature_C,BASELINE,27.36858,True,PASS,False,NONE,27.36858,True,0,,100,HEALTHY
sht30_temperature_v02,0,1623,1624137,SHT30,temperature_C,BASELINE,27.36858,True,PASS,False,NONE,27.36858,True,0,,100,HEALTHY
sht30_temperature_v02,0,1624,1625137,SHT30,temperature_C,BASELINE,27.38194,True,PASS,False,NONE,27.38194,True,0,,100,HEALTHY
sht30_temperature_v02,0,1625,1626137,SHT30,temperature_C,BASELINE,27.38194,True,PASS,False,NONE,27.38194,True,0,,100,HEALTHY
sht30_temperature_v02,0,1626,1627137,SHT30,temperature_C,BASELINE,27.39796,True,PASS,False,NONE,27.39796,True,0,,100,HEALTHY
sht30_temperature_v02,0,1627,1628137,SHT30,temperature_C,BASELINE,27.38194,True,PASS,False,NONE,27.38194,True,0,,100,HEALTHY
sht30_temperature_v02,0,1628,1629137,SHT30,temperature_C,BASELINE,27.41131,True,PASS,False,NONE,27.41131,True,0,,100,HEALTHY
sht30_temperature_v02,0,1629,1630137,SHT30,temperature_C,BASELINE,27.38194,True,PASS,False,NONE,27.38194,True,0,,100,HEALTHY
sht30_temperature_v02,0,1630,1631137,SHT30,temperature_C,BASELINE,27.38194,True,PASS,False,NONE,27.38194,True,0,,100,HEALTHY
sht30_temperature_v02,0,1631,1632137,SHT30,temperature_C,BASELINE,27.39796,True,PASS,False,NONE,27.39796,True,0,,100,HEALTHY
sht30_temperature_v02,0,1632,1633137,SHT30,temperature_C,BASELINE,27.38194,True,PASS,False,NONE,27.38194,True,0,,100,HEALTHY
sht30_temperature_v02,0,1633,1634137,SHT30,temperature_C,BASELINE,27.35523,True,PASS,False,NONE,27.35523,True,0,,100,HEALTHY
sht30_temperature_v02,0,1634,1635137,SHT30,temperature_C,BASELINE,27.38194,True,PASS,False,NONE,27.38194,True,0,,100,HEALTHY
sht30_temperature_v02,0,1635,1636137,SHT30,temperature_C,BASELINE,27.36858,True,PASS,False,NONE,27.36858,True,0,,100,HEALTHY
sht30_temperature_v02,0,1636,1637137,SHT30,temperature_C,BASELINE,27.35523,True,PASS,False,NONE,27.35523,True,0,,100,HEALTHY
sht30_temperature_v02,0,1637,1638137,SHT30,temperature_C,BASELINE,27.36858,True,PASS,False,NONE,27.36858,True,0,,100,HEALTHY
sht30_temperature_v02,0,1638,1639137,SHT30,temperature_C,BASELINE,27.38194,True,PASS,False,NONE,27.38194,True,0,,100,HEALTHY
sht30_temperature_v02,0,1639,1640137,SHT30,temperature_C,BASELINE,27.36858,True,PASS,False,NONE,27.36858,True,0,,100,HEALTHY
sht30_temperature_v02,0,1640,1641137,SHT30,temperature_C,BASELINE,27.38194,True,PASS,False,NONE,27.38194,True,0,,100,HEALTHY
sht30_temperature_v02,0,1641,1642137,SHT30,temperature_C,BASELINE,27.35523,True,PASS,False,NONE,27.35523,True,0,,100,HEALTHY
sht30_temperature_v02,0,1642,1643137,SHT30,temperature_C,BASELINE,27.36858,True,PASS,False,NONE,27.36858,True,0,,100,HEALTHY
sht30_temperature_v02,0,1643,1644137,SHT30,temperature_C,BASELINE,27.38194,True,PASS,False,NONE,27.38194,True,0,,100,HEALTHY
sht30_temperature_v02,0,1644,1645137,SHT30,temperature_C,BASELINE,27.35523,True,PASS,False,NONE,27.35523,True,0,,100,HEALTHY
sht30_temperature_v02,0,1645,1646137,SHT30,temperature_C,BASELINE,27.35523,True,PASS,False,NONE,27.35523,True,0,,100,HEALTHY
sht30_temperature_v02,0,1646,1647137,SHT30,temperature_C,BASELINE,27.36858,True,PASS,False,NONE,27.36858,True,0,,100,HEALTHY
sht30_temperature_v02,0,1647,1648137,SHT30,temperature_C,BASELINE,27.35523,True,PASS,False,NONE,27.35523,True,0,,100,HEALTHY
sht30_temperature_v02,0,1648,1649137,SHT30,temperature_C,BASELINE,27.35523,True,PASS,False,NONE,27.35523,True,0,,100,HEALTHY
sht30_temperature_v02,0,1649,1650137,SHT30,temperature_C,BASELINE,27.35523,True,PASS,False,NONE,27.35523,True,0,,100,HEALTHY
sht30_temperature_v02,0,1650,1651137,SHT30,temperature_C,BASELINE,27.35523,True,PASS,False,NONE,27.35523,True,0,,100,HEALTHY
sht30_temperature_v02,0,1651,1652137,SHT30,temperature_C,BASELINE,27.35523,True,PASS,False,NONE,27.35523,True,0,,100,HEALTHY
sht30_temperature_v02,0,1652,1653137,SHT30,temperature_C,BASELINE,27.39796,True,PASS,False,NONE,27.39796,True,0,,100,HEALTHY
sht30_temperature_v02,0,1653,1654137,SHT30,temperature_C,BASELINE,27.36858,True,PASS,False,NONE,27.36858,True,0,,100,HEALTHY
sht30_temperature_v02,0,1654,1655137,SHT30,temperature_C,BASELINE,27.36858,True,PASS,False,NONE,27.36858,True,0,,100,HEALTHY
sht30_temperature_v02,0,1655,1656137,SHT30,temperature_C,BASELINE,27.36858,True,PASS,False,NONE,27.36858,True,0,,100,HEALTHY
sht30_temperature_v02,0,1656,1657137,SHT30,temperature_C,BASELINE,27.36858,True,PASS,False,NONE,27.36858,True,0,,100,HEALTHY
sht30_temperature_v02,0,1657,1658137,SHT30,temperature_C,BASELINE,27.36858,True,PASS,False,NONE,27.36858,True,0,,100,HEALTHY
sht30_temperature_v02,0,1658,1659137,SHT30,temperature_C,BASELINE,27.38194,True,PASS,False,NONE,27.38194,True,0,,100,HEALTHY
sht30_temperature_v02,0,1659,1660137,SHT30,temperature_C,BASELINE,27.35523,True,PASS,False,NONE,27.35523,True,0,,100,HEALTHY
sht30_temperature_v02,0,1660,1661137,SHT30,temperature_C,BASELINE,27.35523,True,PASS,False,NONE,27.35523,True,0,,100,HEALTHY
sht30_temperature_v02,0,1661,1662137,SHT30,temperature_C,BASELINE,27.35523,True,PASS,False,NONE,27.35523,True,0,,100,HEALTHY
sht30_temperature_v02,0,1662,1663137,SHT30,temperature_C,BASELINE,27.38194,True,PASS,False,NONE,27.38194,True,0,,100,HEALTHY
sht30_temperature_v02,0,1663,1664137,SHT30,temperature_C,BASELINE,27.38194,True,PASS,False,NONE,27.38194,True,0,,100,HEALTHY
sht30_temperature_v02,0,1664,1665137,SHT30,temperature_C,BASELINE,27.38194,True,PASS,False,NONE,27.38194,True,0,,100,HEALTHY
sht30_temperature_v02,0,1665,1666137,SHT30,temperature_C,BASELINE,27.36858,True,PASS,False,NONE,27.36858,True,0,,100,HEALTHY
sht30_temperature_v02,0,1666,1667137,SHT30,temperature_C,BASELINE,27.36858,True,PASS,False,NONE,27.36858,True,0,,100,HEALTHY
sht30_temperature_v02,0,1667,1668137,SHT30,temperature_C,BASELINE,27.36858,True,PASS,False,NONE,27.36858,True,0,,100,HEALTHY
sht30_temperature_v02,0,1668,1669137,SHT30,temperature_C,BASELINE,27.35523,True,PASS,False,NONE,27.35523,True,0,,100,HEALTHY
sht30_temperature_v02,0,1669,1670137,SHT30,temperature_C,BASELINE,27.36858,True,PASS,False,NONE,27.36858,True,0,,100,HEALTHY
sht30_temperature_v02,0,1670,1671137,SHT30,temperature_C,BASELINE,27.35523,True,PASS,False,NONE,27.35523,True,0,,100,HEALTHY
sht30_temperature_v02,0,1671,1672137,SHT30,temperature_C,BASELINE,27.35523,True,PASS,False,NONE,27.35523,True,0,,100,HEALTHY
sht30_temperature_v02,0,1672,1673137,SHT30,temperature_C,BASELINE,27.33921,True,PASS,False,NONE,27.33921,True,0,,100,HEALTHY
sht30_temperature_v02,0,1673,1674137,SHT30,temperature_C,BASELINE,27.32586,True,PASS,False,NONE,27.32586,True,0,,100,HEALTHY
sht30_temperature_v02,0,1674,1675137,SHT30,temperature_C,BASELINE,27.33921,True,PASS,False,NONE,27.33921,True,0,,100,HEALTHY
sht30_temperature_v02,0,1675,1676137,SHT30,temperature_C,BASELINE,27.33921,True,PASS,False,NONE,27.33921,True,0,,100,HEALTHY
sht30_temperature_v02,0,1676,1677137,SHT30,temperature_C,BASELINE,27.33921,True,PASS,False,NONE,27.33921,True,0,,100,HEALTHY
sht30_temperature_v02,0,1677,1678137,SHT30,temperature_C,BASELINE,27.33921,True,PASS,False,NONE,27.33921,True,0,,100,HEALTHY
sht30_temperature_v02,0,1678,1679137,SHT30,temperature_C,BASELINE,27.33921,True,PASS,False,NONE,27.33921,True,0,,100,HEALTHY
sht30_temperature_v02,0,1679,1680137,SHT30,temperature_C,BASELINE,27.33921,True,PASS,False,NONE,27.33921,True,0,,100,HEALTHY
sht30_temperature_v02,0,1680,1681137,SHT30,temperature_C,BASELINE,27.35523,True,PASS,False,NONE,27.35523,True,0,,100,HEALTHY
sht30_temperature_v02,0,1681,1682137,SHT30,temperature_C,BASELINE,27.33921,True,PASS,False,NONE,27.33921,True,0,,100,HEALTHY
sht30_temperature_v02,0,1682,1683137,SHT30,temperature_C,BASELINE,27.33921,True,PASS,False,NONE,27.33921,True,0,,100,HEALTHY
sht30_temperature_v02,0,1683,1684137,SHT30,temperature_C,BASELINE,27.33921,True,PASS,False,NONE,27.33921,True,0,,100,HEALTHY
sht30_temperature_v02,0,1684,1685137,SHT30,temperature_C,BASELINE,27.35523,True,PASS,False,NONE,27.35523,True,0,,100,HEALTHY
sht30_temperature_v02,0,1685,1686137,SHT30,temperature_C,BASELINE,27.33921,True,PASS,False,NONE,27.33921,True,0,,100,HEALTHY
sht30_temperature_v02,0,1686,1687137,SHT30,temperature_C,BASELINE,27.35523,True,PASS,False,NONE,27.35523,True,0,,100,HEALTHY
sht30_temperature_v02,0,1687,1688137,SHT30,temperature_C,BASELINE,27.32586,True,PASS,False,NONE,27.32586,True,0,,100,HEALTHY
sht30_temperature_v02,0,1688,1689137,SHT30,temperature_C,BASELINE,27.35523,True,PASS,False,NONE,27.35523,True,0,,100,HEALTHY
sht30_temperature_v02,0,1689,1690137,SHT30,temperature_C,BASELINE,27.33921,True,PASS,False,NONE,27.33921,True,0,,100,HEALTHY
sht30_temperature_v02,0,1690,1691137,SHT30,temperature_C,BASELINE,27.32586,True,PASS,False,NONE,27.32586,True,0,,100,HEALTHY
sht30_temperature_v02,0,1691,1692137,SHT30,temperature_C,BASELINE,27.32586,True,PASS,False,NONE,27.32586,True,0,,100,HEALTHY
sht30_temperature_v02,0,1692,1693137,SHT30,temperature_C,BASELINE,27.33921,True,PASS,False,NONE,27.33921,True,0,,100,HEALTHY
sht30_temperature_v02,0,1693,1694137,SHT30,temperature_C,BASELINE,27.33921,True,PASS,False,NONE,27.33921,True,0,,100,HEALTHY
sht30_temperature_v02,0,1694,1695137,SHT30,temperature_C,BASELINE,27.32586,True,PASS,False,NONE,27.32586,True,0,,100,HEALTHY
sht30_temperature_v02,0,1695,1696137,SHT30,temperature_C,BASELINE,27.32586,True,PASS,False,NONE,27.32586,True,0,,100,HEALTHY
sht30_temperature_v02,0,1696,1697137,SHT30,temperature_C,BASELINE,27.32586,True,PASS,False,NONE,27.32586,True,0,,100,HEALTHY
sht30_temperature_v02,0,1697,1698137,SHT30,temperature_C,BASELINE,27.32586,True,PASS,False,NONE,27.32586,True,0,,100,HEALTHY
sht30_temperature_v02,0,1698,1699137,SHT30,temperature_C,BASELINE,27.29916,True,PASS,False,NONE,27.29916,True,0,,100,HEALTHY
sht30_temperature_v02,0,1699,1700137,SHT30,temperature_C,BASELINE,27.31251,True,PASS,False,NONE,27.31251,True,0,,100,HEALTHY
sht30_temperature_v02,0,1700,1701137,SHT30,temperature_C,BASELINE,27.31251,True,PASS,False,NONE,27.31251,True,0,,100,HEALTHY
sht30_temperature_v02,0,1701,1702137,SHT30,temperature_C,BASELINE,27.33921,True,PASS,False,NONE,27.33921,True,0,,100,HEALTHY
sht30_temperature_v02,0,1702,1703137,SHT30,temperature_C,BASELINE,27.32586,True,PASS,False,NONE,27.32586,True,0,,100,HEALTHY
sht30_temperature_v02,0,1703,1704137,SHT30,temperature_C,BASELINE,27.31251,True,PASS,False,NONE,27.31251,True,0,,100,HEALTHY
sht30_temperature_v02,0,1704,1705137,SHT30,temperature_C,BASELINE,27.32586,True,PASS,False,NONE,27.32586,True,0,,100,HEALTHY
sht30_temperature_v02,0,1705,1706137,SHT30,temperature_C,BASELINE,27.31251,True,PASS,False,NONE,27.31251,True,0,,100,HEALTHY
sht30_temperature_v02,0,1706,1707137,SHT30,temperature_C,BASELINE,27.29916,True,PASS,False,NONE,27.29916,True,0,,100,HEALTHY
sht30_temperature_v02,0,1707,1708137,SHT30,temperature_C,BASELINE,27.31251,True,PASS,False,NONE,27.31251,True,0,,100,HEALTHY
sht30_temperature_v02,0,1708,1709137,SHT30,temperature_C,BASELINE,27.31251,True,PASS,False,NONE,27.31251,True,0,,100,HEALTHY
sht30_temperature_v02,0,1709,1710137,SHT30,temperature_C,BASELINE,27.33921,True,PASS,False,NONE,27.33921,True,0,,100,HEALTHY
sht30_temperature_v02,0,1710,1711137,SHT30,temperature_C,BASELINE,27.32586,True,PASS,False,NONE,27.32586,True,0,,100,HEALTHY
sht30_temperature_v02,0,1711,1712137,SHT30,temperature_C,BASELINE,27.35523,True,PASS,False,NONE,27.35523,True,0,,100,HEALTHY
sht30_temperature_v02,0,1712,1713137,SHT30,temperature_C,BASELINE,27.32586,True,PASS,False,NONE,27.32586,True,0,,100,HEALTHY
sht30_temperature_v02,0,1713,1714137,SHT30,temperature_C,BASELINE,27.35523,True,PASS,False,NONE,27.35523,True,0,,100,HEALTHY
sht30_temperature_v02,0,1714,1715137,SHT30,temperature_C,BASELINE,27.32586,True,PASS,False,NONE,27.32586,True,0,,100,HEALTHY
sht30_temperature_v02,0,1715,1716137,SHT30,temperature_C,BASELINE,27.33921,True,PASS,False,NONE,27.33921,True,0,,100,HEALTHY
sht30_temperature_v02,0,1716,1717137,SHT30,temperature_C,BASELINE,27.35523,True,PASS,False,NONE,27.35523,True,0,,100,HEALTHY
sht30_temperature_v02,0,1717,1718137,SHT30,temperature_C,BASELINE,27.33921,True,PASS,False,NONE,27.33921,True,0,,100,HEALTHY
sht30_temperature_v02,0,1718,1719137,SHT30,temperature_C,BASELINE,27.32586,True,PASS,False,NONE,27.32586,True,0,,100,HEALTHY
sht30_temperature_v02,0,1719,1720137,SHT30,temperature_C,BASELINE,27.33921,True,PASS,False,NONE,27.33921,True,0,,100,HEALTHY
sht30_temperature_v02,0,1720,1721137,SHT30,temperature_C,BASELINE,27.33921,True,PASS,False,NONE,27.33921,True,0,,100,HEALTHY
sht30_temperature_v02,0,1721,1722137,SHT30,temperature_C,BASELINE,27.33921,True,PASS,False,NONE,27.33921,True,0,,100,HEALTHY
sht30_temperature_v02,0,1722,1723137,SHT30,temperature_C,BASELINE,27.33921,True,PASS,False,NONE,27.33921,True,0,,100,HEALTHY
sht30_temperature_v02,0,1723,1724137,SHT30,temperature_C,BASELINE,27.33921,True,PASS,False,NONE,27.33921,True,0,,100,HEALTHY
sht30_temperature_v02,0,1724,1725137,SHT30,temperature_C,BASELINE,27.33921,True,PASS,False,NONE,27.33921,True,0,,100,HEALTHY
sht30_temperature_v02,0,1725,1726137,SHT30,temperature_C,BASELINE,27.35523,True,PASS,False,NONE,27.35523,True,0,,100,HEALTHY
sht30_temperature_v02,0,1726,1727137,SHT30,temperature_C,BASELINE,27.33921,True,PASS,False,NONE,27.33921,True,0,,100,HEALTHY
sht30_temperature_v02,0,1727,1728137,SHT30,temperature_C,BASELINE,27.32586,True,PASS,False,NONE,27.32586,True,0,,100,HEALTHY
sht30_temperature_v02,0,1728,1729137,SHT30,temperature_C,BASELINE,27.33921,True,PASS,False,NONE,27.33921,True,0,,100,HEALTHY
sht30_temperature_v02,0,1729,1730137,SHT30,temperature_C,BASELINE,27.32586,True,PASS,False,NONE,27.32586,True,0,,100,HEALTHY
sht30_temperature_v02,0,1730,1731137,SHT30,temperature_C,BASELINE,27.33921,True,PASS,False,NONE,27.33921,True,0,,100,HEALTHY
sht30_temperature_v02,0,1731,1732137,SHT30,temperature_C,BASELINE,27.33921,True,PASS,False,NONE,27.33921,True,0,,100,HEALTHY
sht30_temperature_v02,0,1732,1733137,SHT30,temperature_C,BASELINE,27.35523,True,PASS,False,NONE,27.35523,True,0,,100,HEALTHY
sht30_temperature_v02,0,1733,1734137,SHT30,temperature_C,BASELINE,27.31251,True,PASS,False,NONE,27.31251,True,0,,100,HEALTHY
sht30_temperature_v02,0,1734,1735137,SHT30,temperature_C,BASELINE,27.33921,True,PASS,False,NONE,27.33921,True,0,,100,HEALTHY
sht30_temperature_v02,0,1735,1736137,SHT30,temperature_C,BASELINE,27.35523,True,PASS,False,NONE,27.35523,True,0,,100,HEALTHY
sht30_temperature_v02,0,1736,1737137,SHT30,temperature_C,BASELINE,27.33921,True,PASS,False,NONE,27.33921,True,0,,100,HEALTHY
sht30_temperature_v02,0,1737,1738137,SHT30,temperature_C,BASELINE,27.35523,True,PASS,False,NONE,27.35523,True,0,,100,HEALTHY
sht30_temperature_v02,0,1738,1739137,SHT30,temperature_C,BASELINE,27.36858,True,PASS,False,NONE,27.36858,True,0,,100,HEALTHY
sht30_temperature_v02,0,1739,1740137,SHT30,temperature_C,BASELINE,27.36858,True,PASS,False,NONE,27.36858,True,0,,100,HEALTHY
sht30_temperature_v02,0,1740,1741137,SHT30,temperature_C,BASELINE,27.32586,True,PASS,False,NONE,27.32586,True,0,,100,HEALTHY
sht30_temperature_v02,0,1741,1742137,SHT30,temperature_C,BASELINE,27.35523,True,PASS,False,NONE,27.35523,True,0,,100,HEALTHY
sht30_temperature_v02,0,1742,1743137,SHT30,temperature_C,BASELINE,27.33921,True,PASS,False,NONE,27.33921,True,0,,100,HEALTHY
sht30_temperature_v02,0,1743,1744137,SHT30,temperature_C,BASELINE,27.35523,True,PASS,False,NONE,27.35523,True,0,,100,HEALTHY
sht30_temperature_v02,0,1744,1745137,SHT30,temperature_C,BASELINE,27.35523,True,PASS,False,NONE,27.35523,True,0,,100,HEALTHY
sht30_temperature_v02,0,1745,1746137,SHT30,temperature_C,BASELINE,27.36858,True,PASS,False,NONE,27.36858,True,0,,100,HEALTHY
sht30_temperature_v02,0,1746,1747137,SHT30,temperature_C,BASELINE,27.35523,True,PASS,False,NONE,27.35523,True,0,,100,HEALTHY
sht30_temperature_v02,0,1747,1748137,SHT30,temperature_C,BASELINE,27.36858,True,PASS,False,NONE,27.36858,True,0,,100,HEALTHY
sht30_temperature_v02,0,1748,1749137,SHT30,temperature_C,BASELINE,27.36858,True,PASS,False,NONE,27.36858,True,0,,100,HEALTHY
sht30_temperature_v02,0,1749,1750137,SHT30,temperature_C,BASELINE,27.38194,True,PASS,False,NONE,27.38194,True,0,,100,HEALTHY
sht30_temperature_v02,0,1750,1751137,SHT30,temperature_C,BASELINE,27.38194,True,PASS,False,NONE,27.38194,True,0,,100,HEALTHY
sht30_temperature_v02,0,1751,1752137,SHT30,temperature_C,BASELINE,27.36858,True,PASS,False,NONE,27.36858,True,0,,100,HEALTHY
sht30_temperature_v02,0,1752,1753137,SHT30,temperature_C,BASELINE,27.36858,True,PASS,False,NONE,27.36858,True,0,,100,HEALTHY
sht30_temperature_v02,0,1753,1754137,SHT30,temperature_C,BASELINE,27.38194,True,PASS,False,NONE,27.38194,True,0,,100,HEALTHY
sht30_temperature_v02,0,1754,1755137,SHT30,temperature_C,BASELINE,27.36858,True,PASS,False,NONE,27.36858,True,0,,100,HEALTHY
sht30_temperature_v02,0,1755,1756137,SHT30,temperature_C,BASELINE,27.41131,True,PASS,False,NONE,27.41131,True,0,,100,HEALTHY
sht30_temperature_v02,0,1756,1757137,SHT30,temperature_C,BASELINE,27.38194,True,PASS,False,NONE,27.38194,True,0,,100,HEALTHY
sht30_temperature_v02,0,1757,1758137,SHT30,temperature_C,BASELINE,27.38194,True,PASS,False,NONE,27.38194,True,0,,100,HEALTHY
sht30_temperature_v02,0,1758,1759137,SHT30,temperature_C,BASELINE,27.39796,True,PASS,False,NONE,27.39796,True,0,,100,HEALTHY
sht30_temperature_v02,0,1759,1760137,SHT30,temperature_C,BASELINE,27.39796,True,PASS,False,NONE,27.39796,True,0,,100,HEALTHY
sht30_temperature_v02,0,1760,1761137,SHT30,temperature_C,BASELINE,27.39796,True,PASS,False,NONE,27.39796,True,0,,100,HEALTHY
sht30_temperature_v02,0,1761,1762137,SHT30,temperature_C,BASELINE,27.38194,True,PASS,False,NONE,27.38194,True,0,,100,HEALTHY
sht30_temperature_v02,0,1762,1763137,SHT30,temperature_C,BASELINE,27.39796,True,PASS,False,NONE,27.39796,True,0,,100,HEALTHY
sht30_temperature_v02,0,1763,1764137,SHT30,temperature_C,BASELINE,27.38194,True,PASS,False,NONE,27.38194,True,0,,100,HEALTHY
sht30_temperature_v02,0,1764,1765137,SHT30,temperature_C,BASELINE,27.39796,True,PASS,False,NONE,27.39796,True,0,,100,HEALTHY
sht30_temperature_v02,0,1765,1766137,SHT30,temperature_C,BASELINE,27.39796,True,PASS,False,NONE,27.39796,True,0,,100,HEALTHY
sht30_temperature_v02,0,1766,1767137,SHT30,temperature_C,BASELINE,27.42466,True,PASS,False,NONE,27.42466,True,0,,100,HEALTHY
sht30_temperature_v02,0,1767,1768137,SHT30,temperature_C,BASELINE,27.38194,True,PASS,False,NONE,27.38194,True,0,,100,HEALTHY
sht30_temperature_v02,0,1768,1769137,SHT30,temperature_C,BASELINE,27.41131,True,PASS,False,NONE,27.41131,True,0,,100,HEALTHY
sht30_temperature_v02,0,1769,1770137,SHT30,temperature_C,BASELINE,27.38194,True,PASS,False,NONE,27.38194,True,0,,100,HEALTHY
sht30_temperature_v02,0,1770,1771137,SHT30,temperature_C,BASELINE,27.38194,True,PASS,False,NONE,27.38194,True,0,,100,HEALTHY
sht30_temperature_v02,0,1771,1772137,SHT30,temperature_C,BASELINE,27.39796,True,PASS,False,NONE,27.39796,True,0,,100,HEALTHY
sht30_temperature_v02,0,1772,1773137,SHT30,temperature_C,BASELINE,27.38194,True,PASS,False,NONE,27.38194,True,0,,100,HEALTHY
sht30_temperature_v02,0,1773,1774137,SHT30,temperature_C,BASELINE,27.36858,True,PASS,False,NONE,27.36858,True,0,,100,HEALTHY
sht30_temperature_v02,0,1774,1775137,SHT30,temperature_C,BASELINE,27.38194,True,PASS,False,NONE,27.38194,True,0,,100,HEALTHY
sht30_temperature_v02,0,1775,1776137,SHT30,temperature_C,BASELINE,27.38194,True,PASS,False,NONE,27.38194,True,0,,100,HEALTHY
sht30_temperature_v02,0,1776,1777137,SHT30,temperature_C,BASELINE,27.38194,True,PASS,False,NONE,27.38194,True,0,,100,HEALTHY
sht30_temperature_v02,0,1777,1778137,SHT30,temperature_C,BASELINE,27.39796,True,PASS,False,NONE,27.39796,True,0,,100,HEALTHY
sht30_temperature_v02,0,1778,1779137,SHT30,temperature_C,BASELINE,27.36858,True,PASS,False,NONE,27.36858,True,0,,100,HEALTHY
sht30_temperature_v02,0,1779,1780137,SHT30,temperature_C,BASELINE,27.38194,True,PASS,False,NONE,27.38194,True,0,,100,HEALTHY
sht30_temperature_v02,0,1780,1781137,SHT30,temperature_C,BASELINE,27.36858,True,PASS,False,NONE,27.36858,True,0,,100,HEALTHY
sht30_temperature_v02,0,1781,1782137,SHT30,temperature_C,BASELINE,27.38194,True,PASS,False,NONE,27.38194,True,0,,100,HEALTHY
sht30_temperature_v02,0,1782,1783137,SHT30,temperature_C,BASELINE,27.36858,True,PASS,False,NONE,27.36858,True,0,,100,HEALTHY
sht30_temperature_v02,0,1783,1784137,SHT30,temperature_C,BASELINE,27.38194,True,PASS,False,NONE,27.38194,True,0,,100,HEALTHY
sht30_temperature_v02,0,1784,1785137,SHT30,temperature_C,BASELINE,27.38194,True,PASS,False,NONE,27.38194,True,0,,100,HEALTHY
sht30_temperature_v02,0,1785,1786137,SHT30,temperature_C,BASELINE,27.36858,True,PASS,False,NONE,27.36858,True,0,,100,HEALTHY
sht30_temperature_v02,0,1786,1787137,SHT30,temperature_C,BASELINE,27.36858,True,PASS,False,NONE,27.36858,True,0,,100,HEALTHY
sht30_temperature_v02,0,1787,1788137,SHT30,temperature_C,BASELINE,27.38194,True,PASS,False,NONE,27.38194,True,0,,100,HEALTHY
sht30_temperature_v02,0,1788,1789137,SHT30,temperature_C,BASELINE,27.38194,True,PASS,False,NONE,27.38194,True,0,,100,HEALTHY
sht30_temperature_v02,0,1789,1790137,SHT30,temperature_C,BASELINE,27.36858,True,PASS,False,NONE,27.36858,True,0,,100,HEALTHY
sht30_temperature_v02,0,1790,1791137,SHT30,temperature_C,BASELINE,27.38194,True,PASS,False,NONE,27.38194,True,0,,100,HEALTHY
sht30_temperature_v02,0,1791,1792137,SHT30,temperature_C,BASELINE,27.35523,True,PASS,False,NONE,27.35523,True,0,,100,HEALTHY
sht30_temperature_v02,0,1792,1793137,SHT30,temperature_C,BASELINE,27.38194,True,PASS,False,NONE,27.38194,True,0,,100,HEALTHY
sht30_temperature_v02,0,1793,1794137,SHT30,temperature_C,BASELINE,27.36858,True,PASS,False,NONE,27.36858,True,0,,100,HEALTHY
sht30_temperature_v02,0,1794,1795137,SHT30,temperature_C,BASELINE,27.39796,True,PASS,False,NONE,27.39796,True,0,,100,HEALTHY
sht30_temperature_v02,0,1795,1796137,SHT30,temperature_C,BASELINE,27.38194,True,PASS,False,NONE,27.38194,True,0,,100,HEALTHY
sht30_temperature_v02,0,1796,1797137,SHT30,temperature_C,BASELINE,27.36858,True,PASS,False,NONE,27.36858,True,0,,100,HEALTHY
sht30_temperature_v02,0,1797,1798137,SHT30,temperature_C,BASELINE,27.38194,True,PASS,False,NONE,27.38194,True,0,,100,HEALTHY
sht30_temperature_v02,0,1798,1799137,SHT30,temperature_C,BASELINE,27.41131,True,PASS,False,NONE,27.41131,True,0,,100,HEALTHY
sht30_temperature_v02,0,1799,1800137,SHT30,temperature_C,BASELINE,27.36858,True,PASS,False,NONE,27.36858,True,0,,100,HEALTHY
sht30_temperature_v02,0,1800,1801137,SHT30,temperature_C,BASELINE,27.39796,True,PASS,False,NONE,27.39796,True,0,,100,HEALTHY
sht30_temperature_v02,0,1801,1802137,SHT30,temperature_C,BASELINE,27.38194,True,PASS,False,NONE,27.38194,True,0,,100,HEALTHY
sht30_temperature_v02,0,1802,1803137,SHT30,temperature_C,BASELINE,27.38194,True,PASS,False,NONE,27.38194,True,0,,100,HEALTHY
sht30_temperature_v02,0,1803,1804137,SHT30,temperature_C,BASELINE,27.41131,True,PASS,False,NONE,27.41131,True,0,,100,HEALTHY
sht30_temperature_v02,0,1804,1805137,SHT30,temperature_C,BASELINE,27.41131,True,PASS,False,NONE,27.41131,True,0,,100,HEALTHY
sht30_temperature_v02,0,1805,1806137,SHT30,temperature_C,BASELINE,27.39796,True,PASS,False,NONE,27.39796,True,0,,100,HEALTHY
sht30_temperature_v02,0,1806,1807137,SHT30,temperature_C,BASELINE,27.41131,True,PASS,False,NONE,27.41131,True,0,,100,HEALTHY
sht30_temperature_v02,0,1807,1808137,SHT30,temperature_C,BASELINE,27.39796,True,PASS,False,NONE,27.39796,True,0,,100,HEALTHY
sht30_temperature_v02,0,1808,1809137,SHT30,temperature_C,BASELINE,27.39796,True,PASS,False,NONE,27.39796,True,0,,100,HEALTHY
sht30_temperature_v02,0,1809,1810137,SHT30,temperature_C,BASELINE,27.39796,True,PASS,False,NONE,27.39796,True,0,,100,HEALTHY
sht30_temperature_v02,1,1810,1811137,SHT30,temperature_C,INJECTION,27.39796,True,FREEZE,True,STUCK,27.39796,True,0,,100,HEALTHY
sht30_temperature_v02,1,1811,1812137,SHT30,temperature_C,INJECTION,27.42466,True,FREEZE,True,STUCK,27.39796,True,0,,100,HEALTHY
sht30_temperature_v02,1,1812,1813137,SHT30,temperature_C,INJECTION,27.39796,True,FREEZE,True,STUCK,27.39796,True,0,,100,HEALTHY
sht30_temperature_v02,1,1813,1814137,SHT30,temperature_C,INJECTION,27.38194,True,FREEZE,True,STUCK,27.39796,True,0,,100,HEALTHY
sht30_temperature_v02,1,1814,1815137,SHT30,temperature_C,INJECTION,27.38194,True,FREEZE,True,STUCK,27.39796,True,0,,100,HEALTHY
sht30_temperature_v02,1,1815,1816137,SHT30,temperature_C,INJECTION,27.39796,True,FREEZE,True,STUCK,27.39796,True,0,,100,HEALTHY
sht30_temperature_v02,1,1816,1817137,SHT30,temperature_C,INJECTION,27.39796,True,FREEZE,True,STUCK,27.39796,True,0,,100,HEALTHY
sht30_temperature_v02,1,1817,1818137,SHT30,temperature_C,INJECTION,27.39796,True,FREEZE,True,STUCK,27.39796,True,0,,100,HEALTHY
sht30_temperature_v02,1,1818,1819137,SHT30,temperature_C,INJECTION,27.39796,True,FREEZE,True,STUCK,27.39796,True,0,,100,HEALTHY
sht30_temperature_v02,1,1819,1820137,SHT30,temperature_C,INJECTION,27.41131,True,FREEZE,True,STUCK,27.39796,True,0,,100,HEALTHY
sht30_temperature_v02,1,1820,1821137,SHT30,temperature_C,INJECTION,27.39796,True,FREEZE,True,STUCK,27.39796,True,0,,100,HEALTHY
sht30_temperature_v02,1,1821,1822137,SHT30,temperature_C,INJECTION,27.41131,True,FREEZE,True,STUCK,27.39796,True,0,,100,HEALTHY
sht30_temperature_v02,1,1822,1823137,SHT30,temperature_C,INJECTION,27.39796,True,FREEZE,True,STUCK,27.39796,True,0,,100,HEALTHY
sht30_temperature_v02,1,1823,1824137,SHT30,temperature_C,INJECTION,27.39796,True,FREEZE,True,STUCK,27.39796,True,0,,100,HEALTHY
sht30_temperature_v02,1,1824,1825137,SHT30,temperature_C,INJECTION,27.39796,True,FREEZE,True,STUCK,27.39796,True,0,,100,HEALTHY
sht30_temperature_v02,1,1825,1826137,SHT30,temperature_C,INJECTION,27.42466,True,FREEZE,True,STUCK,27.39796,True,0,,100,HEALTHY
sht30_temperature_v02,1,1826,1827137,SHT30,temperature_C,INJECTION,27.41131,True,FREEZE,True,STUCK,27.39796,True,2,,65,DEGRADED
sht30_temperature_v02,1,1827,1828137,SHT30,temperature_C,INJECTION,27.39796,True,FREEZE,True,STUCK,27.39796,True,2,,65,DEGRADED
sht30_temperature_v02,1,1828,1829137,SHT30,temperature_C,INJECTION,27.42466,True,FREEZE,True,STUCK,27.39796,True,2,,65,DEGRADED
sht30_temperature_v02,1,1829,1830137,SHT30,temperature_C,INJECTION,27.41131,True,FREEZE,True,STUCK,27.39796,True,2,,65,DEGRADED
sht30_temperature_v02,1,1830,1831137,SHT30,temperature_C,INJECTION,27.39796,True,FREEZE,True,STUCK,27.39796,True,2,,65,DEGRADED
sht30_temperature_v02,1,1831,1832137,SHT30,temperature_C,INJECTION,27.39796,True,FREEZE,True,STUCK,27.39796,True,2,,65,DEGRADED
sht30_temperature_v02,1,1832,1833137,SHT30,temperature_C,INJECTION,27.41131,True,FREEZE,True,STUCK,27.39796,True,2,,65,DEGRADED
sht30_temperature_v02,1,1833,1834137,SHT30,temperature_C,INJECTION,27.41131,True,FREEZE,True,STUCK,27.39796,True,2,,65,DEGRADED
sht30_temperature_v02,1,1834,1835137,SHT30,temperature_C,INJECTION,27.42466,True,FREEZE,True,STUCK,27.39796,True,2,,65,DEGRADED
sht30_temperature_v02,1,1835,1836137,SHT30,temperature_C,INJECTION,27.39796,True,FREEZE,True,STUCK,27.39796,True,2,,65,DEGRADED
sht30_temperature_v02,1,1836,1837137,SHT30,temperature_C,INJECTION,27.41131,True,FREEZE,True,STUCK,27.39796,True,2,,65,DEGRADED
sht30_temperature_v02,1,1837,1838137,SHT30,temperature_C,INJECTION,27.41131,True,FREEZE,True,STUCK,27.39796,True,2,,65,DEGRADED
sht30_temperature_v02,1,1838,1839137,SHT30,temperature_C,INJECTION,27.41131,True,FREEZE,True,STUCK,27.39796,True,2,,65,DEGRADED
sht30_temperature_v02,1,1839,1840137,SHT30,temperature_C,INJECTION,27.43801,True,FREEZE,True,STUCK,27.39796,True,2,,65,DEGRADED
sht30_temperature_v02,1,1840,1841137,SHT30,temperature_C,INJECTION,27.39796,True,FREEZE,True,STUCK,27.39796,True,2,,65,DEGRADED
sht30_temperature_v02,1,1841,1842137,SHT30,temperature_C,INJECTION,27.42466,True,FREEZE,True,STUCK,27.39796,True,2,,65,DEGRADED
sht30_temperature_v02,1,1842,1843137,SHT30,temperature_C,INJECTION,27.42466,True,FREEZE,True,STUCK,27.39796,True,2,,65,DEGRADED
sht30_temperature_v02,1,1843,1844137,SHT30,temperature_C,INJECTION,27.45403,True,FREEZE,True,STUCK,27.39796,True,2,,65,DEGRADED
sht30_temperature_v02,1,1844,1845137,SHT30,temperature_C,INJECTION,27.42466,True,FREEZE,True,STUCK,27.39796,True,2,,65,DEGRADED
sht30_temperature_v02,1,1845,1846137,SHT30,temperature_C,INJECTION,27.42466,True,FREEZE,True,STUCK,27.39796,True,2,,65,DEGRADED
sht30_temperature_v02,1,1846,1847137,SHT30,temperature_C,INJECTION,27.43801,True,FREEZE,True,STUCK,27.39796,True,2,,65,DEGRADED
sht30_temperature_v02,1,1847,1848137,SHT30,temperature_C,INJECTION,27.43801,True,FREEZE,True,STUCK,27.39796,True,2,,65,DEGRADED
sht30_temperature_v02,1,1848,1849137,SHT30,temperature_C,INJECTION,27.42466,True,FREEZE,True,STUCK,27.39796,True,2,,65,DEGRADED
sht30_temperature_v02,1,1849,1850137,SHT30,temperature_C,INJECTION,27.43801,True,FREEZE,True,STUCK,27.39796,True,2,,65,DEGRADED
sht30_temperature_v02,1,1850,1851137,SHT30,temperature_C,RECOVERY,27.41131,True,PASS,False,NONE,27.41131,True,0,,100,HEALTHY
sht30_temperature_v02,1,1851,1852137,SHT30,temperature_C,RECOVERY,27.45403,True,PASS,False,NONE,27.45403,True,0,,100,HEALTHY
sht30_temperature_v02,1,1852,1853137,SHT30,temperature_C,RECOVERY,27.41131,True,PASS,False,NONE,27.41131,True,0,,100,HEALTHY
sht30_temperature_v02,1,1853,1854137,SHT30,temperature_C,RECOVERY,27.39796,True,PASS,False,NONE,27.39796,True,0,,100,HEALTHY
sht30_temperature_v02,1,1854,1855137,SHT30,temperature_C,RECOVERY,27.39796,True,PASS,False,NONE,27.39796,True,0,,100,HEALTHY
sht30_temperature_v02,1,1855,1856137,SHT30,temperature_C,RECOVERY,27.41131,True,PASS,False,NONE,27.41131,True,0,,100,HEALTHY
sht30_temperature_v02,1,1856,1857137,SHT30,temperature_C,RECOVERY,27.42466,True,PASS,False,NONE,27.42466,True,0,,100,HEALTHY
sht30_temperature_v02,1,1857,1858137,SHT30,temperature_C,RECOVERY,27.42466,True,PASS,False,NONE,27.42466,True,0,,100,HEALTHY
sht30_temperature_v02,1,1858,1859137,SHT30,temperature_C,RECOVERY,27.41131,True,PASS,False,NONE,27.41131,True,0,,100,HEALTHY
sht30_temperature_v02,1,1859,1860137,SHT30,temperature_C,RECOVERY,27.41131,True,PASS,False,NONE,27.41131,True,0,,100,HEALTHY
sht30_temperature_v02,1,1860,1861137,SHT30,temperature_C,RECOVERY,27.38194,True,PASS,False,NONE,27.38194,True,0,,100,HEALTHY
sht30_temperature_v02,1,1861,1862137,SHT30,temperature_C,RECOVERY,27.39796,True,PASS,False,NONE,27.39796,True,0,,100,HEALTHY
sht30_temperature_v02,1,1862,1863137,SHT30,temperature_C,RECOVERY,27.39796,True,PASS,False,NONE,27.39796,True,0,,100,HEALTHY
sht30_temperature_v02,1,1863,1864137,SHT30,temperature_C,RECOVERY,27.41131,True,PASS,False,NONE,27.41131,True,0,,100,HEALTHY
sht30_temperature_v02,1,1864,1865137,SHT30,temperature_C,RECOVERY,27.41131,True,PASS,False,NONE,27.41131,True,0,,100,HEALTHY
sht30_temperature_v02,1,1865,1866137,SHT30,temperature_C,RECOVERY,27.39796,True,PASS,False,NONE,27.39796,True,0,,100,HEALTHY
sht30_temperature_v02,1,1866,1867137,SHT30,temperature_C,RECOVERY,27.38194,True,PASS,False,NONE,27.38194,True,0,,100,HEALTHY
sht30_temperature_v02,1,1867,1868137,SHT30,temperature_C,RECOVERY,27.38194,True,PASS,False,NONE,27.38194,True,0,,100,HEALTHY
sht30_temperature_v02,1,1868,1869137,SHT30,temperature_C,RECOVERY,27.39796,True,PASS,False,NONE,27.39796,True,0,,100,HEALTHY
sht30_temperature_v02,1,1869,1870137,SHT30,temperature_C,RECOVERY,27.41131,True,PASS,False,NONE,27.41131,True,0,,100,HEALTHY
sht30_temperature_v02,1,1870,1871137,SHT30,temperature_C,RECOVERY,27.39796,True,PASS,False,NONE,27.39796,True,0,,100,HEALTHY
sht30_temperature_v02,1,1871,1872137,SHT30,temperature_C,RECOVERY,27.42466,True,PASS,False,NONE,27.42466,True,0,,100,HEALTHY
sht30_temperature_v02,1,1872,1873137,SHT30,temperature_C,RECOVERY,27.41131,True,PASS,False,NONE,27.41131,True,0,,100,HEALTHY
sht30_temperature_v02,1,1873,1874137,SHT30,temperature_C,RECOVERY,27.41131,True,PASS,False,NONE,27.41131,True,0,,100,HEALTHY
sht30_temperature_v02,1,1874,1875137,SHT30,temperature_C,RECOVERY,27.42466,True,PASS,False,NONE,27.42466,True,0,,100,HEALTHY
sht30_temperature_v02,1,1875,1876137,SHT30,temperature_C,RECOVERY,27.39796,True,PASS,False,NONE,27.39796,True,0,,100,HEALTHY
sht30_temperature_v02,1,1876,1877137,SHT30,temperature_C,RECOVERY,27.39796,True,PASS,False,NONE,27.39796,True,0,,100,HEALTHY
sht30_temperature_v02,1,1877,1878137,SHT30,temperature_C,RECOVERY,27.41131,True,PASS,False,NONE,27.41131,True,0,,100,HEALTHY
sht30_temperature_v02,1,1878,1879137,SHT30,temperature_C,RECOVERY,27.38194,True,PASS,False,NONE,27.38194,True,0,,100,HEALTHY
sht30_temperature_v02,1,1879,1880137,SHT30,temperature_C,RECOVERY,27.41131,True,PASS,False,NONE,27.41131,True,0,,100,HEALTHY
sht30_temperature_v02,1,1880,1881137,SHT30,temperature_C,RECOVERY,27.39796,True,PASS,False,NONE,27.39796,True,0,,100,HEALTHY
sht30_temperature_v02,1,1881,1882137,SHT30,temperature_C,RECOVERY,27.39796,True,PASS,False,NONE,27.39796,True,0,,100,HEALTHY
sht30_temperature_v02,1,1882,1883137,SHT30,temperature_C,RECOVERY,27.39796,True,PASS,False,NONE,27.39796,True,0,,100,HEALTHY
sht30_temperature_v02,1,1883,1884137,SHT30,temperature_C,RECOVERY,27.39796,True,PASS,False,NONE,27.39796,True,0,,100,HEALTHY
sht30_temperature_v02,1,1884,1885137,SHT30,temperature_C,RECOVERY,27.38194,True,PASS,False,NONE,27.38194,True,0,,100,HEALTHY
sht30_temperature_v02,1,1885,1886137,SHT30,temperature_C,RECOVERY,27.41131,True,PASS,False,NONE,27.41131,True,0,,100,HEALTHY
sht30_temperature_v02,1,1886,1887137,SHT30,temperature_C,RECOVERY,27.39796,True,PASS,False,NONE,27.39796,True,0,,100,HEALTHY
sht30_temperature_v02,1,1887,1888137,SHT30,temperature_C,RECOVERY,27.38194,True,PASS,False,NONE,27.38194,True,0,,100,HEALTHY
sht30_temperature_v02,1,1888,1889137,SHT30,temperature_C,RECOVERY,27.39796,True,PASS,False,NONE,27.39796,True,0,,100,HEALTHY
sht30_temperature_v02,1,1889,1890137,SHT30,temperature_C,RECOVERY,27.39796,True,PASS,False,NONE,27.39796,True,0,,100,HEALTHY
sht30_temperature_v02,1,1890,1891137,SHT30,temperature_C,RECOVERY,27.39796,True,PASS,False,NONE,27.39796,True,0,,100,HEALTHY
sht30_temperature_v02,1,1891,1892137,SHT30,temperature_C,RECOVERY,27.39796,True,PASS,False,NONE,27.39796,True,0,,100,HEALTHY
sht30_temperature_v02,1,1892,1893137,SHT30,temperature_C,RECOVERY,27.41131,True,PASS,False,NONE,27.41131,True,0,,100,HEALTHY
sht30_temperature_v02,1,1893,1894137,SHT30,temperature_C,RECOVERY,27.41131,True,PASS,False,NONE,27.41131,True,0,,100,HEALTHY
sht30_temperature_v02,1,1894,1895137,SHT30,temperature_C,RECOVERY,27.38194,True,PASS,False,NONE,27.38194,True,0,,100,HEALTHY
sht30_temperature_v02,1,1895,1896137,SHT30,temperature_C,RECOVERY,27.41131,True,PASS,False,NONE,27.41131,True,0,,100,HEALTHY
sht30_temperature_v02,1,1896,1897137,SHT30,temperature_C,RECOVERY,27.39796,True,PASS,False,NONE,27.39796,True,0,,100,HEALTHY
sht30_temperature_v02,1,1897,1898137,SHT30,temperature_C,RECOVERY,27.38194,True,PASS,False,NONE,27.38194,True,0,,100,HEALTHY
sht30_temperature_v02,1,1898,1899137,SHT30,temperature_C,RECOVERY,27.41131,True,PASS,False,NONE,27.41131,True,0,,100,HEALTHY
sht30_temperature_v02,1,1899,1900137,SHT30,temperature_C,RECOVERY,27.41131,True,PASS,False,NONE,27.41131,True,0,,100,HEALTHY
sht30_temperature_v02,1,1900,1901137,SHT30,temperature_C,RECOVERY,27.41131,True,PASS,False,NONE,27.41131,True,0,,100,HEALTHY
sht30_temperature_v02,1,1901,1902137,SHT30,temperature_C,RECOVERY,27.39796,True,PASS,False,NONE,27.39796,True,0,,100,HEALTHY
sht30_temperature_v02,1,1902,1903137,SHT30,temperature_C,RECOVERY,27.36858,True,PASS,False,NONE,27.36858,True,0,,100,HEALTHY
sht30_temperature_v02,1,1903,1904137,SHT30,temperature_C,RECOVERY,27.42466,True,PASS,False,NONE,27.42466,True,0,,100,HEALTHY
sht30_temperature_v02,1,1904,1905137,SHT30,temperature_C,RECOVERY,27.41131,True,PASS,False,NONE,27.41131,True,0,,100,HEALTHY
sht30_temperature_v02,2,1905,1906137,SHT30,temperature_C,INJECTION,27.41131,True,FREEZE,True,STUCK,27.41131,True,0,,100,HEALTHY
sht30_temperature_v02,2,1906,1907137,SHT30,temperature_C,INJECTION,27.39796,True,FREEZE,True,STUCK,27.41131,True,0,,100,HEALTHY
sht30_temperature_v02,2,1907,1908137,SHT30,temperature_C,INJECTION,27.41131,True,FREEZE,True,STUCK,27.41131,True,0,,100,HEALTHY
sht30_temperature_v02,2,1908,1909137,SHT30,temperature_C,INJECTION,27.39796,True,FREEZE,True,STUCK,27.41131,True,0,,100,HEALTHY
sht30_temperature_v02,2,1909,1910137,SHT30,temperature_C,INJECTION,27.41131,True,FREEZE,True,STUCK,27.41131,True,0,,100,HEALTHY
sht30_temperature_v02,2,1910,1911137,SHT30,temperature_C,INJECTION,27.39796,True,FREEZE,True,STUCK,27.41131,True,0,,100,HEALTHY
sht30_temperature_v02,2,1911,1912137,SHT30,temperature_C,INJECTION,27.41131,True,FREEZE,True,STUCK,27.41131,True,0,,100,HEALTHY
sht30_temperature_v02,2,1912,1913137,SHT30,temperature_C,INJECTION,27.41131,True,FREEZE,True,STUCK,27.41131,True,0,,100,HEALTHY
sht30_temperature_v02,2,1913,1914137,SHT30,temperature_C,INJECTION,27.41131,True,FREEZE,True,STUCK,27.41131,True,0,,100,HEALTHY
sht30_temperature_v02,2,1914,1915137,SHT30,temperature_C,INJECTION,27.39796,True,FREEZE,True,STUCK,27.41131,True,0,,100,HEALTHY
sht30_temperature_v02,2,1915,1916137,SHT30,temperature_C,INJECTION,27.41131,True,FREEZE,True,STUCK,27.41131,True,0,,100,HEALTHY
sht30_temperature_v02,2,1916,1917137,SHT30,temperature_C,INJECTION,27.41131,True,FREEZE,True,STUCK,27.41131,True,0,,100,HEALTHY
sht30_temperature_v02,2,1917,1918137,SHT30,temperature_C,INJECTION,27.42466,True,FREEZE,True,STUCK,27.41131,True,0,,100,HEALTHY
sht30_temperature_v02,2,1918,1919137,SHT30,temperature_C,INJECTION,27.39796,True,FREEZE,True,STUCK,27.41131,True,0,,100,HEALTHY
sht30_temperature_v02,2,1919,1920137,SHT30,temperature_C,INJECTION,27.39796,True,FREEZE,True,STUCK,27.41131,True,0,,100,HEALTHY
sht30_temperature_v02,2,1920,1921137,SHT30,temperature_C,INJECTION,27.42466,True,FREEZE,True,STUCK,27.41131,True,0,,100,HEALTHY
sht30_temperature_v02,2,1921,1922137,SHT30,temperature_C,INJECTION,27.41131,True,FREEZE,True,STUCK,27.41131,True,0,,100,HEALTHY
sht30_temperature_v02,2,1922,1923137,SHT30,temperature_C,INJECTION,27.41131,True,FREEZE,True,STUCK,27.41131,True,0,,100,HEALTHY
sht30_temperature_v02,2,1923,1924137,SHT30,temperature_C,INJECTION,27.38194,True,FREEZE,True,STUCK,27.41131,True,2,,65,DEGRADED
sht30_temperature_v02,2,1924,1925137,SHT30,temperature_C,INJECTION,27.39796,True,FREEZE,True,STUCK,27.41131,True,2,,65,DEGRADED
sht30_temperature_v02,2,1925,1926137,SHT30,temperature_C,INJECTION,27.39796,True,FREEZE,True,STUCK,27.41131,True,2,,65,DEGRADED
sht30_temperature_v02,2,1926,1927137,SHT30,temperature_C,INJECTION,27.41131,True,FREEZE,True,STUCK,27.41131,True,2,,65,DEGRADED
sht30_temperature_v02,2,1927,1928137,SHT30,temperature_C,INJECTION,27.41131,True,FREEZE,True,STUCK,27.41131,True,2,,65,DEGRADED
sht30_temperature_v02,2,1928,1929137,SHT30,temperature_C,INJECTION,27.39796,True,FREEZE,True,STUCK,27.41131,True,2,,65,DEGRADED
sht30_temperature_v02,2,1929,1930137,SHT30,temperature_C,INJECTION,27.41131,True,FREEZE,True,STUCK,27.41131,True,2,,65,DEGRADED
sht30_temperature_v02,2,1930,1931137,SHT30,temperature_C,INJECTION,27.42466,True,FREEZE,True,STUCK,27.41131,True,2,,65,DEGRADED
sht30_temperature_v02,2,1931,1932137,SHT30,temperature_C,INJECTION,27.41131,True,FREEZE,True,STUCK,27.41131,True,2,,65,DEGRADED
sht30_temperature_v02,2,1932,1933137,SHT30,temperature_C,INJECTION,27.41131,True,FREEZE,True,STUCK,27.41131,True,2,,65,DEGRADED
sht30_temperature_v02,2,1933,1934137,SHT30,temperature_C,INJECTION,27.39796,True,FREEZE,True,STUCK,27.41131,True,2,,65,DEGRADED
sht30_temperature_v02,2,1934,1935137,SHT30,temperature_C,INJECTION,27.42466,True,FREEZE,True,STUCK,27.41131,True,2,,65,DEGRADED
sht30_temperature_v02,2,1935,1936137,SHT30,temperature_C,INJECTION,27.39796,True,FREEZE,True,STUCK,27.41131,True,2,,65,DEGRADED
sht30_temperature_v02,2,1936,1937137,SHT30,temperature_C,INJECTION,27.42466,True,FREEZE,True,STUCK,27.41131,True,2,,65,DEGRADED
sht30_temperature_v02,2,1937,1938137,SHT30,temperature_C,INJECTION,27.41131,True,FREEZE,True,STUCK,27.41131,True,2,,65,DEGRADED
sht30_temperature_v02,2,1938,1939137,SHT30,temperature_C,INJECTION,27.39796,True,FREEZE,True,STUCK,27.41131,True,2,,65,DEGRADED
sht30_temperature_v02,2,1939,1940137,SHT30,temperature_C,INJECTION,27.38194,True,FREEZE,True,STUCK,27.41131,True,2,,65,DEGRADED
sht30_temperature_v02,2,1940,1941137,SHT30,temperature_C,INJECTION,27.41131,True,FREEZE,True,STUCK,27.41131,True,2,,65,DEGRADED
sht30_temperature_v02,2,1941,1942137,SHT30,temperature_C,INJECTION,27.41131,True,FREEZE,True,STUCK,27.41131,True,2,,65,DEGRADED
sht30_temperature_v02,2,1942,1943137,SHT30,temperature_C,INJECTION,27.39796,True,FREEZE,True,STUCK,27.41131,True,2,,65,DEGRADED
sht30_temperature_v02,2,1943,1944137,SHT30,temperature_C,INJECTION,27.41131,True,FREEZE,True,STUCK,27.41131,True,2,,65,DEGRADED
sht30_temperature_v02,2,1944,1945137,SHT30,temperature_C,INJECTION,27.39796,True,FREEZE,True,STUCK,27.41131,True,2,,65,DEGRADED
sht30_temperature_v02,2,1945,1946137,SHT30,temperature_C,RECOVERY,27.39796,True,PASS,False,NONE,27.39796,True,0,,100,HEALTHY
sht30_temperature_v02,2,1946,1947137,SHT30,temperature_C,RECOVERY,27.41131,True,PASS,False,NONE,27.41131,True,0,,100,HEALTHY
sht30_temperature_v02,2,1947,1948137,SHT30,temperature_C,RECOVERY,27.38194,True,PASS,False,NONE,27.38194,True,0,,100,HEALTHY
sht30_temperature_v02,2,1948,1949137,SHT30,temperature_C,RECOVERY,27.39796,True,PASS,False,NONE,27.39796,True,0,,100,HEALTHY
sht30_temperature_v02,2,1949,1950137,SHT30,temperature_C,RECOVERY,27.39796,True,PASS,False,NONE,27.39796,True,0,,100,HEALTHY
sht30_temperature_v02,2,1950,1951137,SHT30,temperature_C,RECOVERY,27.41131,True,PASS,False,NONE,27.41131,True,0,,100,HEALTHY
sht30_temperature_v02,2,1951,1952137,SHT30,temperature_C,RECOVERY,27.36858,True,PASS,False,NONE,27.36858,True,0,,100,HEALTHY
sht30_temperature_v02,2,1952,1953137,SHT30,temperature_C,RECOVERY,27.39796,True,PASS,False,NONE,27.39796,True,0,,100,HEALTHY
sht30_temperature_v02,2,1953,1954137,SHT30,temperature_C,RECOVERY,27.41131,True,PASS,False,NONE,27.41131,True,0,,100,HEALTHY
sht30_temperature_v02,2,1954,1955137,SHT30,temperature_C,RECOVERY,27.38194,True,PASS,False,NONE,27.38194,True,0,,100,HEALTHY
sht30_temperature_v02,2,1955,1956137,SHT30,temperature_C,RECOVERY,27.39796,True,PASS,False,NONE,27.39796,True,0,,100,HEALTHY
sht30_temperature_v02,2,1956,1957137,SHT30,temperature_C,RECOVERY,27.38194,True,PASS,False,NONE,27.38194,True,0,,100,HEALTHY
sht30_temperature_v02,2,1957,1958137,SHT30,temperature_C,RECOVERY,27.38194,True,PASS,False,NONE,27.38194,True,0,,100,HEALTHY
sht30_temperature_v02,2,1958,1959137,SHT30,temperature_C,RECOVERY,27.39796,True,PASS,False,NONE,27.39796,True,0,,100,HEALTHY
sht30_temperature_v02,2,1959,1960137,SHT30,temperature_C,RECOVERY,27.39796,True,PASS,False,NONE,27.39796,True,0,,100,HEALTHY
sht30_temperature_v02,2,1960,1961137,SHT30,temperature_C,RECOVERY,27.36858,True,PASS,False,NONE,27.36858,True,0,,100,HEALTHY
sht30_temperature_v02,2,1961,1962137,SHT30,temperature_C,RECOVERY,27.39796,True,PASS,False,NONE,27.39796,True,0,,100,HEALTHY
sht30_temperature_v02,2,1962,1963137,SHT30,temperature_C,RECOVERY,27.38194,True,PASS,False,NONE,27.38194,True,0,,100,HEALTHY
sht30_temperature_v02,2,1963,1964137,SHT30,temperature_C,RECOVERY,27.38194,True,PASS,False,NONE,27.38194,True,0,,100,HEALTHY
sht30_temperature_v02,2,1964,1965137,SHT30,temperature_C,RECOVERY,27.38194,True,PASS,False,NONE,27.38194,True,0,,100,HEALTHY
sht30_temperature_v02,2,1965,1966137,SHT30,temperature_C,RECOVERY,27.36858,True,PASS,False,NONE,27.36858,True,0,,100,HEALTHY
sht30_temperature_v02,2,1966,1967137,SHT30,temperature_C,RECOVERY,27.38194,True,PASS,False,NONE,27.38194,True,0,,100,HEALTHY
sht30_temperature_v02,2,1967,1968137,SHT30,temperature_C,RECOVERY,27.38194,True,PASS,False,NONE,27.38194,True,0,,100,HEALTHY
sht30_temperature_v02,2,1968,1969137,SHT30,temperature_C,RECOVERY,27.38194,True,PASS,False,NONE,27.38194,True,0,,100,HEALTHY
sht30_temperature_v02,2,1969,1970137,SHT30,temperature_C,RECOVERY,27.38194,True,PASS,False,NONE,27.38194,True,0,,100,HEALTHY
sht30_temperature_v02,2,1970,1971137,SHT30,temperature_C,RECOVERY,27.39796,True,PASS,False,NONE,27.39796,True,0,,100,HEALTHY
sht30_temperature_v02,2,1971,1972137,SHT30,temperature_C,RECOVERY,27.39796,True,PASS,False,NONE,27.39796,True,0,,100,HEALTHY
sht30_temperature_v02,2,1972,1973137,SHT30,temperature_C,RECOVERY,27.36858,True,PASS,False,NONE,27.36858,True,0,,100,HEALTHY
sht30_temperature_v02,2,1973,1974137,SHT30,temperature_C,RECOVERY,27.38194,True,PASS,False,NONE,27.38194,True,0,,100,HEALTHY
sht30_temperature_v02,2,1974,1975137,SHT30,temperature_C,RECOVERY,27.38194,True,PASS,False,NONE,27.38194,True,0,,100,HEALTHY
sht30_temperature_v02,2,1975,1976137,SHT30,temperature_C,RECOVERY,27.38194,True,PASS,False,NONE,27.38194,True,0,,100,HEALTHY
sht30_temperature_v02,2,1976,1977137,SHT30,temperature_C,RECOVERY,27.36858,True,PASS,False,NONE,27.36858,True,0,,100,HEALTHY
sht30_temperature_v02,2,1977,1978137,SHT30,temperature_C,RECOVERY,27.36858,True,PASS,False,NONE,27.36858,True,0,,100,HEALTHY
sht30_temperature_v02,2,1978,1979137,SHT30,temperature_C,RECOVERY,27.38194,True,PASS,False,NONE,27.38194,True,0,,100,HEALTHY
sht30_temperature_v02,2,1979,1980137,SHT30,temperature_C,RECOVERY,27.36858,True,PASS,False,NONE,27.36858,True,0,,100,HEALTHY
sht30_temperature_v02,2,1980,1981137,SHT30,temperature_C,RECOVERY,27.38194,True,PASS,False,NONE,27.38194,True,0,,100,HEALTHY
sht30_temperature_v02,2,1981,1982137,SHT30,temperature_C,RECOVERY,27.38194,True,PASS,False,NONE,27.38194,True,0,,100,HEALTHY
sht30_temperature_v02,2,1982,1983137,SHT30,temperature_C,RECOVERY,27.38194,True,PASS,False,NONE,27.38194,True,0,,100,HEALTHY
sht30_temperature_v02,2,1983,1984137,SHT30,temperature_C,RECOVERY,27.38194,True,PASS,False,NONE,27.38194,True,0,,100,HEALTHY
sht30_temperature_v02,2,1984,1985137,SHT30,temperature_C,RECOVERY,27.38194,True,PASS,False,NONE,27.38194,True,0,,100,HEALTHY
sht30_temperature_v02,2,1985,1986137,SHT30,temperature_C,RECOVERY,27.36858,True,PASS,False,NONE,27.36858,True,0,,100,HEALTHY
sht30_temperature_v02,2,1986,1987137,SHT30,temperature_C,RECOVERY,27.36858,True,PASS,False,NONE,27.36858,True,0,,100,HEALTHY
sht30_temperature_v02,2,1987,1988137,SHT30,temperature_C,RECOVERY,27.35523,True,PASS,False,NONE,27.35523,True,0,,100,HEALTHY
sht30_temperature_v02,2,1988,1989137,SHT30,temperature_C,RECOVERY,27.35523,True,PASS,False,NONE,27.35523,True,0,,100,HEALTHY
sht30_temperature_v02,2,1989,1990137,SHT30,temperature_C,RECOVERY,27.36858,True,PASS,False,NONE,27.36858,True,0,,100,HEALTHY
sht30_temperature_v02,2,1990,1991137,SHT30,temperature_C,RECOVERY,27.38194,True,PASS,False,NONE,27.38194,True,0,,100,HEALTHY
sht30_temperature_v02,2,1991,1992137,SHT30,temperature_C,RECOVERY,27.38194,True,PASS,False,NONE,27.38194,True,0,,100,HEALTHY
sht30_temperature_v02,2,1992,1993137,SHT30,temperature_C,RECOVERY,27.38194,True,PASS,False,NONE,27.38194,True,0,,100,HEALTHY
sht30_temperature_v02,2,1993,1994137,SHT30,temperature_C,RECOVERY,27.38194,True,PASS,False,NONE,27.38194,True,0,,100,HEALTHY
sht30_temperature_v02,2,1994,1995137,SHT30,temperature_C,RECOVERY,27.33921,True,PASS,False,NONE,27.33921,True,0,,100,HEALTHY
sht30_temperature_v02,2,1995,1996137,SHT30,temperature_C,RECOVERY,27.39796,True,PASS,False,NONE,27.39796,True,0,,100,HEALTHY
sht30_temperature_v02,2,1996,1997137,SHT30,temperature_C,RECOVERY,27.39796,True,PASS,False,NONE,27.39796,True,0,,100,HEALTHY
sht30_temperature_v02,2,1997,1998137,SHT30,temperature_C,RECOVERY,27.38194,True,PASS,False,NONE,27.38194,True,0,,100,HEALTHY
sht30_temperature_v02,2,1998,1999137,SHT30,temperature_C,RECOVERY,27.36858,True,PASS,False,NONE,27.36858,True,0,,100,HEALTHY
sht30_temperature_v02,2,1999,2000137,SHT30,temperature_C,RECOVERY,27.35523,True,PASS,False,NONE,27.35523,True,0,,100,HEALTHY
sht30_temperature_v02,3,2000,2001137,SHT30,temperature_C,INJECTION,27.36858,True,FREEZE,True,STUCK,27.35523,True,0,,100,HEALTHY
sht30_temperature_v02,3,2001,2002137,SHT30,temperature_C,INJECTION,27.36858,True,FREEZE,True,STUCK,27.35523,True,0,,100,HEALTHY
sht30_temperature_v02,3,2002,2003137,SHT30,temperature_C,INJECTION,27.36858,True,FREEZE,True,STUCK,27.35523,True,0,,100,HEALTHY
sht30_temperature_v02,3,2003,2004137,SHT30,temperature_C,INJECTION,27.33921,True,FREEZE,True,STUCK,27.35523,True,0,,100,HEALTHY
sht30_temperature_v02,3,2004,2005137,SHT30,temperature_C,INJECTION,27.36858,True,FREEZE,True,STUCK,27.35523,True,0,,100,HEALTHY
sht30_temperature_v02,3,2005,2006137,SHT30,temperature_C,INJECTION,27.35523,True,FREEZE,True,STUCK,27.35523,True,0,,100,HEALTHY
sht30_temperature_v02,3,2006,2007137,SHT30,temperature_C,INJECTION,27.35523,True,FREEZE,True,STUCK,27.35523,True,0,,100,HEALTHY
sht30_temperature_v02,3,2007,2008137,SHT30,temperature_C,INJECTION,27.36858,True,FREEZE,True,STUCK,27.35523,True,0,,100,HEALTHY
sht30_temperature_v02,3,2008,2009137,SHT30,temperature_C,INJECTION,27.33921,True,FREEZE,True,STUCK,27.35523,True,0,,100,HEALTHY
sht30_temperature_v02,3,2009,2010137,SHT30,temperature_C,INJECTION,27.35523,True,FREEZE,True,STUCK,27.35523,True,0,,100,HEALTHY
sht30_temperature_v02,3,2010,2011137,SHT30,temperature_C,INJECTION,27.35523,True,FREEZE,True,STUCK,27.35523,True,0,,100,HEALTHY
sht30_temperature_v02,3,2011,2012137,SHT30,temperature_C,INJECTION,27.35523,True,FREEZE,True,STUCK,27.35523,True,0,,100,HEALTHY
sht30_temperature_v02,3,2012,2013137,SHT30,temperature_C,INJECTION,27.33921,True,FREEZE,True,STUCK,27.35523,True,0,,100,HEALTHY
sht30_temperature_v02,3,2013,2014137,SHT30,temperature_C,INJECTION,27.36858,True,FREEZE,True,STUCK,27.35523,True,0,,100,HEALTHY
sht30_temperature_v02,3,2014,2015137,SHT30,temperature_C,INJECTION,27.36858,True,FREEZE,True,STUCK,27.35523,True,0,,100,HEALTHY
sht30_temperature_v02,3,2015,2016137,SHT30,temperature_C,INJECTION,27.33921,True,FREEZE,True,STUCK,27.35523,True,0,,100,HEALTHY
sht30_temperature_v02,3,2016,2017137,SHT30,temperature_C,INJECTION,27.33921,True,FREEZE,True,STUCK,27.35523,True,0,,100,HEALTHY
sht30_temperature_v02,3,2017,2018137,SHT30,temperature_C,INJECTION,27.33921,True,FREEZE,True,STUCK,27.35523,True,0,,100,HEALTHY
sht30_temperature_v02,3,2018,2019137,SHT30,temperature_C,INJECTION,27.35523,True,FREEZE,True,STUCK,27.35523,True,2,,65,DEGRADED
sht30_temperature_v02,3,2019,2020137,SHT30,temperature_C,INJECTION,27.35523,True,FREEZE,True,STUCK,27.35523,True,2,,65,DEGRADED
sht30_temperature_v02,3,2020,2021137,SHT30,temperature_C,INJECTION,27.35523,True,FREEZE,True,STUCK,27.35523,True,2,,65,DEGRADED
sht30_temperature_v02,3,2021,2022137,SHT30,temperature_C,INJECTION,27.36858,True,FREEZE,True,STUCK,27.35523,True,2,,65,DEGRADED
sht30_temperature_v02,3,2022,2023137,SHT30,temperature_C,INJECTION,27.35523,True,FREEZE,True,STUCK,27.35523,True,2,,65,DEGRADED
sht30_temperature_v02,3,2023,2024137,SHT30,temperature_C,INJECTION,27.32586,True,FREEZE,True,STUCK,27.35523,True,2,,65,DEGRADED
sht30_temperature_v02,3,2024,2025137,SHT30,temperature_C,INJECTION,27.32586,True,FREEZE,True,STUCK,27.35523,True,2,,65,DEGRADED
sht30_temperature_v02,3,2025,2026137,SHT30,temperature_C,INJECTION,27.32586,True,FREEZE,True,STUCK,27.35523,True,2,,65,DEGRADED
sht30_temperature_v02,3,2026,2027137,SHT30,temperature_C,INJECTION,27.32586,True,FREEZE,True,STUCK,27.35523,True,2,,65,DEGRADED
sht30_temperature_v02,3,2027,2028137,SHT30,temperature_C,INJECTION,27.31251,True,FREEZE,True,STUCK,27.35523,True,2,,65,DEGRADED
sht30_temperature_v02,3,2028,2029137,SHT30,temperature_C,INJECTION,27.33921,True,FREEZE,True,STUCK,27.35523,True,2,,65,DEGRADED
sht30_temperature_v02,3,2029,2030137,SHT30,temperature_C,INJECTION,27.33921,True,FREEZE,True,STUCK,27.35523,True,2,,65,DEGRADED
sht30_temperature_v02,3,2030,2031137,SHT30,temperature_C,INJECTION,27.33921,True,FREEZE,True,STUCK,27.35523,True,2,,65,DEGRADED
sht30_temperature_v02,3,2031,2032137,SHT30,temperature_C,INJECTION,27.33921,True,FREEZE,True,STUCK,27.35523,True,2,,65,DEGRADED
sht30_temperature_v02,3,2032,2033137,SHT30,temperature_C,INJECTION,27.33921,True,FREEZE,True,STUCK,27.35523,True,2,,65,DEGRADED
sht30_temperature_v02,3,2033,2034137,SHT30,temperature_C,INJECTION,27.33921,True,FREEZE,True,STUCK,27.35523,True,2,,65,DEGRADED
sht30_temperature_v02,3,2034,2035137,SHT30,temperature_C,INJECTION,27.31251,True,FREEZE,True,STUCK,27.35523,True,2,,65,DEGRADED
sht30_temperature_v02,3,2035,2036137,SHT30,temperature_C,INJECTION,27.33921,True,FREEZE,True,STUCK,27.35523,True,2,,65,DEGRADED
sht30_temperature_v02,3,2036,2037137,SHT30,temperature_C,INJECTION,27.32586,True,FREEZE,True,STUCK,27.35523,True,2,,65,DEGRADED
sht30_temperature_v02,3,2037,2038137,SHT30,temperature_C,INJECTION,27.32586,True,FREEZE,True,STUCK,27.35523,True,2,,65,DEGRADED
sht30_temperature_v02,3,2038,2039137,SHT30,temperature_C,INJECTION,27.33921,True,FREEZE,True,STUCK,27.35523,True,2,,65,DEGRADED
sht30_temperature_v02,3,2039,2040137,SHT30,temperature_C,INJECTION,27.31251,True,FREEZE,True,STUCK,27.35523,True,2,,65,DEGRADED
sht30_temperature_v02,3,2040,2041137,SHT30,temperature_C,RECOVERY,27.32586,True,PASS,False,NONE,27.32586,True,0,,100,HEALTHY
sht30_temperature_v02,3,2041,2042137,SHT30,temperature_C,RECOVERY,27.31251,True,PASS,False,NONE,27.31251,True,0,,100,HEALTHY
sht30_temperature_v02,3,2042,2043137,SHT30,temperature_C,RECOVERY,27.33921,True,PASS,False,NONE,27.33921,True,0,,100,HEALTHY
sht30_temperature_v02,3,2043,2044137,SHT30,temperature_C,RECOVERY,27.35523,True,PASS,False,NONE,27.35523,True,0,,100,HEALTHY
sht30_temperature_v02,3,2044,2045137,SHT30,temperature_C,RECOVERY,27.35523,True,PASS,False,NONE,27.35523,True,0,,100,HEALTHY
sht30_temperature_v02,3,2045,2046137,SHT30,temperature_C,RECOVERY,27.33921,True,PASS,False,NONE,27.33921,True,0,,100,HEALTHY
sht30_temperature_v02,3,2046,2047137,SHT30,temperature_C,RECOVERY,27.33921,True,PASS,False,NONE,27.33921,True,0,,100,HEALTHY
sht30_temperature_v02,3,2047,2048137,SHT30,temperature_C,RECOVERY,27.33921,True,PASS,False,NONE,27.33921,True,0,,100,HEALTHY
sht30_temperature_v02,3,2048,2049137,SHT30,temperature_C,RECOVERY,27.33921,True,PASS,False,NONE,27.33921,True,0,,100,HEALTHY
sht30_temperature_v02,3,2049,2050137,SHT30,temperature_C,RECOVERY,27.33921,True,PASS,False,NONE,27.33921,True,0,,100,HEALTHY
sht30_temperature_v02,3,2050,2051137,SHT30,temperature_C,RECOVERY,27.33921,True,PASS,False,NONE,27.33921,True,0,,100,HEALTHY
sht30_temperature_v02,3,2051,2052137,SHT30,temperature_C,RECOVERY,27.33921,True,PASS,False,NONE,27.33921,True,0,,100,HEALTHY
sht30_temperature_v02,3,2052,2053137,SHT30,temperature_C,RECOVERY,27.35523,True,PASS,False,NONE,27.35523,True,0,,100,HEALTHY
sht30_temperature_v02,3,2053,2054137,SHT30,temperature_C,RECOVERY,27.31251,True,PASS,False,NONE,27.31251,True,0,,100,HEALTHY
sht30_temperature_v02,3,2054,2055137,SHT30,temperature_C,RECOVERY,27.33921,True,PASS,False,NONE,27.33921,True,0,,100,HEALTHY
sht30_temperature_v02,3,2055,2056137,SHT30,temperature_C,RECOVERY,27.35523,True,PASS,False,NONE,27.35523,True,0,,100,HEALTHY
sht30_temperature_v02,3,2056,2057137,SHT30,temperature_C,RECOVERY,27.33921,True,PASS,False,NONE,27.33921,True,0,,100,HEALTHY
sht30_temperature_v02,3,2057,2058137,SHT30,temperature_C,RECOVERY,27.33921,True,PASS,False,NONE,27.33921,True,0,,100,HEALTHY
sht30_temperature_v02,3,2058,2059137,SHT30,temperature_C,RECOVERY,27.35523,True,PASS,False,NONE,27.35523,True,0,,100,HEALTHY
sht30_temperature_v02,3,2059,2060137,SHT30,temperature_C,RECOVERY,27.32586,True,PASS,False,NONE,27.32586,True,0,,100,HEALTHY
sht30_temperature_v02,3,2060,2061137,SHT30,temperature_C,RECOVERY,27.33921,True,PASS,False,NONE,27.33921,True,0,,100,HEALTHY
sht30_temperature_v02,3,2061,2062137,SHT30,temperature_C,RECOVERY,27.33921,True,PASS,False,NONE,27.33921,True,0,,100,HEALTHY
sht30_temperature_v02,3,2062,2063137,SHT30,temperature_C,RECOVERY,27.33921,True,PASS,False,NONE,27.33921,True,0,,100,HEALTHY
sht30_temperature_v02,3,2063,2064137,SHT30,temperature_C,RECOVERY,27.33921,True,PASS,False,NONE,27.33921,True,0,,100,HEALTHY
sht30_temperature_v02,3,2064,2065137,SHT30,temperature_C,RECOVERY,27.36858,True,PASS,False,NONE,27.36858,True,0,,100,HEALTHY
sht30_temperature_v02,3,2065,2066137,SHT30,temperature_C,RECOVERY,27.33921,True,PASS,False,NONE,27.33921,True,0,,100,HEALTHY
sht30_temperature_v02,3,2066,2067137,SHT30,temperature_C,RECOVERY,27.32586,True,PASS,False,NONE,27.32586,True,0,,100,HEALTHY
sht30_temperature_v02,3,2067,2068137,SHT30,temperature_C,RECOVERY,27.36858,True,PASS,False,NONE,27.36858,True,0,,100,HEALTHY
sht30_temperature_v02,3,2068,2069137,SHT30,temperature_C,RECOVERY,27.36858,True,PASS,False,NONE,27.36858,True,0,,100,HEALTHY
sht30_temperature_v02,3,2069,2070137,SHT30,temperature_C,RECOVERY,27.33921,True,PASS,False,NONE,27.33921,True,0,,100,HEALTHY
sht30_temperature_v02,3,2070,2071137,SHT30,temperature_C,RECOVERY,27.35523,True,PASS,False,NONE,27.35523,True,0,,100,HEALTHY
sht30_temperature_v02,3,2071,2072137,SHT30,temperature_C,RECOVERY,27.35523,True,PASS,False,NONE,27.35523,True,0,,100,HEALTHY
sht30_temperature_v02,3,2072,2073137,SHT30,temperature_C,RECOVERY,27.36858,True,PASS,False,NONE,27.36858,True,0,,100,HEALTHY
sht30_temperature_v02,3,2073,2074137,SHT30,temperature_C,RECOVERY,27.33921,True,PASS,False,NONE,27.33921,True,0,,100,HEALTHY
sht30_temperature_v02,3,2074,2075137,SHT30,temperature_C,RECOVERY,27.33921,True,PASS,False,NONE,27.33921,True,0,,100,HEALTHY
sht30_temperature_v02,3,2075,2076137,SHT30,temperature_C,RECOVERY,27.35523,True,PASS,False,NONE,27.35523,True,0,,100,HEALTHY
sht30_temperature_v02,3,2076,2077137,SHT30,temperature_C,RECOVERY,27.36858,True,PASS,False,NONE,27.36858,True,0,,100,HEALTHY
sht30_temperature_v02,3,2077,2078137,SHT30,temperature_C,RECOVERY,27.35523,True,PASS,False,NONE,27.35523,True,0,,100,HEALTHY
sht30_temperature_v02,3,2078,2079137,SHT30,temperature_C,RECOVERY,27.35523,True,PASS,False,NONE,27.35523,True,0,,100,HEALTHY
sht30_temperature_v02,3,2079,2080137,SHT30,temperature_C,RECOVERY,27.33921,True,PASS,False,NONE,27.33921,True,0,,100,HEALTHY
sht30_temperature_v02,3,2080,2081137,SHT30,temperature_C,RECOVERY,27.35523,True,PASS,False,NONE,27.35523,True,0,,100,HEALTHY
sht30_temperature_v02,3,2081,2082137,SHT30,temperature_C,RECOVERY,27.35523,True,PASS,False,NONE,27.35523,True,0,,100,HEALTHY
sht30_temperature_v02,3,2082,2083137,SHT30,temperature_C,RECOVERY,27.33921,True,PASS,False,NONE,27.33921,True,0,,100,HEALTHY
sht30_temperature_v02,3,2083,2084137,SHT30,temperature_C,RECOVERY,27.36858,True,PASS,False,NONE,27.36858,True,0,,100,HEALTHY
sht30_temperature_v02,3,2084,2085137,SHT30,temperature_C,RECOVERY,27.35523,True,PASS,False,NONE,27.35523,True,0,,100,HEALTHY
sht30_temperature_v02,3,2085,2086137,SHT30,temperature_C,RECOVERY,27.36858,True,PASS,False,NONE,27.36858,True,0,,100,HEALTHY
sht30_temperature_v02,3,2086,2087137,SHT30,temperature_C,RECOVERY,27.35523,True,PASS,False,NONE,27.35523,True,0,,100,HEALTHY
sht30_temperature_v02,3,2087,2088137,SHT30,temperature_C,RECOVERY,27.36858,True,PASS,False,NONE,27.36858,True,0,,100,HEALTHY
sht30_temperature_v02,3,2088,2089137,SHT30,temperature_C,RECOVERY,27.33921,True,PASS,False,NONE,27.33921,True,0,,100,HEALTHY
sht30_temperature_v02,3,2089,2090137,SHT30,temperature_C,RECOVERY,27.35523,True,PASS,False,NONE,27.35523,True,0,,100,HEALTHY
sht30_temperature_v02,3,2090,2091137,SHT30,temperature_C,RECOVERY,27.35523,True,PASS,False,NONE,27.35523,True,0,,100,HEALTHY
sht30_temperature_v02,3,2091,2092137,SHT30,temperature_C,RECOVERY,27.35523,True,PASS,False,NONE,27.35523,True,0,,100,HEALTHY
sht30_temperature_v02,3,2092,2093137,SHT30,temperature_C,RECOVERY,27.33921,True,PASS,False,NONE,27.33921,True,0,,100,HEALTHY
sht30_temperature_v02,3,2093,2094137,SHT30,temperature_C,RECOVERY,27.35523,True,PASS,False,NONE,27.35523,True,0,,100,HEALTHY
sht30_temperature_v02,3,2094,2095137,SHT30,temperature_C,RECOVERY,27.35523,True,PASS,False,NONE,27.35523,True,0,,100,HEALTHY
sht30_temperature_v02,4,2095,2096137,SHT30,temperature_C,INJECTION,27.38194,True,FREEZE,True,STUCK,27.35523,True,0,,100,HEALTHY
sht30_temperature_v02,4,2096,2097137,SHT30,temperature_C,INJECTION,27.35523,True,FREEZE,True,STUCK,27.35523,True,0,,100,HEALTHY
sht30_temperature_v02,4,2097,2098137,SHT30,temperature_C,INJECTION,27.36858,True,FREEZE,True,STUCK,27.35523,True,0,,100,HEALTHY
sht30_temperature_v02,4,2098,2099137,SHT30,temperature_C,INJECTION,27.38194,True,FREEZE,True,STUCK,27.35523,True,0,,100,HEALTHY
sht30_temperature_v02,4,2099,2100137,SHT30,temperature_C,INJECTION,27.35523,True,FREEZE,True,STUCK,27.35523,True,0,,100,HEALTHY
sht30_temperature_v02,4,2100,2101137,SHT30,temperature_C,INJECTION,27.35523,True,FREEZE,True,STUCK,27.35523,True,0,,100,HEALTHY
sht30_temperature_v02,4,2101,2102137,SHT30,temperature_C,INJECTION,27.35523,True,FREEZE,True,STUCK,27.35523,True,0,,100,HEALTHY
sht30_temperature_v02,4,2102,2103137,SHT30,temperature_C,INJECTION,27.33921,True,FREEZE,True,STUCK,27.35523,True,0,,100,HEALTHY
sht30_temperature_v02,4,2103,2104137,SHT30,temperature_C,INJECTION,27.33921,True,FREEZE,True,STUCK,27.35523,True,0,,100,HEALTHY
sht30_temperature_v02,4,2104,2105137,SHT30,temperature_C,INJECTION,27.35523,True,FREEZE,True,STUCK,27.35523,True,0,,100,HEALTHY
sht30_temperature_v02,4,2105,2106137,SHT30,temperature_C,INJECTION,27.36858,True,FREEZE,True,STUCK,27.35523,True,0,,100,HEALTHY
sht30_temperature_v02,4,2106,2107137,SHT30,temperature_C,INJECTION,27.36858,True,FREEZE,True,STUCK,27.35523,True,0,,100,HEALTHY
sht30_temperature_v02,4,2107,2108137,SHT30,temperature_C,INJECTION,27.36858,True,FREEZE,True,STUCK,27.35523,True,0,,100,HEALTHY
sht30_temperature_v02,4,2108,2109137,SHT30,temperature_C,INJECTION,27.36858,True,FREEZE,True,STUCK,27.35523,True,0,,100,HEALTHY
sht30_temperature_v02,4,2109,2110137,SHT30,temperature_C,INJECTION,27.35523,True,FREEZE,True,STUCK,27.35523,True,0,,100,HEALTHY
sht30_temperature_v02,4,2110,2111137,SHT30,temperature_C,INJECTION,27.35523,True,FREEZE,True,STUCK,27.35523,True,0,,100,HEALTHY
sht30_temperature_v02,4,2111,2112137,SHT30,temperature_C,INJECTION,27.36858,True,FREEZE,True,STUCK,27.35523,True,0,,100,HEALTHY
sht30_temperature_v02,4,2112,2113137,SHT30,temperature_C,INJECTION,27.38194,True,FREEZE,True,STUCK,27.35523,True,2,,65,DEGRADED
sht30_temperature_v02,4,2113,2114137,SHT30,temperature_C,INJECTION,27.36858,True,FREEZE,True,STUCK,27.35523,True,2,,65,DEGRADED
sht30_temperature_v02,4,2114,2115137,SHT30,temperature_C,INJECTION,27.38194,True,FREEZE,True,STUCK,27.35523,True,2,,65,DEGRADED
sht30_temperature_v02,4,2115,2116137,SHT30,temperature_C,INJECTION,27.36858,True,FREEZE,True,STUCK,27.35523,True,2,,65,DEGRADED
sht30_temperature_v02,4,2116,2117137,SHT30,temperature_C,INJECTION,27.35523,True,FREEZE,True,STUCK,27.35523,True,2,,65,DEGRADED
sht30_temperature_v02,4,2117,2118137,SHT30,temperature_C,INJECTION,27.32586,True,FREEZE,True,STUCK,27.35523,True,2,,65,DEGRADED
sht30_temperature_v02,4,2118,2119137,SHT30,temperature_C,INJECTION,27.35523,True,FREEZE,True,STUCK,27.35523,True,2,,65,DEGRADED
sht30_temperature_v02,4,2119,2120137,SHT30,temperature_C,INJECTION,27.35523,True,FREEZE,True,STUCK,27.35523,True,2,,65,DEGRADED
sht30_temperature_v02,4,2120,2121137,SHT30,temperature_C,INJECTION,27.36858,True,FREEZE,True,STUCK,27.35523,True,2,,65,DEGRADED
sht30_temperature_v02,4,2121,2122137,SHT30,temperature_C,INJECTION,27.36858,True,FREEZE,True,STUCK,27.35523,True,2,,65,DEGRADED
sht30_temperature_v02,4,2122,2123137,SHT30,temperature_C,INJECTION,27.35523,True,FREEZE,True,STUCK,27.35523,True,2,,65,DEGRADED
sht30_temperature_v02,4,2123,2124137,SHT30,temperature_C,INJECTION,27.35523,True,FREEZE,True,STUCK,27.35523,True,2,,65,DEGRADED
sht30_temperature_v02,4,2124,2125137,SHT30,temperature_C,INJECTION,27.35523,True,FREEZE,True,STUCK,27.35523,True,2,,65,DEGRADED
sht30_temperature_v02,4,2125,2126137,SHT30,temperature_C,INJECTION,27.36858,True,FREEZE,True,STUCK,27.35523,True,2,,65,DEGRADED
sht30_temperature_v02,4,2126,2127137,SHT30,temperature_C,INJECTION,27.38194,True,FREEZE,True,STUCK,27.35523,True,2,,65,DEGRADED
sht30_temperature_v02,4,2127,2128137,SHT30,temperature_C,INJECTION,27.35523,True,FREEZE,True,STUCK,27.35523,True,2,,65,DEGRADED
sht30_temperature_v02,4,2128,2129137,SHT30,temperature_C,INJECTION,27.33921,True,FREEZE,True,STUCK,27.35523,True,2,,65,DEGRADED
sht30_temperature_v02,4,2129,2130137,SHT30,temperature_C,INJECTION,27.35523,True,FREEZE,True,STUCK,27.35523,True,2,,65,DEGRADED
sht30_temperature_v02,4,2130,2131137,SHT30,temperature_C,INJECTION,27.35523,True,FREEZE,True,STUCK,27.35523,True,2,,65,DEGRADED
sht30_temperature_v02,4,2131,2132137,SHT30,temperature_C,INJECTION,27.36858,True,FREEZE,True,STUCK,27.35523,True,2,,65,DEGRADED
sht30_temperature_v02,4,2132,2133137,SHT30,temperature_C,INJECTION,27.36858,True,FREEZE,True,STUCK,27.35523,True,2,,65,DEGRADED
sht30_temperature_v02,4,2133,2134137,SHT30,temperature_C,INJECTION,27.35523,True,FREEZE,True,STUCK,27.35523,True,2,,65,DEGRADED
sht30_temperature_v02,4,2134,2135137,SHT30,temperature_C,INJECTION,27.35523,True,FREEZE,True,STUCK,27.35523,True,2,,65,DEGRADED
sht30_temperature_v02,4,2135,2136137,SHT30,temperature_C,RECOVERY,27.36858,True,PASS,False,NONE,27.36858,True,0,,100,HEALTHY
sht30_temperature_v02,4,2136,2137137,SHT30,temperature_C,RECOVERY,27.36858,True,PASS,False,NONE,27.36858,True,0,,100,HEALTHY
sht30_temperature_v02,4,2137,2138137,SHT30,temperature_C,RECOVERY,27.36858,True,PASS,False,NONE,27.36858,True,0,,100,HEALTHY
sht30_temperature_v02,4,2138,2139137,SHT30,temperature_C,RECOVERY,27.38194,True,PASS,False,NONE,27.38194,True,0,,100,HEALTHY
sht30_temperature_v02,4,2139,2140137,SHT30,temperature_C,RECOVERY,27.38194,True,PASS,False,NONE,27.38194,True,0,,100,HEALTHY
sht30_temperature_v02,4,2140,2141137,SHT30,temperature_C,RECOVERY,27.38194,True,PASS,False,NONE,27.38194,True,0,,100,HEALTHY
sht30_temperature_v02,4,2141,2142137,SHT30,temperature_C,RECOVERY,27.35523,True,PASS,False,NONE,27.35523,True,0,,100,HEALTHY
sht30_temperature_v02,4,2142,2143137,SHT30,temperature_C,RECOVERY,27.36858,True,PASS,False,NONE,27.36858,True,0,,100,HEALTHY
sht30_temperature_v02,4,2143,2144137,SHT30,temperature_C,RECOVERY,27.35523,True,PASS,False,NONE,27.35523,True,0,,100,HEALTHY
sht30_temperature_v02,4,2144,2145137,SHT30,temperature_C,RECOVERY,27.35523,True,PASS,False,NONE,27.35523,True,0,,100,HEALTHY
sht30_temperature_v02,4,2145,2146137,SHT30,temperature_C,RECOVERY,27.38194,True,PASS,False,NONE,27.38194,True,0,,100,HEALTHY
sht30_temperature_v02,4,2146,2147137,SHT30,temperature_C,RECOVERY,27.38194,True,PASS,False,NONE,27.38194,True,0,,100,HEALTHY
sht30_temperature_v02,4,2147,2148137,SHT30,temperature_C,RECOVERY,27.38194,True,PASS,False,NONE,27.38194,True,0,,100,HEALTHY
sht30_temperature_v02,4,2148,2149137,SHT30,temperature_C,RECOVERY,27.38194,True,PASS,False,NONE,27.38194,True,0,,100,HEALTHY
sht30_temperature_v02,4,2149,2150137,SHT30,temperature_C,RECOVERY,27.41131,True,PASS,False,NONE,27.41131,True,0,,100,HEALTHY
sht30_temperature_v02,4,2150,2151137,SHT30,temperature_C,RECOVERY,27.38194,True,PASS,False,NONE,27.38194,True,0,,100,HEALTHY
sht30_temperature_v02,4,2151,2152137,SHT30,temperature_C,RECOVERY,27.36858,True,PASS,False,NONE,27.36858,True,0,,100,HEALTHY
sht30_temperature_v02,4,2152,2153137,SHT30,temperature_C,RECOVERY,27.36858,True,PASS,False,NONE,27.36858,True,0,,100,HEALTHY
sht30_temperature_v02,4,2153,2154137,SHT30,temperature_C,RECOVERY,27.35523,True,PASS,False,NONE,27.35523,True,0,,100,HEALTHY
sht30_temperature_v02,4,2154,2155137,SHT30,temperature_C,RECOVERY,27.36858,True,PASS,False,NONE,27.36858,True,0,,100,HEALTHY
sht30_temperature_v02,4,2155,2156137,SHT30,temperature_C,RECOVERY,27.36858,True,PASS,False,NONE,27.36858,True,0,,100,HEALTHY
sht30_temperature_v02,4,2156,2157137,SHT30,temperature_C,RECOVERY,27.36858,True,PASS,False,NONE,27.36858,True,0,,100,HEALTHY
sht30_temperature_v02,4,2157,2158137,SHT30,temperature_C,RECOVERY,27.38194,True,PASS,False,NONE,27.38194,True,0,,100,HEALTHY
sht30_temperature_v02,4,2158,2159137,SHT30,temperature_C,RECOVERY,27.36858,True,PASS,False,NONE,27.36858,True,0,,100,HEALTHY
sht30_temperature_v02,4,2159,2160137,SHT30,temperature_C,RECOVERY,27.36858,True,PASS,False,NONE,27.36858,True,0,,100,HEALTHY
sht30_temperature_v02,4,2160,2161137,SHT30,temperature_C,RECOVERY,27.36858,True,PASS,False,NONE,27.36858,True,0,,100,HEALTHY
sht30_temperature_v02,4,2161,2162137,SHT30,temperature_C,RECOVERY,27.36858,True,PASS,False,NONE,27.36858,True,0,,100,HEALTHY
sht30_temperature_v02,4,2162,2163137,SHT30,temperature_C,RECOVERY,27.36858,True,PASS,False,NONE,27.36858,True,0,,100,HEALTHY
sht30_temperature_v02,4,2163,2164137,SHT30,temperature_C,RECOVERY,27.33921,True,PASS,False,NONE,27.33921,True,0,,100,HEALTHY
sht30_temperature_v02,4,2164,2165137,SHT30,temperature_C,RECOVERY,27.38194,True,PASS,False,NONE,27.38194,True,0,,100,HEALTHY
sht30_temperature_v02,4,2165,2166137,SHT30,temperature_C,RECOVERY,27.38194,True,PASS,False,NONE,27.38194,True,0,,100,HEALTHY
sht30_temperature_v02,4,2166,2167137,SHT30,temperature_C,RECOVERY,27.35523,True,PASS,False,NONE,27.35523,True,0,,100,HEALTHY
sht30_temperature_v02,4,2167,2168137,SHT30,temperature_C,RECOVERY,27.35523,True,PASS,False,NONE,27.35523,True,0,,100,HEALTHY
sht30_temperature_v02,4,2168,2169137,SHT30,temperature_C,RECOVERY,27.36858,True,PASS,False,NONE,27.36858,True,0,,100,HEALTHY
sht30_temperature_v02,4,2169,2170137,SHT30,temperature_C,RECOVERY,27.39796,True,PASS,False,NONE,27.39796,True,0,,100,HEALTHY
sht30_temperature_v02,4,2170,2171137,SHT30,temperature_C,RECOVERY,27.38194,True,PASS,False,NONE,27.38194,True,0,,100,HEALTHY
sht30_temperature_v02,4,2171,2172137,SHT30,temperature_C,RECOVERY,27.38194,True,PASS,False,NONE,27.38194,True,0,,100,HEALTHY
sht30_temperature_v02,4,2172,2173137,SHT30,temperature_C,RECOVERY,27.39796,True,PASS,False,NONE,27.39796,True,0,,100,HEALTHY
sht30_temperature_v02,4,2173,2174137,SHT30,temperature_C,RECOVERY,27.38194,True,PASS,False,NONE,27.38194,True,0,,100,HEALTHY
sht30_temperature_v02,4,2174,2175137,SHT30,temperature_C,RECOVERY,27.36858,True,PASS,False,NONE,27.36858,True,0,,100,HEALTHY
sht30_temperature_v02,4,2175,2176137,SHT30,temperature_C,RECOVERY,27.39796,True,PASS,False,NONE,27.39796,True,0,,100,HEALTHY
sht30_temperature_v02,4,2176,2177137,SHT30,temperature_C,RECOVERY,27.38194,True,PASS,False,NONE,27.38194,True,0,,100,HEALTHY
sht30_temperature_v02,4,2177,2178137,SHT30,temperature_C,RECOVERY,27.35523,True,PASS,False,NONE,27.35523,True,0,,100,HEALTHY
sht30_temperature_v02,4,2178,2179137,SHT30,temperature_C,RECOVERY,27.38194,True,PASS,False,NONE,27.38194,True,0,,100,HEALTHY
sht30_temperature_v02,4,2179,2180137,SHT30,temperature_C,RECOVERY,27.35523,True,PASS,False,NONE,27.35523,True,0,,100,HEALTHY
sht30_temperature_v02,4,2180,2181137,SHT30,temperature_C,RECOVERY,27.38194,True,PASS,False,NONE,27.38194,True,0,,100,HEALTHY
sht30_temperature_v02,4,2181,2182137,SHT30,temperature_C,RECOVERY,27.36858,True,PASS,False,NONE,27.36858,True,0,,100,HEALTHY
sht30_temperature_v02,4,2182,2183137,SHT30,temperature_C,RECOVERY,27.35523,True,PASS,False,NONE,27.35523,True,0,,100,HEALTHY
sht30_temperature_v02,4,2183,2184137,SHT30,temperature_C,RECOVERY,27.36858,True,PASS,False,NONE,27.36858,True,0,,100,HEALTHY
sht30_temperature_v02,4,2184,2185137,SHT30,temperature_C,RECOVERY,27.38194,True,PASS,False,NONE,27.38194,True,0,,100,HEALTHY
sht30_temperature_v02,4,2185,2186137,SHT30,temperature_C,RECOVERY,27.36858,True,PASS,False,NONE,27.36858,True,0,,100,HEALTHY
sht30_temperature_v02,4,2186,2187137,SHT30,temperature_C,RECOVERY,27.35523,True,PASS,False,NONE,27.35523,True,0,,100,HEALTHY
sht30_temperature_v02,4,2187,2188137,SHT30,temperature_C,RECOVERY,27.33921,True,PASS,False,NONE,27.33921,True,0,,100,HEALTHY
sht30_temperature_v02,4,2188,2189137,SHT30,temperature_C,RECOVERY,27.33921,True,PASS,False,NONE,27.33921,True,0,,100,HEALTHY
sht30_temperature_v02,4,2189,2190137,SHT30,temperature_C,RECOVERY,27.36858,True,PASS,False,NONE,27.36858,True,0,,100,HEALTHY
sht30_temperature_v02,5,2190,2191137,SHT30,temperature_C,INJECTION,27.33921,True,FREEZE,True,STUCK,27.36858,True,0,,100,HEALTHY
sht30_temperature_v02,5,2191,2192137,SHT30,temperature_C,INJECTION,27.35523,True,FREEZE,True,STUCK,27.36858,True,0,,100,HEALTHY
sht30_temperature_v02,5,2192,2193137,SHT30,temperature_C,INJECTION,27.33921,True,FREEZE,True,STUCK,27.36858,True,0,,100,HEALTHY
sht30_temperature_v02,5,2193,2194137,SHT30,temperature_C,INJECTION,27.33921,True,FREEZE,True,STUCK,27.36858,True,0,,100,HEALTHY
sht30_temperature_v02,5,2194,2195137,SHT30,temperature_C,INJECTION,27.35523,True,FREEZE,True,STUCK,27.36858,True,0,,100,HEALTHY
sht30_temperature_v02,5,2195,2196137,SHT30,temperature_C,INJECTION,27.35523,True,FREEZE,True,STUCK,27.36858,True,0,,100,HEALTHY
sht30_temperature_v02,5,2196,2197137,SHT30,temperature_C,INJECTION,27.33921,True,FREEZE,True,STUCK,27.36858,True,0,,100,HEALTHY
sht30_temperature_v02,5,2197,2198137,SHT30,temperature_C,INJECTION,27.33921,True,FREEZE,True,STUCK,27.36858,True,0,,100,HEALTHY
sht30_temperature_v02,5,2198,2199137,SHT30,temperature_C,INJECTION,27.36858,True,FREEZE,True,STUCK,27.36858,True,0,,100,HEALTHY
sht30_temperature_v02,5,2199,2200137,SHT30,temperature_C,INJECTION,27.36858,True,FREEZE,True,STUCK,27.36858,True,0,,100,HEALTHY
sht30_temperature_v02,5,2200,2201137,SHT30,temperature_C,INJECTION,27.35523,True,FREEZE,True,STUCK,27.36858,True,0,,100,HEALTHY
sht30_temperature_v02,5,2201,2202137,SHT30,temperature_C,INJECTION,27.35523,True,FREEZE,True,STUCK,27.36858,True,0,,100,HEALTHY
sht30_temperature_v02,5,2202,2203137,SHT30,temperature_C,INJECTION,27.35523,True,FREEZE,True,STUCK,27.36858,True,0,,100,HEALTHY
sht30_temperature_v02,5,2203,2204137,SHT30,temperature_C,INJECTION,27.35523,True,FREEZE,True,STUCK,27.36858,True,0,,100,HEALTHY
sht30_temperature_v02,5,2204,2205137,SHT30,temperature_C,INJECTION,27.36858,True,FREEZE,True,STUCK,27.36858,True,0,,100,HEALTHY
sht30_temperature_v02,5,2205,2206137,SHT30,temperature_C,INJECTION,27.36858,True,FREEZE,True,STUCK,27.36858,True,0,,100,HEALTHY
sht30_temperature_v02,5,2206,2207137,SHT30,temperature_C,INJECTION,27.35523,True,FREEZE,True,STUCK,27.36858,True,0,,100,HEALTHY
sht30_temperature_v02,5,2207,2208137,SHT30,temperature_C,INJECTION,27.35523,True,FREEZE,True,STUCK,27.36858,True,0,,100,HEALTHY
sht30_temperature_v02,5,2208,2209137,SHT30,temperature_C,INJECTION,27.33921,True,FREEZE,True,STUCK,27.36858,True,2,,65,DEGRADED
sht30_temperature_v02,5,2209,2210137,SHT30,temperature_C,INJECTION,27.33921,True,FREEZE,True,STUCK,27.36858,True,2,,65,DEGRADED
sht30_temperature_v02,5,2210,2211137,SHT30,temperature_C,INJECTION,27.33921,True,FREEZE,True,STUCK,27.36858,True,2,,65,DEGRADED
sht30_temperature_v02,5,2211,2212137,SHT30,temperature_C,INJECTION,27.36858,True,FREEZE,True,STUCK,27.36858,True,2,,65,DEGRADED
sht30_temperature_v02,5,2212,2213137,SHT30,temperature_C,INJECTION,27.35523,True,FREEZE,True,STUCK,27.36858,True,2,,65,DEGRADED
sht30_temperature_v02,5,2213,2214137,SHT30,temperature_C,INJECTION,27.35523,True,FREEZE,True,STUCK,27.36858,True,2,,65,DEGRADED
sht30_temperature_v02,5,2214,2215137,SHT30,temperature_C,INJECTION,27.36858,True,FREEZE,True,STUCK,27.36858,True,2,,65,DEGRADED
sht30_temperature_v02,5,2215,2216137,SHT30,temperature_C,INJECTION,27.35523,True,FREEZE,True,STUCK,27.36858,True,2,,65,DEGRADED
sht30_temperature_v02,5,2216,2217137,SHT30,temperature_C,INJECTION,27.33921,True,FREEZE,True,STUCK,27.36858,True,2,,65,DEGRADED
sht30_temperature_v02,5,2217,2218137,SHT30,temperature_C,INJECTION,27.33921,True,FREEZE,True,STUCK,27.36858,True,2,,65,DEGRADED
sht30_temperature_v02,5,2218,2219137,SHT30,temperature_C,INJECTION,27.35523,True,FREEZE,True,STUCK,27.36858,True,2,,65,DEGRADED
sht30_temperature_v02,5,2219,2220137,SHT30,temperature_C,INJECTION,27.35523,True,FREEZE,True,STUCK,27.36858,True,2,,65,DEGRADED
sht30_temperature_v02,5,2220,2221137,SHT30,temperature_C,INJECTION,27.35523,True,FREEZE,True,STUCK,27.36858,True,2,,65,DEGRADED
sht30_temperature_v02,5,2221,2222137,SHT30,temperature_C,INJECTION,27.32586,True,FREEZE,True,STUCK,27.36858,True,2,,65,DEGRADED
sht30_temperature_v02,5,2222,2223137,SHT30,temperature_C,INJECTION,27.33921,True,FREEZE,True,STUCK,27.36858,True,2,,65,DEGRADED
sht30_temperature_v02,5,2223,2224137,SHT30,temperature_C,INJECTION,27.32586,True,FREEZE,True,STUCK,27.36858,True,2,,65,DEGRADED
sht30_temperature_v02,5,2224,2225137,SHT30,temperature_C,INJECTION,27.33921,True,FREEZE,True,STUCK,27.36858,True,2,,65,DEGRADED
sht30_temperature_v02,5,2225,2226137,SHT30,temperature_C,INJECTION,27.33921,True,FREEZE,True,STUCK,27.36858,True,2,,65,DEGRADED
sht30_temperature_v02,5,2226,2227137,SHT30,temperature_C,INJECTION,27.33921,True,FREEZE,True,STUCK,27.36858,True,2,,65,DEGRADED
sht30_temperature_v02,5,2227,2228137,SHT30,temperature_C,INJECTION,27.33921,True,FREEZE,True,STUCK,27.36858,True,2,,65,DEGRADED
sht30_temperature_v02,5,2228,2229137,SHT30,temperature_C,INJECTION,27.32586,True,FREEZE,True,STUCK,27.36858,True,2,,65,DEGRADED
sht30_temperature_v02,5,2229,2230137,SHT30,temperature_C,INJECTION,27.31251,True,FREEZE,True,STUCK,27.36858,True,2,,65,DEGRADED
sht30_temperature_v02,5,2230,2231137,SHT30,temperature_C,RECOVERY,27.32586,True,PASS,False,NONE,27.32586,True,0,,100,HEALTHY
sht30_temperature_v02,5,2231,2232137,SHT30,temperature_C,RECOVERY,27.32586,True,PASS,False,NONE,27.32586,True,0,,100,HEALTHY
sht30_temperature_v02,5,2232,2233137,SHT30,temperature_C,RECOVERY,27.29916,True,PASS,False,NONE,27.29916,True,0,,100,HEALTHY
sht30_temperature_v02,5,2233,2234137,SHT30,temperature_C,RECOVERY,27.33921,True,PASS,False,NONE,27.33921,True,0,,100,HEALTHY
sht30_temperature_v02,5,2234,2235137,SHT30,temperature_C,RECOVERY,27.32586,True,PASS,False,NONE,27.32586,True,0,,100,HEALTHY
sht30_temperature_v02,5,2235,2236137,SHT30,temperature_C,RECOVERY,27.31251,True,PASS,False,NONE,27.31251,True,0,,100,HEALTHY
sht30_temperature_v02,5,2236,2237137,SHT30,temperature_C,RECOVERY,27.31251,True,PASS,False,NONE,27.31251,True,0,,100,HEALTHY
sht30_temperature_v02,5,2237,2238137,SHT30,temperature_C,RECOVERY,27.31251,True,PASS,False,NONE,27.31251,True,0,,100,HEALTHY
sht30_temperature_v02,5,2238,2239137,SHT30,temperature_C,RECOVERY,27.31251,True,PASS,False,NONE,27.31251,True,0,,100,HEALTHY
sht30_temperature_v02,5,2239,2240137,SHT30,temperature_C,RECOVERY,27.32586,True,PASS,False,NONE,27.32586,True,0,,100,HEALTHY
sht30_temperature_v02,5,2240,2241137,SHT30,temperature_C,RECOVERY,27.33921,True,PASS,False,NONE,27.33921,True,0,,100,HEALTHY
sht30_temperature_v02,5,2241,2242137,SHT30,temperature_C,RECOVERY,27.32586,True,PASS,False,NONE,27.32586,True,0,,100,HEALTHY
sht30_temperature_v02,5,2242,2243137,SHT30,temperature_C,RECOVERY,27.33921,True,PASS,False,NONE,27.33921,True,0,,100,HEALTHY
sht30_temperature_v02,5,2243,2244137,SHT30,temperature_C,RECOVERY,27.32586,True,PASS,False,NONE,27.32586,True,0,,100,HEALTHY
sht30_temperature_v02,5,2244,2245137,SHT30,temperature_C,RECOVERY,27.32586,True,PASS,False,NONE,27.32586,True,0,,100,HEALTHY
sht30_temperature_v02,5,2245,2246137,SHT30,temperature_C,RECOVERY,27.31251,True,PASS,False,NONE,27.31251,True,0,,100,HEALTHY
sht30_temperature_v02,5,2246,2247137,SHT30,temperature_C,RECOVERY,27.32586,True,PASS,False,NONE,27.32586,True,0,,100,HEALTHY
sht30_temperature_v02,5,2247,2248137,SHT30,temperature_C,RECOVERY,27.32586,True,PASS,False,NONE,27.32586,True,0,,100,HEALTHY
sht30_temperature_v02,5,2248,2249137,SHT30,temperature_C,RECOVERY,27.32586,True,PASS,False,NONE,27.32586,True,0,,100,HEALTHY
sht30_temperature_v02,5,2249,2250137,SHT30,temperature_C,RECOVERY,27.32586,True,PASS,False,NONE,27.32586,True,0,,100,HEALTHY
sht30_temperature_v02,5,2250,2251137,SHT30,temperature_C,RECOVERY,27.32586,True,PASS,False,NONE,27.32586,True,0,,100,HEALTHY
sht30_temperature_v02,5,2251,2252137,SHT30,temperature_C,RECOVERY,27.32586,True,PASS,False,NONE,27.32586,True,0,,100,HEALTHY
sht30_temperature_v02,5,2252,2253137,SHT30,temperature_C,RECOVERY,27.31251,True,PASS,False,NONE,27.31251,True,0,,100,HEALTHY
sht30_temperature_v02,5,2253,2254137,SHT30,temperature_C,RECOVERY,27.31251,True,PASS,False,NONE,27.31251,True,0,,100,HEALTHY
sht30_temperature_v02,5,2254,2255137,SHT30,temperature_C,RECOVERY,27.32586,True,PASS,False,NONE,27.32586,True,0,,100,HEALTHY
sht30_temperature_v02,5,2255,2256137,SHT30,temperature_C,RECOVERY,27.31251,True,PASS,False,NONE,27.31251,True,0,,100,HEALTHY
sht30_temperature_v02,5,2256,2257137,SHT30,temperature_C,RECOVERY,27.31251,True,PASS,False,NONE,27.31251,True,0,,100,HEALTHY
sht30_temperature_v02,5,2257,2258137,SHT30,temperature_C,RECOVERY,27.29916,True,PASS,False,NONE,27.29916,True,0,,100,HEALTHY
sht30_temperature_v02,5,2258,2259137,SHT30,temperature_C,RECOVERY,27.31251,True,PASS,False,NONE,27.31251,True,0,,100,HEALTHY
sht30_temperature_v02,5,2259,2260137,SHT30,temperature_C,RECOVERY,27.31251,True,PASS,False,NONE,27.31251,True,0,,100,HEALTHY
sht30_temperature_v02,5,2260,2261137,SHT30,temperature_C,RECOVERY,27.32586,True,PASS,False,NONE,27.32586,True,0,,100,HEALTHY
sht30_temperature_v02,5,2261,2262137,SHT30,temperature_C,RECOVERY,27.31251,True,PASS,False,NONE,27.31251,True,0,,100,HEALTHY
sht30_temperature_v02,5,2262,2263137,SHT30,temperature_C,RECOVERY,27.31251,True,PASS,False,NONE,27.31251,True,0,,100,HEALTHY
sht30_temperature_v02,5,2263,2264137,SHT30,temperature_C,RECOVERY,27.33921,True,PASS,False,NONE,27.33921,True,0,,100,HEALTHY
sht30_temperature_v02,5,2264,2265137,SHT30,temperature_C,RECOVERY,27.32586,True,PASS,False,NONE,27.32586,True,0,,100,HEALTHY
sht30_temperature_v02,5,2265,2266137,SHT30,temperature_C,RECOVERY,27.32586,True,PASS,False,NONE,27.32586,True,0,,100,HEALTHY
sht30_temperature_v02,5,2266,2267137,SHT30,temperature_C,RECOVERY,27.29916,True,PASS,False,NONE,27.29916,True,0,,100,HEALTHY
sht30_temperature_v02,5,2267,2268137,SHT30,temperature_C,RECOVERY,27.32586,True,PASS,False,NONE,27.32586,True,0,,100,HEALTHY
sht30_temperature_v02,5,2268,2269137,SHT30,temperature_C,RECOVERY,27.31251,True,PASS,False,NONE,27.31251,True,0,,100,HEALTHY
sht30_temperature_v02,5,2269,2270137,SHT30,temperature_C,RECOVERY,27.29916,True,PASS,False,NONE,27.29916,True,0,,100,HEALTHY
sht30_temperature_v02,5,2270,2271137,SHT30,temperature_C,RECOVERY,27.31251,True,PASS,False,NONE,27.31251,True,0,,100,HEALTHY
sht30_temperature_v02,5,2271,2272137,SHT30,temperature_C,RECOVERY,27.31251,True,PASS,False,NONE,27.31251,True,0,,100,HEALTHY
sht30_temperature_v02,5,2272,2273137,SHT30,temperature_C,RECOVERY,27.29916,True,PASS,False,NONE,27.29916,True,0,,100,HEALTHY
sht30_temperature_v02,5,2273,2274137,SHT30,temperature_C,RECOVERY,27.32586,True,PASS,False,NONE,27.32586,True,0,,100,HEALTHY
sht30_temperature_v02,5,2274,2275137,SHT30,temperature_C,RECOVERY,27.31251,True,PASS,False,NONE,27.31251,True,0,,100,HEALTHY
sht30_temperature_v02,5,2275,2276137,SHT30,temperature_C,RECOVERY,27.31251,True,PASS,False,NONE,27.31251,True,0,,100,HEALTHY
sht30_temperature_v02,5,2276,2277137,SHT30,temperature_C,RECOVERY,27.29916,True,PASS,False,NONE,27.29916,True,0,,100,HEALTHY
sht30_temperature_v02,5,2277,2278137,SHT30,temperature_C,RECOVERY,27.32586,True,PASS,False,NONE,27.32586,True,0,,100,HEALTHY
sht30_temperature_v02,5,2278,2279137,SHT30,temperature_C,RECOVERY,27.31251,True,PASS,False,NONE,27.31251,True,0,,100,HEALTHY
sht30_temperature_v02,5,2279,2280137,SHT30,temperature_C,RECOVERY,27.33921,True,PASS,False,NONE,27.33921,True,0,,100,HEALTHY
sht30_temperature_v02,5,2280,2281137,SHT30,temperature_C,RECOVERY,27.31251,True,PASS,False,NONE,27.31251,True,0,,100,HEALTHY
sht30_temperature_v02,5,2281,2282137,SHT30,temperature_C,RECOVERY,27.29916,True,PASS,False,NONE,27.29916,True,0,,100,HEALTHY
sht30_temperature_v02,5,2282,2283137,SHT30,temperature_C,RECOVERY,27.33921,True,PASS,False,NONE,27.33921,True,0,,100,HEALTHY
sht30_temperature_v02,5,2283,2284137,SHT30,temperature_C,RECOVERY,27.32586,True,PASS,False,NONE,27.32586,True,0,,100,HEALTHY
sht30_temperature_v02,5,2284,2285137,SHT30,temperature_C,RECOVERY,27.32586,True,PASS,False,NONE,27.32586,True,0,,100,HEALTHY
sht30_temperature_v02,1,2285,2286137,SHT30,temperature_C,INJECTION,27.32586,True,SPIKE,True,SPIKE,37.32586,True,4,,75,DEGRADED
sht30_temperature_v02,1,2286,2287137,SHT30,temperature_C,RECOVERY,27.32586,True,PASS,False,NONE,27.32586,True,4,,75,DEGRADED
sht30_temperature_v02,1,2287,2288137,SHT30,temperature_C,RECOVERY,27.33921,True,PASS,False,NONE,27.33921,True,0,,100,HEALTHY
sht30_temperature_v02,1,2288,2289137,SHT30,temperature_C,RECOVERY,27.33921,True,PASS,False,NONE,27.33921,True,0,,100,HEALTHY
sht30_temperature_v02,1,2289,2290137,SHT30,temperature_C,RECOVERY,27.31251,True,PASS,False,NONE,27.31251,True,0,,100,HEALTHY
sht30_temperature_v02,1,2290,2291137,SHT30,temperature_C,RECOVERY,27.33921,True,PASS,False,NONE,27.33921,True,0,,100,HEALTHY
sht30_temperature_v02,1,2291,2292137,SHT30,temperature_C,RECOVERY,27.32586,True,PASS,False,NONE,27.32586,True,0,,100,HEALTHY
sht30_temperature_v02,1,2292,2293137,SHT30,temperature_C,RECOVERY,27.35523,True,PASS,False,NONE,27.35523,True,0,,100,HEALTHY
sht30_temperature_v02,1,2293,2294137,SHT30,temperature_C,RECOVERY,27.35523,True,PASS,False,NONE,27.35523,True,0,,100,HEALTHY
sht30_temperature_v02,1,2294,2295137,SHT30,temperature_C,RECOVERY,27.35523,True,PASS,False,NONE,27.35523,True,0,,100,HEALTHY
sht30_temperature_v02,1,2295,2296137,SHT30,temperature_C,RECOVERY,27.33921,True,PASS,False,NONE,27.33921,True,0,,100,HEALTHY
sht30_temperature_v02,1,2296,2297137,SHT30,temperature_C,RECOVERY,27.33921,True,PASS,False,NONE,27.33921,True,0,,100,HEALTHY
sht30_temperature_v02,1,2297,2298137,SHT30,temperature_C,RECOVERY,27.31251,True,PASS,False,NONE,27.31251,True,0,,100,HEALTHY
sht30_temperature_v02,1,2298,2299137,SHT30,temperature_C,RECOVERY,27.32586,True,PASS,False,NONE,27.32586,True,0,,100,HEALTHY
sht30_temperature_v02,1,2299,2300137,SHT30,temperature_C,RECOVERY,27.33921,True,PASS,False,NONE,27.33921,True,0,,100,HEALTHY
sht30_temperature_v02,1,2300,2301137,SHT30,temperature_C,RECOVERY,27.33921,True,PASS,False,NONE,27.33921,True,0,,100,HEALTHY
sht30_temperature_v02,1,2301,2302137,SHT30,temperature_C,RECOVERY,27.33921,True,PASS,False,NONE,27.33921,True,0,,100,HEALTHY
sht30_temperature_v02,1,2302,2303137,SHT30,temperature_C,RECOVERY,27.32586,True,PASS,False,NONE,27.32586,True,0,,100,HEALTHY
sht30_temperature_v02,1,2303,2304137,SHT30,temperature_C,RECOVERY,27.32586,True,PASS,False,NONE,27.32586,True,0,,100,HEALTHY
sht30_temperature_v02,1,2304,2305137,SHT30,temperature_C,RECOVERY,27.35523,True,PASS,False,NONE,27.35523,True,0,,100,HEALTHY
sht30_temperature_v02,1,2305,2306137,SHT30,temperature_C,RECOVERY,27.33921,True,PASS,False,NONE,27.33921,True,0,,100,HEALTHY
sht30_temperature_v02,1,2306,2307137,SHT30,temperature_C,RECOVERY,27.33921,True,PASS,False,NONE,27.33921,True,0,,100,HEALTHY
sht30_temperature_v02,1,2307,2308137,SHT30,temperature_C,RECOVERY,27.36858,True,PASS,False,NONE,27.36858,True,0,,100,HEALTHY
sht30_temperature_v02,1,2308,2309137,SHT30,temperature_C,RECOVERY,27.35523,True,PASS,False,NONE,27.35523,True,0,,100,HEALTHY
sht30_temperature_v02,1,2309,2310137,SHT30,temperature_C,RECOVERY,27.33921,True,PASS,False,NONE,27.33921,True,0,,100,HEALTHY
sht30_temperature_v02,1,2310,2311137,SHT30,temperature_C,RECOVERY,27.32586,True,PASS,False,NONE,27.32586,True,0,,100,HEALTHY
sht30_temperature_v02,1,2311,2312137,SHT30,temperature_C,RECOVERY,27.32586,True,PASS,False,NONE,27.32586,True,0,,100,HEALTHY
sht30_temperature_v02,1,2312,2313137,SHT30,temperature_C,RECOVERY,27.32586,True,PASS,False,NONE,27.32586,True,0,,100,HEALTHY
sht30_temperature_v02,1,2313,2314137,SHT30,temperature_C,RECOVERY,27.32586,True,PASS,False,NONE,27.32586,True,0,,100,HEALTHY
sht30_temperature_v02,1,2314,2315137,SHT30,temperature_C,RECOVERY,27.31251,True,PASS,False,NONE,27.31251,True,0,,100,HEALTHY
sht30_temperature_v02,1,2315,2316137,SHT30,temperature_C,RECOVERY,27.31251,True,PASS,False,NONE,27.31251,True,0,,100,HEALTHY
sht30_temperature_v02,1,2316,2317137,SHT30,temperature_C,RECOVERY,27.32586,True,PASS,False,NONE,27.32586,True,0,,100,HEALTHY
sht30_temperature_v02,1,2317,2318137,SHT30,temperature_C,RECOVERY,27.31251,True,PASS,False,NONE,27.31251,True,0,,100,HEALTHY
sht30_temperature_v02,1,2318,2319137,SHT30,temperature_C,RECOVERY,27.32586,True,PASS,False,NONE,27.32586,True,0,,100,HEALTHY
sht30_temperature_v02,1,2319,2320137,SHT30,temperature_C,RECOVERY,27.35523,True,PASS,False,NONE,27.35523,True,0,,100,HEALTHY
sht30_temperature_v02,1,2320,2321137,SHT30,temperature_C,RECOVERY,27.32586,True,PASS,False,NONE,27.32586,True,0,,100,HEALTHY
sht30_temperature_v02,1,2321,2322137,SHT30,temperature_C,RECOVERY,27.33921,True,PASS,False,NONE,27.33921,True,0,,100,HEALTHY
sht30_temperature_v02,1,2322,2323137,SHT30,temperature_C,RECOVERY,27.31251,True,PASS,False,NONE,27.31251,True,0,,100,HEALTHY
sht30_temperature_v02,1,2323,2324137,SHT30,temperature_C,RECOVERY,27.31251,True,PASS,False,NONE,27.31251,True,0,,100,HEALTHY
sht30_temperature_v02,1,2324,2325137,SHT30,temperature_C,RECOVERY,27.33921,True,PASS,False,NONE,27.33921,True,0,,100,HEALTHY
sht30_temperature_v02,1,2325,2326137,SHT30,temperature_C,RECOVERY,27.32586,True,PASS,False,NONE,27.32586,True,0,,100,HEALTHY
sht30_temperature_v02,1,2326,2327137,SHT30,temperature_C,RECOVERY,27.31251,True,PASS,False,NONE,27.31251,True,0,,100,HEALTHY
sht30_temperature_v02,1,2327,2328137,SHT30,temperature_C,RECOVERY,27.32586,True,PASS,False,NONE,27.32586,True,0,,100,HEALTHY
sht30_temperature_v02,1,2328,2329137,SHT30,temperature_C,RECOVERY,27.31251,True,PASS,False,NONE,27.31251,True,0,,100,HEALTHY
sht30_temperature_v02,1,2329,2330137,SHT30,temperature_C,RECOVERY,27.32586,True,PASS,False,NONE,27.32586,True,0,,100,HEALTHY
sht30_temperature_v02,1,2330,2331137,SHT30,temperature_C,RECOVERY,27.32586,True,PASS,False,NONE,27.32586,True,0,,100,HEALTHY
sht30_temperature_v02,1,2331,2332137,SHT30,temperature_C,RECOVERY,27.32586,True,PASS,False,NONE,27.32586,True,0,,100,HEALTHY
sht30_temperature_v02,1,2332,2333137,SHT30,temperature_C,RECOVERY,27.32586,True,PASS,False,NONE,27.32586,True,0,,100,HEALTHY
sht30_temperature_v02,1,2333,2334137,SHT30,temperature_C,RECOVERY,27.32586,True,PASS,False,NONE,27.32586,True,0,,100,HEALTHY
sht30_temperature_v02,1,2334,2335137,SHT30,temperature_C,RECOVERY,27.33921,True,PASS,False,NONE,27.33921,True,0,,100,HEALTHY
sht30_temperature_v02,1,2335,2336137,SHT30,temperature_C,RECOVERY,27.33921,True,PASS,False,NONE,27.33921,True,0,,100,HEALTHY
sht30_temperature_v02,1,2336,2337137,SHT30,temperature_C,RECOVERY,27.32586,True,PASS,False,NONE,27.32586,True,0,,100,HEALTHY
sht30_temperature_v02,1,2337,2338137,SHT30,temperature_C,RECOVERY,27.31251,True,PASS,False,NONE,27.31251,True,0,,100,HEALTHY
sht30_temperature_v02,1,2338,2339137,SHT30,temperature_C,RECOVERY,27.32586,True,PASS,False,NONE,27.32586,True,0,,100,HEALTHY
sht30_temperature_v02,1,2339,2340137,SHT30,temperature_C,RECOVERY,27.32586,True,PASS,False,NONE,27.32586,True,0,,100,HEALTHY
sht30_temperature_v02,1,2340,2341137,SHT30,temperature_C,RECOVERY,27.32586,True,PASS,False,NONE,27.32586,True,0,,100,HEALTHY
sht30_temperature_v02,2,2341,2342137,SHT30,temperature_C,INJECTION,27.32586,True,SPIKE,True,SPIKE,37.32586,True,4,,75,DEGRADED
sht30_temperature_v02,2,2342,2343137,SHT30,temperature_C,RECOVERY,27.31251,True,PASS,False,NONE,27.31251,True,4,,75,DEGRADED
sht30_temperature_v02,2,2343,2344137,SHT30,temperature_C,RECOVERY,27.31251,True,PASS,False,NONE,27.31251,True,0,,100,HEALTHY
sht30_temperature_v02,2,2344,2345137,SHT30,temperature_C,RECOVERY,27.33921,True,PASS,False,NONE,27.33921,True,0,,100,HEALTHY
sht30_temperature_v02,2,2345,2346137,SHT30,temperature_C,RECOVERY,27.31251,True,PASS,False,NONE,27.31251,True,0,,100,HEALTHY
sht30_temperature_v02,2,2346,2347137,SHT30,temperature_C,RECOVERY,27.32586,True,PASS,False,NONE,27.32586,True,0,,100,HEALTHY
sht30_temperature_v02,2,2347,2348137,SHT30,temperature_C,RECOVERY,27.32586,True,PASS,False,NONE,27.32586,True,0,,100,HEALTHY
sht30_temperature_v02,2,2348,2349137,SHT30,temperature_C,RECOVERY,27.32586,True,PASS,False,NONE,27.32586,True,0,,100,HEALTHY
sht30_temperature_v02,2,2349,2350137,SHT30,temperature_C,RECOVERY,27.32586,True,PASS,False,NONE,27.32586,True,0,,100,HEALTHY
sht30_temperature_v02,2,2350,2351137,SHT30,temperature_C,RECOVERY,27.33921,True,PASS,False,NONE,27.33921,True,0,,100,HEALTHY
sht30_temperature_v02,2,2351,2352137,SHT30,temperature_C,RECOVERY,27.33921,True,PASS,False,NONE,27.33921,True,0,,100,HEALTHY
sht30_temperature_v02,2,2352,2353137,SHT30,temperature_C,RECOVERY,27.33921,True,PASS,False,NONE,27.33921,True,0,,100,HEALTHY
sht30_temperature_v02,2,2353,2354137,SHT30,temperature_C,RECOVERY,27.32586,True,PASS,False,NONE,27.32586,True,0,,100,HEALTHY
sht30_temperature_v02,2,2354,2355137,SHT30,temperature_C,RECOVERY,27.35523,True,PASS,False,NONE,27.35523,True,0,,100,HEALTHY
sht30_temperature_v02,2,2355,2356137,SHT30,temperature_C,RECOVERY,27.35523,True,PASS,False,NONE,27.35523,True,0,,100,HEALTHY
sht30_temperature_v02,2,2356,2357137,SHT30,temperature_C,RECOVERY,27.32586,True,PASS,False,NONE,27.32586,True,0,,100,HEALTHY
sht30_temperature_v02,2,2357,2358137,SHT30,temperature_C,RECOVERY,27.33921,True,PASS,False,NONE,27.33921,True,0,,100,HEALTHY
sht30_temperature_v02,2,2358,2359137,SHT30,temperature_C,RECOVERY,27.33921,True,PASS,False,NONE,27.33921,True,0,,100,HEALTHY
sht30_temperature_v02,2,2359,2360137,SHT30,temperature_C,RECOVERY,27.35523,True,PASS,False,NONE,27.35523,True,0,,100,HEALTHY
sht30_temperature_v02,2,2360,2361137,SHT30,temperature_C,RECOVERY,27.31251,True,PASS,False,NONE,27.31251,True,0,,100,HEALTHY
sht30_temperature_v02,2,2361,2362137,SHT30,temperature_C,RECOVERY,27.32586,True,PASS,False,NONE,27.32586,True,0,,100,HEALTHY
sht30_temperature_v02,2,2362,2363137,SHT30,temperature_C,RECOVERY,27.32586,True,PASS,False,NONE,27.32586,True,0,,100,HEALTHY
sht30_temperature_v02,2,2363,2364137,SHT30,temperature_C,RECOVERY,27.33921,True,PASS,False,NONE,27.33921,True,0,,100,HEALTHY
sht30_temperature_v02,2,2364,2365137,SHT30,temperature_C,RECOVERY,27.33921,True,PASS,False,NONE,27.33921,True,0,,100,HEALTHY
sht30_temperature_v02,2,2365,2366137,SHT30,temperature_C,RECOVERY,27.35523,True,PASS,False,NONE,27.35523,True,0,,100,HEALTHY
sht30_temperature_v02,2,2366,2367137,SHT30,temperature_C,RECOVERY,27.35523,True,PASS,False,NONE,27.35523,True,0,,100,HEALTHY
sht30_temperature_v02,2,2367,2368137,SHT30,temperature_C,RECOVERY,27.32586,True,PASS,False,NONE,27.32586,True,0,,100,HEALTHY
sht30_temperature_v02,2,2368,2369137,SHT30,temperature_C,RECOVERY,27.32586,True,PASS,False,NONE,27.32586,True,0,,100,HEALTHY
sht30_temperature_v02,2,2369,2370137,SHT30,temperature_C,RECOVERY,27.33921,True,PASS,False,NONE,27.33921,True,0,,100,HEALTHY
sht30_temperature_v02,2,2370,2371137,SHT30,temperature_C,RECOVERY,27.32586,True,PASS,False,NONE,27.32586,True,0,,100,HEALTHY
sht30_temperature_v02,2,2371,2372137,SHT30,temperature_C,RECOVERY,27.32586,True,PASS,False,NONE,27.32586,True,0,,100,HEALTHY
sht30_temperature_v02,2,2372,2373137,SHT30,temperature_C,RECOVERY,27.32586,True,PASS,False,NONE,27.32586,True,0,,100,HEALTHY
sht30_temperature_v02,2,2373,2374137,SHT30,temperature_C,RECOVERY,27.32586,True,PASS,False,NONE,27.32586,True,0,,100,HEALTHY
sht30_temperature_v02,2,2374,2375137,SHT30,temperature_C,RECOVERY,27.33921,True,PASS,False,NONE,27.33921,True,0,,100,HEALTHY
sht30_temperature_v02,2,2375,2376137,SHT30,temperature_C,RECOVERY,27.35523,True,PASS,False,NONE,27.35523,True,0,,100,HEALTHY
sht30_temperature_v02,2,2376,2377137,SHT30,temperature_C,RECOVERY,27.31251,True,PASS,False,NONE,27.31251,True,0,,100,HEALTHY
sht30_temperature_v02,2,2377,2378137,SHT30,temperature_C,RECOVERY,27.29916,True,PASS,False,NONE,27.29916,True,0,,100,HEALTHY
sht30_temperature_v02,2,2378,2379137,SHT30,temperature_C,RECOVERY,27.29916,True,PASS,False,NONE,27.29916,True,0,,100,HEALTHY
sht30_temperature_v02,2,2379,2380137,SHT30,temperature_C,RECOVERY,27.32586,True,PASS,False,NONE,27.32586,True,0,,100,HEALTHY
sht30_temperature_v02,2,2380,2381137,SHT30,temperature_C,RECOVERY,27.32586,True,PASS,False,NONE,27.32586,True,0,,100,HEALTHY
sht30_temperature_v02,2,2381,2382137,SHT30,temperature_C,RECOVERY,27.31251,True,PASS,False,NONE,27.31251,True,0,,100,HEALTHY
sht30_temperature_v02,2,2382,2383137,SHT30,temperature_C,RECOVERY,27.31251,True,PASS,False,NONE,27.31251,True,0,,100,HEALTHY
sht30_temperature_v02,2,2383,2384137,SHT30,temperature_C,RECOVERY,27.31251,True,PASS,False,NONE,27.31251,True,0,,100,HEALTHY
sht30_temperature_v02,2,2384,2385137,SHT30,temperature_C,RECOVERY,27.31251,True,PASS,False,NONE,27.31251,True,0,,100,HEALTHY
sht30_temperature_v02,2,2385,2386137,SHT30,temperature_C,RECOVERY,27.31251,True,PASS,False,NONE,27.31251,True,0,,100,HEALTHY
sht30_temperature_v02,2,2386,2387137,SHT30,temperature_C,RECOVERY,27.29916,True,PASS,False,NONE,27.29916,True,0,,100,HEALTHY
sht30_temperature_v02,2,2387,2388137,SHT30,temperature_C,RECOVERY,27.31251,True,PASS,False,NONE,27.31251,True,0,,100,HEALTHY
sht30_temperature_v02,2,2388,2389137,SHT30,temperature_C,RECOVERY,27.31251,True,PASS,False,NONE,27.31251,True,0,,100,HEALTHY
sht30_temperature_v02,2,2389,2390137,SHT30,temperature_C,RECOVERY,27.31251,True,PASS,False,NONE,27.31251,True,0,,100,HEALTHY
sht30_temperature_v02,2,2390,2391137,SHT30,temperature_C,RECOVERY,27.31251,True,PASS,False,NONE,27.31251,True,0,,100,HEALTHY
sht30_temperature_v02,2,2391,2392137,SHT30,temperature_C,RECOVERY,27.31251,True,PASS,False,NONE,27.31251,True,0,,100,HEALTHY
sht30_temperature_v02,2,2392,2393137,SHT30,temperature_C,RECOVERY,27.29916,True,PASS,False,NONE,27.29916,True,0,,100,HEALTHY
sht30_temperature_v02,2,2393,2394137,SHT30,temperature_C,RECOVERY,27.29916,True,PASS,False,NONE,27.29916,True,0,,100,HEALTHY
sht30_temperature_v02,2,2394,2395137,SHT30,temperature_C,RECOVERY,27.29916,True,PASS,False,NONE,27.29916,True,0,,100,HEALTHY
sht30_temperature_v02,2,2395,2396137,SHT30,temperature_C,RECOVERY,27.31251,True,PASS,False,NONE,27.31251,True,0,,100,HEALTHY
sht30_temperature_v02,2,2396,2397137,SHT30,temperature_C,RECOVERY,27.29916,True,PASS,False,NONE,27.29916,True,0,,100,HEALTHY
sht30_temperature_v02,3,2397,2398137,SHT30,temperature_C,INJECTION,27.29916,True,SPIKE,True,SPIKE,37.29916,True,4,,75,DEGRADED
sht30_temperature_v02,3,2398,2399137,SHT30,temperature_C,RECOVERY,27.29916,True,PASS,False,NONE,27.29916,True,4,,75,DEGRADED
sht30_temperature_v02,3,2399,2400137,SHT30,temperature_C,RECOVERY,27.31251,True,PASS,False,NONE,27.31251,True,0,,100,HEALTHY
sht30_temperature_v02,3,2400,2401137,SHT30,temperature_C,RECOVERY,27.31251,True,PASS,False,NONE,27.31251,True,0,,100,HEALTHY
sht30_temperature_v02,3,2401,2402137,SHT30,temperature_C,RECOVERY,27.31251,True,PASS,False,NONE,27.31251,True,0,,100,HEALTHY
sht30_temperature_v02,3,2402,2403137,SHT30,temperature_C,RECOVERY,27.31251,True,PASS,False,NONE,27.31251,True,0,,100,HEALTHY
sht30_temperature_v02,3,2403,2404137,SHT30,temperature_C,RECOVERY,27.32586,True,PASS,False,NONE,27.32586,True,0,,100,HEALTHY
sht30_temperature_v02,3,2404,2405137,SHT30,temperature_C,RECOVERY,27.29916,True,PASS,False,NONE,27.29916,True,0,,100,HEALTHY
sht30_temperature_v02,3,2405,2406137,SHT30,temperature_C,RECOVERY,27.32586,True,PASS,False,NONE,27.32586,True,0,,100,HEALTHY
sht30_temperature_v02,3,2406,2407137,SHT30,temperature_C,RECOVERY,27.31251,True,PASS,False,NONE,27.31251,True,0,,100,HEALTHY
sht30_temperature_v02,3,2407,2408137,SHT30,temperature_C,RECOVERY,27.31251,True,PASS,False,NONE,27.31251,True,0,,100,HEALTHY
sht30_temperature_v02,3,2408,2409137,SHT30,temperature_C,RECOVERY,27.31251,True,PASS,False,NONE,27.31251,True,0,,100,HEALTHY
sht30_temperature_v02,3,2409,2410137,SHT30,temperature_C,RECOVERY,27.31251,True,PASS,False,NONE,27.31251,True,0,,100,HEALTHY
sht30_temperature_v02,3,2410,2411137,SHT30,temperature_C,RECOVERY,27.31251,True,PASS,False,NONE,27.31251,True,0,,100,HEALTHY
sht30_temperature_v02,3,2411,2412137,SHT30,temperature_C,RECOVERY,27.29916,True,PASS,False,NONE,27.29916,True,0,,100,HEALTHY
sht30_temperature_v02,3,2412,2413137,SHT30,temperature_C,RECOVERY,27.31251,True,PASS,False,NONE,27.31251,True,0,,100,HEALTHY
sht30_temperature_v02,3,2413,2414137,SHT30,temperature_C,RECOVERY,27.32586,True,PASS,False,NONE,27.32586,True,0,,100,HEALTHY
sht30_temperature_v02,3,2414,2415137,SHT30,temperature_C,RECOVERY,27.31251,True,PASS,False,NONE,27.31251,True,0,,100,HEALTHY
sht30_temperature_v02,3,2415,2416137,SHT30,temperature_C,RECOVERY,27.31251,True,PASS,False,NONE,27.31251,True,0,,100,HEALTHY
sht30_temperature_v02,3,2416,2417137,SHT30,temperature_C,RECOVERY,27.31251,True,PASS,False,NONE,27.31251,True,0,,100,HEALTHY
sht30_temperature_v02,3,2417,2418137,SHT30,temperature_C,RECOVERY,27.32586,True,PASS,False,NONE,27.32586,True,0,,100,HEALTHY
sht30_temperature_v02,3,2418,2419137,SHT30,temperature_C,RECOVERY,27.33921,True,PASS,False,NONE,27.33921,True,0,,100,HEALTHY
sht30_temperature_v02,3,2419,2420137,SHT30,temperature_C,RECOVERY,27.31251,True,PASS,False,NONE,27.31251,True,0,,100,HEALTHY
sht30_temperature_v02,3,2420,2421137,SHT30,temperature_C,RECOVERY,27.31251,True,PASS,False,NONE,27.31251,True,0,,100,HEALTHY
sht30_temperature_v02,3,2421,2422137,SHT30,temperature_C,RECOVERY,27.33921,True,PASS,False,NONE,27.33921,True,0,,100,HEALTHY
sht30_temperature_v02,3,2422,2423137,SHT30,temperature_C,RECOVERY,27.33921,True,PASS,False,NONE,27.33921,True,0,,100,HEALTHY
sht30_temperature_v02,3,2423,2424137,SHT30,temperature_C,RECOVERY,27.33921,True,PASS,False,NONE,27.33921,True,0,,100,HEALTHY
sht30_temperature_v02,3,2424,2425137,SHT30,temperature_C,RECOVERY,27.31251,True,PASS,False,NONE,27.31251,True,0,,100,HEALTHY
sht30_temperature_v02,3,2425,2426137,SHT30,temperature_C,RECOVERY,27.32586,True,PASS,False,NONE,27.32586,True,0,,100,HEALTHY
sht30_temperature_v02,3,2426,2427137,SHT30,temperature_C,RECOVERY,27.31251,True,PASS,False,NONE,27.31251,True,0,,100,HEALTHY
sht30_temperature_v02,3,2427,2428137,SHT30,temperature_C,RECOVERY,27.32586,True,PASS,False,NONE,27.32586,True,0,,100,HEALTHY
sht30_temperature_v02,3,2428,2429137,SHT30,temperature_C,RECOVERY,27.31251,True,PASS,False,NONE,27.31251,True,0,,100,HEALTHY
sht30_temperature_v02,3,2429,2430137,SHT30,temperature_C,RECOVERY,27.31251,True,PASS,False,NONE,27.31251,True,0,,100,HEALTHY
sht30_temperature_v02,3,2430,2431137,SHT30,temperature_C,RECOVERY,27.32586,True,PASS,False,NONE,27.32586,True,0,,100,HEALTHY
sht30_temperature_v02,3,2431,2432137,SHT30,temperature_C,RECOVERY,27.32586,True,PASS,False,NONE,27.32586,True,0,,100,HEALTHY
sht30_temperature_v02,3,2432,2433137,SHT30,temperature_C,RECOVERY,27.31251,True,PASS,False,NONE,27.31251,True,0,,100,HEALTHY
sht30_temperature_v02,3,2433,2434137,SHT30,temperature_C,RECOVERY,27.32586,True,PASS,False,NONE,27.32586,True,0,,100,HEALTHY
sht30_temperature_v02,3,2434,2435137,SHT30,temperature_C,RECOVERY,27.32586,True,PASS,False,NONE,27.32586,True,0,,100,HEALTHY
sht30_temperature_v02,3,2435,2436137,SHT30,temperature_C,RECOVERY,27.29916,True,PASS,False,NONE,27.29916,True,0,,100,HEALTHY
sht30_temperature_v02,3,2436,2437137,SHT30,temperature_C,RECOVERY,27.29916,True,PASS,False,NONE,27.29916,True,0,,100,HEALTHY
sht30_temperature_v02,3,2437,2438137,SHT30,temperature_C,RECOVERY,27.31251,True,PASS,False,NONE,27.31251,True,0,,100,HEALTHY
sht30_temperature_v02,3,2438,2439137,SHT30,temperature_C,RECOVERY,27.28313,True,PASS,False,NONE,27.28313,True,0,,100,HEALTHY
sht30_temperature_v02,3,2439,2440137,SHT30,temperature_C,RECOVERY,27.31251,True,PASS,False,NONE,27.31251,True,0,,100,HEALTHY
sht30_temperature_v02,3,2440,2441137,SHT30,temperature_C,RECOVERY,27.32586,True,PASS,False,NONE,27.32586,True,0,,100,HEALTHY
sht30_temperature_v02,3,2441,2442137,SHT30,temperature_C,RECOVERY,27.29916,True,PASS,False,NONE,27.29916,True,0,,100,HEALTHY
sht30_temperature_v02,3,2442,2443137,SHT30,temperature_C,RECOVERY,27.31251,True,PASS,False,NONE,27.31251,True,0,,100,HEALTHY
sht30_temperature_v02,3,2443,2444137,SHT30,temperature_C,RECOVERY,27.29916,True,PASS,False,NONE,27.29916,True,0,,100,HEALTHY
sht30_temperature_v02,3,2444,2445137,SHT30,temperature_C,RECOVERY,27.28313,True,PASS,False,NONE,27.28313,True,0,,100,HEALTHY
sht30_temperature_v02,3,2445,2446137,SHT30,temperature_C,RECOVERY,27.29916,True,PASS,False,NONE,27.29916,True,0,,100,HEALTHY
sht30_temperature_v02,3,2446,2447137,SHT30,temperature_C,RECOVERY,27.32586,True,PASS,False,NONE,27.32586,True,0,,100,HEALTHY
sht30_temperature_v02,3,2447,2448137,SHT30,temperature_C,RECOVERY,27.31251,True,PASS,False,NONE,27.31251,True,0,,100,HEALTHY
sht30_temperature_v02,3,2448,2449137,SHT30,temperature_C,RECOVERY,27.29916,True,PASS,False,NONE,27.29916,True,0,,100,HEALTHY
sht30_temperature_v02,3,2449,2450137,SHT30,temperature_C,RECOVERY,27.29916,True,PASS,False,NONE,27.29916,True,0,,100,HEALTHY
sht30_temperature_v02,3,2450,2451137,SHT30,temperature_C,RECOVERY,27.33921,True,PASS,False,NONE,27.33921,True,0,,100,HEALTHY
sht30_temperature_v02,3,2451,2452137,SHT30,temperature_C,RECOVERY,27.29916,True,PASS,False,NONE,27.29916,True,0,,100,HEALTHY
sht30_temperature_v02,3,2452,2453137,SHT30,temperature_C,RECOVERY,27.28313,True,PASS,False,NONE,27.28313,True,0,,100,HEALTHY
sht30_temperature_v02,4,2453,2454137,SHT30,temperature_C,INJECTION,27.29916,True,SPIKE,True,SPIKE,37.29916,True,4,,75,DEGRADED
sht30_temperature_v02,4,2454,2455137,SHT30,temperature_C,RECOVERY,27.26978,True,PASS,False,NONE,27.26978,True,4,,75,DEGRADED
sht30_temperature_v02,4,2455,2456137,SHT30,temperature_C,RECOVERY,27.29916,True,PASS,False,NONE,27.29916,True,0,,100,HEALTHY
sht30_temperature_v02,4,2456,2457137,SHT30,temperature_C,RECOVERY,27.29916,True,PASS,False,NONE,27.29916,True,0,,100,HEALTHY
sht30_temperature_v02,4,2457,2458137,SHT30,temperature_C,RECOVERY,27.29916,True,PASS,False,NONE,27.29916,True,0,,100,HEALTHY
sht30_temperature_v02,4,2458,2459137,SHT30,temperature_C,RECOVERY,27.31251,True,PASS,False,NONE,27.31251,True,0,,100,HEALTHY
sht30_temperature_v02,4,2459,2460137,SHT30,temperature_C,RECOVERY,27.29916,True,PASS,False,NONE,27.29916,True,0,,100,HEALTHY
sht30_temperature_v02,4,2460,2461137,SHT30,temperature_C,RECOVERY,27.29916,True,PASS,False,NONE,27.29916,True,0,,100,HEALTHY
sht30_temperature_v02,4,2461,2462137,SHT30,temperature_C,RECOVERY,27.29916,True,PASS,False,NONE,27.29916,True,0,,100,HEALTHY
sht30_temperature_v02,4,2462,2463137,SHT30,temperature_C,RECOVERY,27.28313,True,PASS,False,NONE,27.28313,True,0,,100,HEALTHY
sht30_temperature_v02,4,2463,2464137,SHT30,temperature_C,RECOVERY,27.29916,True,PASS,False,NONE,27.29916,True,0,,100,HEALTHY
sht30_temperature_v02,4,2464,2465137,SHT30,temperature_C,RECOVERY,27.29916,True,PASS,False,NONE,27.29916,True,0,,100,HEALTHY
sht30_temperature_v02,4,2465,2466137,SHT30,temperature_C,RECOVERY,27.29916,True,PASS,False,NONE,27.29916,True,0,,100,HEALTHY
sht30_temperature_v02,4,2466,2467137,SHT30,temperature_C,RECOVERY,27.26978,True,PASS,False,NONE,27.26978,True,0,,100,HEALTHY
sht30_temperature_v02,4,2467,2468137,SHT30,temperature_C,RECOVERY,27.28313,True,PASS,False,NONE,27.28313,True,0,,100,HEALTHY
sht30_temperature_v02,4,2468,2469137,SHT30,temperature_C,RECOVERY,27.26978,True,PASS,False,NONE,27.26978,True,0,,100,HEALTHY
sht30_temperature_v02,4,2469,2470137,SHT30,temperature_C,RECOVERY,27.26978,True,PASS,False,NONE,27.26978,True,0,,100,HEALTHY
sht30_temperature_v02,4,2470,2471137,SHT30,temperature_C,RECOVERY,27.26978,True,PASS,False,NONE,27.26978,True,0,,100,HEALTHY
sht30_temperature_v02,4,2471,2472137,SHT30,temperature_C,RECOVERY,27.26978,True,PASS,False,NONE,27.26978,True,0,,100,HEALTHY
sht30_temperature_v02,4,2472,2473137,SHT30,temperature_C,RECOVERY,27.29916,True,PASS,False,NONE,27.29916,True,0,,100,HEALTHY
sht30_temperature_v02,4,2473,2474137,SHT30,temperature_C,RECOVERY,27.28313,True,PASS,False,NONE,27.28313,True,0,,100,HEALTHY
sht30_temperature_v02,4,2474,2475137,SHT30,temperature_C,RECOVERY,27.28313,True,PASS,False,NONE,27.28313,True,0,,100,HEALTHY
sht30_temperature_v02,4,2475,2476137,SHT30,temperature_C,RECOVERY,27.28313,True,PASS,False,NONE,27.28313,True,0,,100,HEALTHY
sht30_temperature_v02,4,2476,2477137,SHT30,temperature_C,RECOVERY,27.26978,True,PASS,False,NONE,27.26978,True,0,,100,HEALTHY
sht30_temperature_v02,4,2477,2478137,SHT30,temperature_C,RECOVERY,27.25643,True,PASS,False,NONE,27.25643,True,0,,100,HEALTHY
sht30_temperature_v02,4,2478,2479137,SHT30,temperature_C,RECOVERY,27.26978,True,PASS,False,NONE,27.26978,True,0,,100,HEALTHY
sht30_temperature_v02,4,2479,2480137,SHT30,temperature_C,RECOVERY,27.28313,True,PASS,False,NONE,27.28313,True,0,,100,HEALTHY
sht30_temperature_v02,4,2480,2481137,SHT30,temperature_C,RECOVERY,27.26978,True,PASS,False,NONE,27.26978,True,0,,100,HEALTHY
sht30_temperature_v02,4,2481,2482137,SHT30,temperature_C,RECOVERY,27.26978,True,PASS,False,NONE,27.26978,True,0,,100,HEALTHY
sht30_temperature_v02,4,2482,2483137,SHT30,temperature_C,RECOVERY,27.26978,True,PASS,False,NONE,27.26978,True,0,,100,HEALTHY
sht30_temperature_v02,4,2483,2484137,SHT30,temperature_C,RECOVERY,27.26978,True,PASS,False,NONE,27.26978,True,0,,100,HEALTHY
sht30_temperature_v02,4,2484,2485137,SHT30,temperature_C,RECOVERY,27.25643,True,PASS,False,NONE,27.25643,True,0,,100,HEALTHY
sht30_temperature_v02,4,2485,2486137,SHT30,temperature_C,RECOVERY,27.26978,True,PASS,False,NONE,27.26978,True,0,,100,HEALTHY
sht30_temperature_v02,4,2486,2487137,SHT30,temperature_C,RECOVERY,27.24307,True,PASS,False,NONE,27.24307,True,0,,100,HEALTHY
sht30_temperature_v02,4,2487,2488137,SHT30,temperature_C,RECOVERY,27.26978,True,PASS,False,NONE,27.26978,True,0,,100,HEALTHY
sht30_temperature_v02,4,2488,2489137,SHT30,temperature_C,RECOVERY,27.25643,True,PASS,False,NONE,27.25643,True,0,,100,HEALTHY
sht30_temperature_v02,4,2489,2490137,SHT30,temperature_C,RECOVERY,27.26978,True,PASS,False,NONE,27.26978,True,0,,100,HEALTHY
sht30_temperature_v02,4,2490,2491137,SHT30,temperature_C,RECOVERY,27.26978,True,PASS,False,NONE,27.26978,True,0,,100,HEALTHY
sht30_temperature_v02,4,2491,2492137,SHT30,temperature_C,RECOVERY,27.28313,True,PASS,False,NONE,27.28313,True,0,,100,HEALTHY
sht30_temperature_v02,4,2492,2493137,SHT30,temperature_C,RECOVERY,27.28313,True,PASS,False,NONE,27.28313,True,0,,100,HEALTHY
sht30_temperature_v02,4,2493,2494137,SHT30,temperature_C,RECOVERY,27.28313,True,PASS,False,NONE,27.28313,True,0,,100,HEALTHY
sht30_temperature_v02,4,2494,2495137,SHT30,temperature_C,RECOVERY,27.28313,True,PASS,False,NONE,27.28313,True,0,,100,HEALTHY
sht30_temperature_v02,4,2495,2496137,SHT30,temperature_C,RECOVERY,27.28313,True,PASS,False,NONE,27.28313,True,0,,100,HEALTHY
sht30_temperature_v02,4,2496,2497137,SHT30,temperature_C,RECOVERY,27.28313,True,PASS,False,NONE,27.28313,True,0,,100,HEALTHY
sht30_temperature_v02,4,2497,2498137,SHT30,temperature_C,RECOVERY,27.26978,True,PASS,False,NONE,27.26978,True,0,,100,HEALTHY
sht30_temperature_v02,4,2498,2499137,SHT30,temperature_C,RECOVERY,27.28313,True,PASS,False,NONE,27.28313,True,0,,100,HEALTHY
sht30_temperature_v02,4,2499,2500137,SHT30,temperature_C,RECOVERY,27.28313,True,PASS,False,NONE,27.28313,True,0,,100,HEALTHY
sht30_temperature_v02,4,2500,2501137,SHT30,temperature_C,RECOVERY,27.28313,True,PASS,False,NONE,27.28313,True,0,,100,HEALTHY
sht30_temperature_v02,4,2501,2502137,SHT30,temperature_C,RECOVERY,27.28313,True,PASS,False,NONE,27.28313,True,0,,100,HEALTHY
sht30_temperature_v02,4,2502,2503137,SHT30,temperature_C,RECOVERY,27.25643,True,PASS,False,NONE,27.25643,True,0,,100,HEALTHY
sht30_temperature_v02,4,2503,2504137,SHT30,temperature_C,RECOVERY,27.29916,True,PASS,False,NONE,27.29916,True,0,,100,HEALTHY
sht30_temperature_v02,4,2504,2505137,SHT30,temperature_C,RECOVERY,27.26978,True,PASS,False,NONE,27.26978,True,0,,100,HEALTHY
sht30_temperature_v02,4,2505,2506137,SHT30,temperature_C,RECOVERY,27.28313,True,PASS,False,NONE,27.28313,True,0,,100,HEALTHY
sht30_temperature_v02,4,2506,2507137,SHT30,temperature_C,RECOVERY,27.29916,True,PASS,False,NONE,27.29916,True,0,,100,HEALTHY
sht30_temperature_v02,4,2507,2508137,SHT30,temperature_C,RECOVERY,27.28313,True,PASS,False,NONE,27.28313,True,0,,100,HEALTHY
sht30_temperature_v02,4,2508,2509137,SHT30,temperature_C,RECOVERY,27.31251,True,PASS,False,NONE,27.31251,True,0,,100,HEALTHY
sht30_temperature_v02,5,2509,2510137,SHT30,temperature_C,INJECTION,27.31251,True,SPIKE,True,SPIKE,37.31251,True,4,,75,DEGRADED
sht30_temperature_v02,5,2510,2511137,SHT30,temperature_C,RECOVERY,27.31251,True,PASS,False,NONE,27.31251,True,4,,75,DEGRADED
sht30_temperature_v02,5,2511,2512137,SHT30,temperature_C,RECOVERY,27.32586,True,PASS,False,NONE,27.32586,True,0,,100,HEALTHY
sht30_temperature_v02,5,2512,2513137,SHT30,temperature_C,RECOVERY,27.32586,True,PASS,False,NONE,27.32586,True,0,,100,HEALTHY
sht30_temperature_v02,5,2513,2514137,SHT30,temperature_C,RECOVERY,27.32586,True,PASS,False,NONE,27.32586,True,0,,100,HEALTHY
sht30_temperature_v02,5,2514,2515137,SHT30,temperature_C,RECOVERY,27.33921,True,PASS,False,NONE,27.33921,True,0,,100,HEALTHY
sht30_temperature_v02,5,2515,2516137,SHT30,temperature_C,RECOVERY,27.36858,True,PASS,False,NONE,27.36858,True,0,,100,HEALTHY
sht30_temperature_v02,5,2516,2517137,SHT30,temperature_C,RECOVERY,27.35523,True,PASS,False,NONE,27.35523,True,0,,100,HEALTHY
sht30_temperature_v02,5,2517,2518137,SHT30,temperature_C,RECOVERY,27.41131,True,PASS,False,NONE,27.41131,True,0,,100,HEALTHY
sht30_temperature_v02,5,2518,2519137,SHT30,temperature_C,RECOVERY,27.35523,True,PASS,False,NONE,27.35523,True,0,,100,HEALTHY
sht30_temperature_v02,5,2519,2520137,SHT30,temperature_C,RECOVERY,27.39796,True,PASS,False,NONE,27.39796,True,0,,100,HEALTHY
sht30_temperature_v02,5,2520,2521137,SHT30,temperature_C,RECOVERY,27.41131,True,PASS,False,NONE,27.41131,True,0,,100,HEALTHY
sht30_temperature_v02,5,2521,2522137,SHT30,temperature_C,RECOVERY,27.39796,True,PASS,False,NONE,27.39796,True,0,,100,HEALTHY
sht30_temperature_v02,5,2522,2523137,SHT30,temperature_C,RECOVERY,27.42466,True,PASS,False,NONE,27.42466,True,0,,100,HEALTHY
sht30_temperature_v02,5,2523,2524137,SHT30,temperature_C,RECOVERY,27.39796,True,PASS,False,NONE,27.39796,True,0,,100,HEALTHY
sht30_temperature_v02,5,2524,2525137,SHT30,temperature_C,RECOVERY,27.42466,True,PASS,False,NONE,27.42466,True,0,,100,HEALTHY
sht30_temperature_v02,5,2525,2526137,SHT30,temperature_C,RECOVERY,27.42466,True,PASS,False,NONE,27.42466,True,0,,100,HEALTHY
sht30_temperature_v02,5,2526,2527137,SHT30,temperature_C,RECOVERY,27.43801,True,PASS,False,NONE,27.43801,True,0,,100,HEALTHY
sht30_temperature_v02,5,2527,2528137,SHT30,temperature_C,RECOVERY,27.42466,True,PASS,False,NONE,27.42466,True,0,,100,HEALTHY
sht30_temperature_v02,5,2528,2529137,SHT30,temperature_C,RECOVERY,27.39796,True,PASS,False,NONE,27.39796,True,0,,100,HEALTHY
sht30_temperature_v02,5,2529,2530137,SHT30,temperature_C,RECOVERY,27.43801,True,PASS,False,NONE,27.43801,True,0,,100,HEALTHY
sht30_temperature_v02,5,2530,2531137,SHT30,temperature_C,RECOVERY,27.42466,True,PASS,False,NONE,27.42466,True,0,,100,HEALTHY
sht30_temperature_v02,5,2531,2532137,SHT30,temperature_C,RECOVERY,27.43801,True,PASS,False,NONE,27.43801,True,0,,100,HEALTHY
sht30_temperature_v02,5,2532,2533137,SHT30,temperature_C,RECOVERY,27.43801,True,PASS,False,NONE,27.43801,True,0,,100,HEALTHY
sht30_temperature_v02,5,2533,2534137,SHT30,temperature_C,RECOVERY,27.45403,True,PASS,False,NONE,27.45403,True,0,,100,HEALTHY
sht30_temperature_v02,5,2534,2535137,SHT30,temperature_C,RECOVERY,27.45403,True,PASS,False,NONE,27.45403,True,0,,100,HEALTHY
sht30_temperature_v02,5,2535,2536137,SHT30,temperature_C,RECOVERY,27.45403,True,PASS,False,NONE,27.45403,True,0,,100,HEALTHY
sht30_temperature_v02,5,2536,2537137,SHT30,temperature_C,RECOVERY,27.43801,True,PASS,False,NONE,27.43801,True,0,,100,HEALTHY
sht30_temperature_v02,5,2537,2538137,SHT30,temperature_C,RECOVERY,27.46738,True,PASS,False,NONE,27.46738,True,0,,100,HEALTHY
sht30_temperature_v02,5,2538,2539137,SHT30,temperature_C,RECOVERY,27.48074,True,PASS,False,NONE,27.48074,True,0,,100,HEALTHY
sht30_temperature_v02,5,2539,2540137,SHT30,temperature_C,RECOVERY,27.46738,True,PASS,False,NONE,27.46738,True,0,,100,HEALTHY
sht30_temperature_v02,5,2540,2541137,SHT30,temperature_C,RECOVERY,27.46738,True,PASS,False,NONE,27.46738,True,0,,100,HEALTHY
sht30_temperature_v02,5,2541,2542137,SHT30,temperature_C,RECOVERY,27.46738,True,PASS,False,NONE,27.46738,True,0,,100,HEALTHY
sht30_temperature_v02,5,2542,2543137,SHT30,temperature_C,RECOVERY,27.46738,True,PASS,False,NONE,27.46738,True,0,,100,HEALTHY
sht30_temperature_v02,5,2543,2544137,SHT30,temperature_C,RECOVERY,27.46738,True,PASS,False,NONE,27.46738,True,0,,100,HEALTHY
sht30_temperature_v02,5,2544,2545137,SHT30,temperature_C,RECOVERY,27.46738,True,PASS,False,NONE,27.46738,True,0,,100,HEALTHY
sht30_temperature_v02,5,2545,2546137,SHT30,temperature_C,RECOVERY,27.48074,True,PASS,False,NONE,27.48074,True,0,,100,HEALTHY
sht30_temperature_v02,5,2546,2547137,SHT30,temperature_C,RECOVERY,27.49409,True,PASS,False,NONE,27.49409,True,0,,100,HEALTHY
sht30_temperature_v02,5,2547,2548137,SHT30,temperature_C,RECOVERY,27.46738,True,PASS,False,NONE,27.46738,True,0,,100,HEALTHY
sht30_temperature_v02,5,2548,2549137,SHT30,temperature_C,RECOVERY,27.46738,True,PASS,False,NONE,27.46738,True,0,,100,HEALTHY
sht30_temperature_v02,5,2549,2550137,SHT30,temperature_C,RECOVERY,27.48074,True,PASS,False,NONE,27.48074,True,0,,100,HEALTHY
sht30_temperature_v02,5,2550,2551137,SHT30,temperature_C,RECOVERY,27.45403,True,PASS,False,NONE,27.45403,True,0,,100,HEALTHY
sht30_temperature_v02,5,2551,2552137,SHT30,temperature_C,RECOVERY,27.46738,True,PASS,False,NONE,27.46738,True,0,,100,HEALTHY
sht30_temperature_v02,5,2552,2553137,SHT30,temperature_C,RECOVERY,27.45403,True,PASS,False,NONE,27.45403,True,0,,100,HEALTHY
sht30_temperature_v02,5,2553,2554137,SHT30,temperature_C,RECOVERY,27.46738,True,PASS,False,NONE,27.46738,True,0,,100,HEALTHY
sht30_temperature_v02,5,2554,2555137,SHT30,temperature_C,RECOVERY,27.46738,True,PASS,False,NONE,27.46738,True,0,,100,HEALTHY
sht30_temperature_v02,5,2555,2556137,SHT30,temperature_C,RECOVERY,27.46738,True,PASS,False,NONE,27.46738,True,0,,100,HEALTHY
sht30_temperature_v02,5,2556,2557137,SHT30,temperature_C,RECOVERY,27.48074,True,PASS,False,NONE,27.48074,True,0,,100,HEALTHY
sht30_temperature_v02,5,2557,2558137,SHT30,temperature_C,RECOVERY,27.48074,True,PASS,False,NONE,27.48074,True,0,,100,HEALTHY
sht30_temperature_v02,5,2558,2559137,SHT30,temperature_C,RECOVERY,27.48074,True,PASS,False,NONE,27.48074,True,0,,100,HEALTHY
sht30_temperature_v02,5,2559,2560137,SHT30,temperature_C,RECOVERY,27.48074,True,PASS,False,NONE,27.48074,True,0,,100,HEALTHY
sht30_temperature_v02,5,2560,2561137,SHT30,temperature_C,RECOVERY,27.48074,True,PASS,False,NONE,27.48074,True,0,,100,HEALTHY
sht30_temperature_v02,5,2561,2562137,SHT30,temperature_C,RECOVERY,27.46738,True,PASS,False,NONE,27.46738,True,0,,100,HEALTHY
sht30_temperature_v02,5,2562,2563137,SHT30,temperature_C,RECOVERY,27.49409,True,PASS,False,NONE,27.49409,True,0,,100,HEALTHY
sht30_temperature_v02,5,2563,2564137,SHT30,temperature_C,RECOVERY,27.46738,True,PASS,False,NONE,27.46738,True,0,,100,HEALTHY
sht30_temperature_v02,5,2564,2565137,SHT30,temperature_C,RECOVERY,27.48074,True,PASS,False,NONE,27.48074,True,0,,100,HEALTHY
sht30_temperature_v02,1,2565,2566137,SHT30,temperature_C,INJECTION,27.48074,True,DRIFT,True,DRIFT,27.48074,True,0,,100,HEALTHY
sht30_temperature_v02,1,2566,2567137,SHT30,temperature_C,INJECTION,27.49409,True,DRIFT,True,DRIFT,27.54409,True,0,,100,HEALTHY
sht30_temperature_v02,1,2567,2568137,SHT30,temperature_C,INJECTION,27.48074,True,DRIFT,True,DRIFT,27.58074,True,0,,100,HEALTHY
sht30_temperature_v02,1,2568,2569137,SHT30,temperature_C,INJECTION,27.48074,True,DRIFT,True,DRIFT,27.63074,True,0,,100,HEALTHY
sht30_temperature_v02,1,2569,2570137,SHT30,temperature_C,INJECTION,27.48074,True,DRIFT,True,DRIFT,27.68074,True,0,,100,HEALTHY
sht30_temperature_v02,1,2570,2571137,SHT30,temperature_C,INJECTION,27.48074,True,DRIFT,True,DRIFT,27.73074,True,0,,100,HEALTHY
sht30_temperature_v02,1,2571,2572137,SHT30,temperature_C,INJECTION,27.46738,True,DRIFT,True,DRIFT,27.76738,True,0,,100,HEALTHY
sht30_temperature_v02,1,2572,2573137,SHT30,temperature_C,INJECTION,27.45403,True,DRIFT,True,DRIFT,27.80403,True,0,,100,HEALTHY
sht30_temperature_v02,1,2573,2574137,SHT30,temperature_C,INJECTION,27.43801,True,DRIFT,True,DRIFT,27.83801,True,0,,100,HEALTHY
sht30_temperature_v02,1,2574,2575137,SHT30,temperature_C,INJECTION,27.42466,True,DRIFT,True,DRIFT,27.87466,True,0,,100,HEALTHY
sht30_temperature_v02,1,2575,2576137,SHT30,temperature_C,INJECTION,27.46738,True,DRIFT,True,DRIFT,27.96738,True,0,,100,HEALTHY
sht30_temperature_v02,1,2576,2577137,SHT30,temperature_C,INJECTION,27.45403,True,DRIFT,True,DRIFT,28.00403,True,0,,100,HEALTHY
sht30_temperature_v02,1,2577,2578137,SHT30,temperature_C,INJECTION,27.43801,True,DRIFT,True,DRIFT,28.03801,True,0,,100,HEALTHY
sht30_temperature_v02,1,2578,2579137,SHT30,temperature_C,INJECTION,27.42466,True,DRIFT,True,DRIFT,28.07466,True,0,,100,HEALTHY
sht30_temperature_v02,1,2579,2580137,SHT30,temperature_C,INJECTION,27.43801,True,DRIFT,True,DRIFT,28.13801,True,0,,100,HEALTHY
sht30_temperature_v02,1,2580,2581137,SHT30,temperature_C,INJECTION,27.43801,True,DRIFT,True,DRIFT,28.18801,True,0,,100,HEALTHY
sht30_temperature_v02,1,2581,2582137,SHT30,temperature_C,INJECTION,27.43801,True,DRIFT,True,DRIFT,28.23801,True,0,,100,HEALTHY
sht30_temperature_v02,1,2582,2583137,SHT30,temperature_C,INJECTION,27.41131,True,DRIFT,True,DRIFT,28.26131,True,0,,100,HEALTHY
sht30_temperature_v02,1,2583,2584137,SHT30,temperature_C,INJECTION,27.41131,True,DRIFT,True,DRIFT,28.31131,True,0,,100,HEALTHY
sht30_temperature_v02,1,2584,2585137,SHT30,temperature_C,INJECTION,27.39796,True,DRIFT,True,DRIFT,28.34796,True,0,,100,HEALTHY
sht30_temperature_v02,1,2585,2586137,SHT30,temperature_C,INJECTION,27.42466,True,DRIFT,True,DRIFT,28.42466,True,0,,100,HEALTHY
sht30_temperature_v02,1,2586,2587137,SHT30,temperature_C,INJECTION,27.39796,True,DRIFT,True,DRIFT,28.44796,True,0,,100,HEALTHY
sht30_temperature_v02,1,2587,2588137,SHT30,temperature_C,INJECTION,27.39796,True,DRIFT,True,DRIFT,28.49796,True,0,,100,HEALTHY
sht30_temperature_v02,1,2588,2589137,SHT30,temperature_C,INJECTION,27.39796,True,DRIFT,True,DRIFT,28.54796,True,0,,100,HEALTHY
sht30_temperature_v02,1,2589,2590137,SHT30,temperature_C,INJECTION,27.36858,True,DRIFT,True,DRIFT,28.56858,True,0,,100,HEALTHY
sht30_temperature_v02,1,2590,2591137,SHT30,temperature_C,INJECTION,27.36858,True,DRIFT,True,DRIFT,28.61858,True,0,,100,HEALTHY
sht30_temperature_v02,1,2591,2592137,SHT30,temperature_C,INJECTION,27.36858,True,DRIFT,True,DRIFT,28.66858,True,0,,100,HEALTHY
sht30_temperature_v02,1,2592,2593137,SHT30,temperature_C,INJECTION,27.38194,True,DRIFT,True,DRIFT,28.73194,True,0,,100,HEALTHY
sht30_temperature_v02,1,2593,2594137,SHT30,temperature_C,INJECTION,27.38194,True,DRIFT,True,DRIFT,28.78193,True,0,,100,HEALTHY
sht30_temperature_v02,1,2594,2595137,SHT30,temperature_C,INJECTION,27.38194,True,DRIFT,True,DRIFT,28.83194,True,0,,100,HEALTHY
sht30_temperature_v02,1,2595,2596137,SHT30,temperature_C,INJECTION,27.38194,True,DRIFT,True,DRIFT,28.88194,True,8,,75,DEGRADED
sht30_temperature_v02,1,2596,2597137,SHT30,temperature_C,INJECTION,27.39796,True,DRIFT,True,DRIFT,28.94796,True,8,,75,DEGRADED
sht30_temperature_v02,1,2597,2598137,SHT30,temperature_C,INJECTION,27.36858,True,DRIFT,True,DRIFT,28.96858,True,8,,75,DEGRADED
sht30_temperature_v02,1,2598,2599137,SHT30,temperature_C,INJECTION,27.38194,True,DRIFT,True,DRIFT,29.03193,True,8,,75,DEGRADED
sht30_temperature_v02,1,2599,2600137,SHT30,temperature_C,INJECTION,27.38194,True,DRIFT,True,DRIFT,29.08194,True,8,,75,DEGRADED
sht30_temperature_v02,1,2600,2601137,SHT30,temperature_C,INJECTION,27.38194,True,DRIFT,True,DRIFT,29.13194,True,8,,75,DEGRADED
sht30_temperature_v02,1,2601,2602137,SHT30,temperature_C,INJECTION,27.38194,True,DRIFT,True,DRIFT,29.18193,True,8,,75,DEGRADED
sht30_temperature_v02,1,2602,2603137,SHT30,temperature_C,INJECTION,27.35523,True,DRIFT,True,DRIFT,29.20523,True,8,,75,DEGRADED
sht30_temperature_v02,1,2603,2604137,SHT30,temperature_C,INJECTION,27.38194,True,DRIFT,True,DRIFT,29.28193,True,8,,75,DEGRADED
sht30_temperature_v02,1,2604,2605137,SHT30,temperature_C,INJECTION,27.38194,True,DRIFT,True,DRIFT,29.33194,True,8,,75,DEGRADED
sht30_temperature_v02,1,2605,2606137,SHT30,temperature_C,INJECTION,27.38194,True,DRIFT,True,DRIFT,29.38194,True,8,,75,DEGRADED
sht30_temperature_v02,1,2606,2607137,SHT30,temperature_C,INJECTION,27.38194,True,DRIFT,True,DRIFT,29.43193,True,8,,75,DEGRADED
sht30_temperature_v02,1,2607,2608137,SHT30,temperature_C,INJECTION,27.38194,True,DRIFT,True,DRIFT,29.48194,True,8,,75,DEGRADED
sht30_temperature_v02,1,2608,2609137,SHT30,temperature_C,INJECTION,27.36858,True,DRIFT,True,DRIFT,29.51858,True,8,,75,DEGRADED
sht30_temperature_v02,1,2609,2610137,SHT30,temperature_C,INJECTION,27.36858,True,DRIFT,True,DRIFT,29.56858,True,8,,75,DEGRADED
sht30_temperature_v02,1,2610,2611137,SHT30,temperature_C,INJECTION,27.36858,True,DRIFT,True,DRIFT,29.61858,True,8,,75,DEGRADED
sht30_temperature_v02,1,2611,2612137,SHT30,temperature_C,INJECTION,27.38194,True,DRIFT,True,DRIFT,29.68193,True,8,,75,DEGRADED
sht30_temperature_v02,1,2612,2613137,SHT30,temperature_C,INJECTION,27.36858,True,DRIFT,True,DRIFT,29.71858,True,8,,75,DEGRADED
sht30_temperature_v02,1,2613,2614137,SHT30,temperature_C,INJECTION,27.38194,True,DRIFT,True,DRIFT,29.78193,True,8,,75,DEGRADED
sht30_temperature_v02,1,2614,2615137,SHT30,temperature_C,INJECTION,27.39796,True,DRIFT,True,DRIFT,29.84796,True,8,,75,DEGRADED
sht30_temperature_v02,1,2615,2616137,SHT30,temperature_C,INJECTION,27.38194,True,DRIFT,True,DRIFT,29.88194,True,8,,75,DEGRADED
sht30_temperature_v02,1,2616,2617137,SHT30,temperature_C,INJECTION,27.38194,True,DRIFT,True,DRIFT,29.93193,True,8,,75,DEGRADED
sht30_temperature_v02,1,2617,2618137,SHT30,temperature_C,INJECTION,27.39796,True,DRIFT,True,DRIFT,29.99796,True,8,,75,DEGRADED
sht30_temperature_v02,1,2618,2619137,SHT30,temperature_C,INJECTION,27.36858,True,DRIFT,True,DRIFT,30.01858,True,8,,75,DEGRADED
sht30_temperature_v02,1,2619,2620137,SHT30,temperature_C,INJECTION,27.38194,True,DRIFT,True,DRIFT,30.08194,True,8,,75,DEGRADED
sht30_temperature_v02,1,2620,2621137,SHT30,temperature_C,INJECTION,27.35523,True,DRIFT,True,DRIFT,30.10523,True,8,,75,DEGRADED
sht30_temperature_v02,1,2621,2622137,SHT30,temperature_C,INJECTION,27.38194,True,DRIFT,True,DRIFT,30.18193,True,8,,75,DEGRADED
sht30_temperature_v02,1,2622,2623137,SHT30,temperature_C,INJECTION,27.39796,True,DRIFT,True,DRIFT,30.24796,True,8,,75,DEGRADED
sht30_temperature_v02,1,2623,2624137,SHT30,temperature_C,INJECTION,27.38194,True,DRIFT,True,DRIFT,30.28193,True,8,,75,DEGRADED
sht30_temperature_v02,1,2624,2625137,SHT30,temperature_C,INJECTION,27.39796,True,DRIFT,True,DRIFT,30.34796,True,8,,75,DEGRADED
sht30_temperature_v02,1,2625,2626137,SHT30,temperature_C,INJECTION,27.38194,True,DRIFT,True,DRIFT,30.38194,True,8,,75,DEGRADED
sht30_temperature_v02,1,2626,2627137,SHT30,temperature_C,INJECTION,27.38194,True,DRIFT,True,DRIFT,30.43193,True,8,,75,DEGRADED
sht30_temperature_v02,1,2627,2628137,SHT30,temperature_C,INJECTION,27.39796,True,DRIFT,True,DRIFT,30.49796,True,8,,75,DEGRADED
sht30_temperature_v02,1,2628,2629137,SHT30,temperature_C,INJECTION,27.36858,True,DRIFT,True,DRIFT,30.51858,True,8,,75,DEGRADED
sht30_temperature_v02,1,2629,2630137,SHT30,temperature_C,INJECTION,27.36858,True,DRIFT,True,DRIFT,30.56858,True,8,,75,DEGRADED
sht30_temperature_v02,1,2630,2631137,SHT30,temperature_C,INJECTION,27.36858,True,DRIFT,True,DRIFT,30.61858,True,8,,75,DEGRADED
sht30_temperature_v02,1,2631,2632137,SHT30,temperature_C,INJECTION,27.38194,True,DRIFT,True,DRIFT,30.68193,True,8,,75,DEGRADED
sht30_temperature_v02,1,2632,2633137,SHT30,temperature_C,INJECTION,27.38194,True,DRIFT,True,DRIFT,30.73194,True,8,,75,DEGRADED
sht30_temperature_v02,1,2633,2634137,SHT30,temperature_C,INJECTION,27.38194,True,DRIFT,True,DRIFT,30.78193,True,8,,75,DEGRADED
sht30_temperature_v02,1,2634,2635137,SHT30,temperature_C,INJECTION,27.39796,True,DRIFT,True,DRIFT,30.84796,True,8,,75,DEGRADED
sht30_temperature_v02,1,2635,2636137,SHT30,temperature_C,INJECTION,27.36858,True,DRIFT,True,DRIFT,30.86858,True,8,,75,DEGRADED
sht30_temperature_v02,1,2636,2637137,SHT30,temperature_C,INJECTION,27.38194,True,DRIFT,True,DRIFT,30.93193,True,8,,75,DEGRADED
sht30_temperature_v02,1,2637,2638137,SHT30,temperature_C,INJECTION,27.36858,True,DRIFT,True,DRIFT,30.96858,True,8,,75,DEGRADED
sht30_temperature_v02,1,2638,2639137,SHT30,temperature_C,INJECTION,27.38194,True,DRIFT,True,DRIFT,31.03193,True,8,,75,DEGRADED
sht30_temperature_v02,1,2639,2640137,SHT30,temperature_C,INJECTION,27.35523,True,DRIFT,True,DRIFT,31.05523,True,8,,75,DEGRADED
sht30_temperature_v02,1,2640,2641137,SHT30,temperature_C,INJECTION,27.36858,True,DRIFT,True,DRIFT,31.11858,True,8,,75,DEGRADED
sht30_temperature_v02,1,2641,2642137,SHT30,temperature_C,INJECTION,27.36858,True,DRIFT,True,DRIFT,31.16858,True,8,,75,DEGRADED
sht30_temperature_v02,1,2642,2643137,SHT30,temperature_C,INJECTION,27.36858,True,DRIFT,True,DRIFT,31.21858,True,8,,75,DEGRADED
sht30_temperature_v02,1,2643,2644137,SHT30,temperature_C,INJECTION,27.35523,True,DRIFT,True,DRIFT,31.25523,True,8,,75,DEGRADED
sht30_temperature_v02,1,2644,2645137,SHT30,temperature_C,INJECTION,27.35523,True,DRIFT,True,DRIFT,31.30523,True,8,,75,DEGRADED
sht30_temperature_v02,1,2645,2646137,SHT30,temperature_C,INJECTION,27.35523,True,DRIFT,True,DRIFT,31.35523,True,8,,75,DEGRADED
sht30_temperature_v02,1,2646,2647137,SHT30,temperature_C,INJECTION,27.33921,True,DRIFT,True,DRIFT,31.38921,True,8,,75,DEGRADED
sht30_temperature_v02,1,2647,2648137,SHT30,temperature_C,INJECTION,27.36858,True,DRIFT,True,DRIFT,31.46858,True,8,,75,DEGRADED
sht30_temperature_v02,1,2648,2649137,SHT30,temperature_C,INJECTION,27.36858,True,DRIFT,True,DRIFT,31.51858,True,8,,75,DEGRADED
sht30_temperature_v02,1,2649,2650137,SHT30,temperature_C,INJECTION,27.36858,True,DRIFT,True,DRIFT,31.56858,True,8,,75,DEGRADED
sht30_temperature_v02,1,2650,2651137,SHT30,temperature_C,INJECTION,27.36858,True,DRIFT,True,DRIFT,31.61858,True,8,,75,DEGRADED
sht30_temperature_v02,1,2651,2652137,SHT30,temperature_C,INJECTION,27.36858,True,DRIFT,True,DRIFT,31.66858,True,8,,75,DEGRADED
sht30_temperature_v02,1,2652,2653137,SHT30,temperature_C,INJECTION,27.36858,True,DRIFT,True,DRIFT,31.71858,True,8,,75,DEGRADED
sht30_temperature_v02,1,2653,2654137,SHT30,temperature_C,INJECTION,27.36858,True,DRIFT,True,DRIFT,31.76858,True,8,,75,DEGRADED
sht30_temperature_v02,1,2654,2655137,SHT30,temperature_C,INJECTION,27.38194,True,DRIFT,True,DRIFT,31.83194,True,8,,75,DEGRADED
sht30_temperature_v02,1,2655,2656137,SHT30,temperature_C,RECOVERY,27.38194,True,PASS,False,NONE,27.38194,True,4,,75,DEGRADED
sht30_temperature_v02,1,2656,2657137,SHT30,temperature_C,RECOVERY,27.39796,True,PASS,False,NONE,27.39796,True,0,,100,HEALTHY
sht30_temperature_v02,1,2657,2658137,SHT30,temperature_C,RECOVERY,27.38194,True,PASS,False,NONE,27.38194,True,0,,100,HEALTHY
sht30_temperature_v02,1,2658,2659137,SHT30,temperature_C,RECOVERY,27.38194,True,PASS,False,NONE,27.38194,True,0,,100,HEALTHY
sht30_temperature_v02,1,2659,2660137,SHT30,temperature_C,RECOVERY,27.38194,True,PASS,False,NONE,27.38194,True,0,,100,HEALTHY
sht30_temperature_v02,1,2660,2661137,SHT30,temperature_C,RECOVERY,27.36858,True,PASS,False,NONE,27.36858,True,0,,100,HEALTHY
sht30_temperature_v02,1,2661,2662137,SHT30,temperature_C,RECOVERY,27.38194,True,PASS,False,NONE,27.38194,True,0,,100,HEALTHY
sht30_temperature_v02,1,2662,2663137,SHT30,temperature_C,RECOVERY,27.38194,True,PASS,False,NONE,27.38194,True,0,,100,HEALTHY
sht30_temperature_v02,1,2663,2664137,SHT30,temperature_C,RECOVERY,27.38194,True,PASS,False,NONE,27.38194,True,0,,100,HEALTHY
sht30_temperature_v02,1,2664,2665137,SHT30,temperature_C,RECOVERY,27.38194,True,PASS,False,NONE,27.38194,True,0,,100,HEALTHY
sht30_temperature_v02,1,2665,2666137,SHT30,temperature_C,RECOVERY,27.38194,True,PASS,False,NONE,27.38194,True,0,,100,HEALTHY
sht30_temperature_v02,1,2666,2667137,SHT30,temperature_C,RECOVERY,27.39796,True,PASS,False,NONE,27.39796,True,0,,100,HEALTHY
sht30_temperature_v02,1,2667,2668137,SHT30,temperature_C,RECOVERY,27.38194,True,PASS,False,NONE,27.38194,True,0,,100,HEALTHY
sht30_temperature_v02,1,2668,2669137,SHT30,temperature_C,RECOVERY,27.36858,True,PASS,False,NONE,27.36858,True,0,,100,HEALTHY
sht30_temperature_v02,1,2669,2670137,SHT30,temperature_C,RECOVERY,27.39796,True,PASS,False,NONE,27.39796,True,0,,100,HEALTHY
sht30_temperature_v02,1,2670,2671137,SHT30,temperature_C,RECOVERY,27.41131,True,PASS,False,NONE,27.41131,True,0,,100,HEALTHY
sht30_temperature_v02,1,2671,2672137,SHT30,temperature_C,RECOVERY,27.36858,True,PASS,False,NONE,27.36858,True,0,,100,HEALTHY
sht30_temperature_v02,1,2672,2673137,SHT30,temperature_C,RECOVERY,27.36858,True,PASS,False,NONE,27.36858,True,0,,100,HEALTHY
sht30_temperature_v02,1,2673,2674137,SHT30,temperature_C,RECOVERY,27.39796,True,PASS,False,NONE,27.39796,True,0,,100,HEALTHY
sht30_temperature_v02,1,2674,2675137,SHT30,temperature_C,RECOVERY,27.42466,True,PASS,False,NONE,27.42466,True,0,,100,HEALTHY
sht30_temperature_v02,1,2675,2676137,SHT30,temperature_C,RECOVERY,27.39796,True,PASS,False,NONE,27.39796,True,0,,100,HEALTHY
sht30_temperature_v02,1,2676,2677137,SHT30,temperature_C,RECOVERY,27.41131,True,PASS,False,NONE,27.41131,True,0,,100,HEALTHY
sht30_temperature_v02,1,2677,2678137,SHT30,temperature_C,RECOVERY,27.42466,True,PASS,False,NONE,27.42466,True,0,,100,HEALTHY
sht30_temperature_v02,1,2678,2679137,SHT30,temperature_C,RECOVERY,27.39796,True,PASS,False,NONE,27.39796,True,0,,100,HEALTHY
sht30_temperature_v02,1,2679,2680137,SHT30,temperature_C,RECOVERY,27.41131,True,PASS,False,NONE,27.41131,True,0,,100,HEALTHY
sht30_temperature_v02,1,2680,2681137,SHT30,temperature_C,RECOVERY,27.39796,True,PASS,False,NONE,27.39796,True,0,,100,HEALTHY
sht30_temperature_v02,1,2681,2682137,SHT30,temperature_C,RECOVERY,27.39796,True,PASS,False,NONE,27.39796,True,0,,100,HEALTHY
sht30_temperature_v02,1,2682,2683137,SHT30,temperature_C,RECOVERY,27.39796,True,PASS,False,NONE,27.39796,True,0,,100,HEALTHY
sht30_temperature_v02,1,2683,2684137,SHT30,temperature_C,RECOVERY,27.38194,True,PASS,False,NONE,27.38194,True,0,,100,HEALTHY
sht30_temperature_v02,1,2684,2685137,SHT30,temperature_C,RECOVERY,27.39796,True,PASS,False,NONE,27.39796,True,0,,100,HEALTHY
sht30_temperature_v02,1,2685,2686137,SHT30,temperature_C,RECOVERY,27.39796,True,PASS,False,NONE,27.39796,True,0,,100,HEALTHY
sht30_temperature_v02,1,2686,2687137,SHT30,temperature_C,RECOVERY,27.41131,True,PASS,False,NONE,27.41131,True,0,,100,HEALTHY
sht30_temperature_v02,1,2687,2688137,SHT30,temperature_C,RECOVERY,27.41131,True,PASS,False,NONE,27.41131,True,0,,100,HEALTHY
sht30_temperature_v02,1,2688,2689137,SHT30,temperature_C,RECOVERY,27.41131,True,PASS,False,NONE,27.41131,True,0,,100,HEALTHY
sht30_temperature_v02,1,2689,2690137,SHT30,temperature_C,RECOVERY,27.41131,True,PASS,False,NONE,27.41131,True,0,,100,HEALTHY
sht30_temperature_v02,1,2690,2691137,SHT30,temperature_C,RECOVERY,27.42466,True,PASS,False,NONE,27.42466,True,0,,100,HEALTHY
sht30_temperature_v02,1,2691,2692137,SHT30,temperature_C,RECOVERY,27.41131,True,PASS,False,NONE,27.41131,True,0,,100,HEALTHY
sht30_temperature_v02,1,2692,2693137,SHT30,temperature_C,RECOVERY,27.41131,True,PASS,False,NONE,27.41131,True,0,,100,HEALTHY
sht30_temperature_v02,1,2693,2694137,SHT30,temperature_C,RECOVERY,27.41131,True,PASS,False,NONE,27.41131,True,0,,100,HEALTHY
sht30_temperature_v02,1,2694,2695137,SHT30,temperature_C,RECOVERY,27.42466,True,PASS,False,NONE,27.42466,True,0,,100,HEALTHY
sht30_temperature_v02,1,2695,2696137,SHT30,temperature_C,RECOVERY,27.43801,True,PASS,False,NONE,27.43801,True,0,,100,HEALTHY
sht30_temperature_v02,1,2696,2697137,SHT30,temperature_C,RECOVERY,27.43801,True,PASS,False,NONE,27.43801,True,0,,100,HEALTHY
sht30_temperature_v02,1,2697,2698137,SHT30,temperature_C,RECOVERY,27.43801,True,PASS,False,NONE,27.43801,True,0,,100,HEALTHY
sht30_temperature_v02,1,2698,2699137,SHT30,temperature_C,RECOVERY,27.41131,True,PASS,False,NONE,27.41131,True,0,,100,HEALTHY
sht30_temperature_v02,1,2699,2700137,SHT30,temperature_C,RECOVERY,27.43801,True,PASS,False,NONE,27.43801,True,0,,100,HEALTHY
sht30_temperature_v02,1,2700,2701137,SHT30,temperature_C,RECOVERY,27.39796,True,PASS,False,NONE,27.39796,True,0,,100,HEALTHY
sht30_temperature_v02,1,2701,2702137,SHT30,temperature_C,RECOVERY,27.43801,True,PASS,False,NONE,27.43801,True,0,,100,HEALTHY
sht30_temperature_v02,1,2702,2703137,SHT30,temperature_C,RECOVERY,27.43801,True,PASS,False,NONE,27.43801,True,0,,100,HEALTHY
sht30_temperature_v02,1,2703,2704137,SHT30,temperature_C,RECOVERY,27.39796,True,PASS,False,NONE,27.39796,True,0,,100,HEALTHY
sht30_temperature_v02,1,2704,2705137,SHT30,temperature_C,RECOVERY,27.42466,True,PASS,False,NONE,27.42466,True,0,,100,HEALTHY
sht30_temperature_v02,1,2705,2706137,SHT30,temperature_C,RECOVERY,27.43801,True,PASS,False,NONE,27.43801,True,0,,100,HEALTHY
sht30_temperature_v02,1,2706,2707137,SHT30,temperature_C,RECOVERY,27.42466,True,PASS,False,NONE,27.42466,True,0,,100,HEALTHY
sht30_temperature_v02,1,2707,2708137,SHT30,temperature_C,RECOVERY,27.42466,True,PASS,False,NONE,27.42466,True,0,,100,HEALTHY
sht30_temperature_v02,1,2708,2709137,SHT30,temperature_C,RECOVERY,27.42466,True,PASS,False,NONE,27.42466,True,0,,100,HEALTHY
sht30_temperature_v02,1,2709,2710137,SHT30,temperature_C,RECOVERY,27.43801,True,PASS,False,NONE,27.43801,True,0,,100,HEALTHY
sht30_temperature_v02,2,2710,2711137,SHT30,temperature_C,INJECTION,27.42466,True,DRIFT,True,DRIFT,27.42466,True,0,,100,HEALTHY
sht30_temperature_v02,2,2711,2712137,SHT30,temperature_C,INJECTION,27.43801,True,DRIFT,True,DRIFT,27.48801,True,0,,100,HEALTHY
sht30_temperature_v02,2,2712,2713137,SHT30,temperature_C,INJECTION,27.42466,True,DRIFT,True,DRIFT,27.52466,True,0,,100,HEALTHY
sht30_temperature_v02,2,2713,2714137,SHT30,temperature_C,INJECTION,27.41131,True,DRIFT,True,DRIFT,27.56131,True,0,,100,HEALTHY
sht30_temperature_v02,2,2714,2715137,SHT30,temperature_C,INJECTION,27.41131,True,DRIFT,True,DRIFT,27.61131,True,0,,100,HEALTHY
sht30_temperature_v02,2,2715,2716137,SHT30,temperature_C,INJECTION,27.41131,True,DRIFT,True,DRIFT,27.66131,True,0,,100,HEALTHY
sht30_temperature_v02,2,2716,2717137,SHT30,temperature_C,INJECTION,27.42466,True,DRIFT,True,DRIFT,27.72466,True,0,,100,HEALTHY
sht30_temperature_v02,2,2717,2718137,SHT30,temperature_C,INJECTION,27.42466,True,DRIFT,True,DRIFT,27.77466,True,0,,100,HEALTHY
sht30_temperature_v02,2,2718,2719137,SHT30,temperature_C,INJECTION,27.43801,True,DRIFT,True,DRIFT,27.83801,True,0,,100,HEALTHY
sht30_temperature_v02,2,2719,2720137,SHT30,temperature_C,INJECTION,27.43801,True,DRIFT,True,DRIFT,27.88801,True,0,,100,HEALTHY
sht30_temperature_v02,2,2720,2721137,SHT30,temperature_C,INJECTION,27.42466,True,DRIFT,True,DRIFT,27.92466,True,0,,100,HEALTHY
sht30_temperature_v02,2,2721,2722137,SHT30,temperature_C,INJECTION,27.42466,True,DRIFT,True,DRIFT,27.97466,True,0,,100,HEALTHY
sht30_temperature_v02,2,2722,2723137,SHT30,temperature_C,INJECTION,27.41131,True,DRIFT,True,DRIFT,28.01131,True,0,,100,HEALTHY
sht30_temperature_v02,2,2723,2724137,SHT30,temperature_C,INJECTION,27.41131,True,DRIFT,True,DRIFT,28.06131,True,0,,100,HEALTHY
sht30_temperature_v02,2,2724,2725137,SHT30,temperature_C,INJECTION,27.42466,True,DRIFT,True,DRIFT,28.12466,True,0,,100,HEALTHY
sht30_temperature_v02,2,2725,2726137,SHT30,temperature_C,INJECTION,27.41131,True,DRIFT,True,DRIFT,28.16131,True,0,,100,HEALTHY
sht30_temperature_v02,2,2726,2727137,SHT30,temperature_C,INJECTION,27.45403,True,DRIFT,True,DRIFT,28.25403,True,0,,100,HEALTHY
sht30_temperature_v02,2,2727,2728137,SHT30,temperature_C,INJECTION,27.42466,True,DRIFT,True,DRIFT,28.27466,True,0,,100,HEALTHY
sht30_temperature_v02,2,2728,2729137,SHT30,temperature_C,INJECTION,27.42466,True,DRIFT,True,DRIFT,28.32466,True,0,,100,HEALTHY
sht30_temperature_v02,2,2729,2730137,SHT30,temperature_C,INJECTION,27.41131,True,DRIFT,True,DRIFT,28.36131,True,0,,100,HEALTHY
sht30_temperature_v02,2,2730,2731137,SHT30,temperature_C,INJECTION,27.41131,True,DRIFT,True,DRIFT,28.41131,True,0,,100,HEALTHY
sht30_temperature_v02,2,2731,2732137,SHT30,temperature_C,INJECTION,27.41131,True,DRIFT,True,DRIFT,28.46131,True,0,,100,HEALTHY
sht30_temperature_v02,2,2732,2733137,SHT30,temperature_C,INJECTION,27.42466,True,DRIFT,True,DRIFT,28.52466,True,0,,100,HEALTHY
sht30_temperature_v02,2,2733,2734137,SHT30,temperature_C,INJECTION,27.43801,True,DRIFT,True,DRIFT,28.58801,True,0,,100,HEALTHY
sht30_temperature_v02,2,2734,2735137,SHT30,temperature_C,INJECTION,27.43801,True,DRIFT,True,DRIFT,28.63801,True,0,,100,HEALTHY
sht30_temperature_v02,2,2735,2736137,SHT30,temperature_C,INJECTION,27.46738,True,DRIFT,True,DRIFT,28.71738,True,0,,100,HEALTHY
sht30_temperature_v02,2,2736,2737137,SHT30,temperature_C,INJECTION,27.43801,True,DRIFT,True,DRIFT,28.73801,True,0,,100,HEALTHY
sht30_temperature_v02,2,2737,2738137,SHT30,temperature_C,INJECTION,27.43801,True,DRIFT,True,DRIFT,28.78801,True,0,,100,HEALTHY
sht30_temperature_v02,2,2738,2739137,SHT30,temperature_C,INJECTION,27.43801,True,DRIFT,True,DRIFT,28.83801,True,0,,100,HEALTHY
sht30_temperature_v02,2,2739,2740137,SHT30,temperature_C,INJECTION,27.43801,True,DRIFT,True,DRIFT,28.88801,True,0,,100,HEALTHY
sht30_temperature_v02,2,2740,2741137,SHT30,temperature_C,INJECTION,27.45403,True,DRIFT,True,DRIFT,28.95403,True,8,,75,DEGRADED
sht30_temperature_v02,2,2741,2742137,SHT30,temperature_C,INJECTION,27.41131,True,DRIFT,True,DRIFT,28.96131,True,8,,75,DEGRADED
sht30_temperature_v02,2,2742,2743137,SHT30,temperature_C,INJECTION,27.42466,True,DRIFT,True,DRIFT,29.02466,True,8,,75,DEGRADED
sht30_temperature_v02,2,2743,2744137,SHT30,temperature_C,INJECTION,27.42466,True,DRIFT,True,DRIFT,29.07466,True,8,,75,DEGRADED
sht30_temperature_v02,2,2744,2745137,SHT30,temperature_C,INJECTION,27.43801,True,DRIFT,True,DRIFT,29.13801,True,8,,75,DEGRADED
sht30_temperature_v02,2,2745,2746137,SHT30,temperature_C,INJECTION,27.45403,True,DRIFT,True,DRIFT,29.20403,True,8,,75,DEGRADED
sht30_temperature_v02,2,2746,2747137,SHT30,temperature_C,INJECTION,27.43801,True,DRIFT,True,DRIFT,29.23801,True,8,,75,DEGRADED
sht30_temperature_v02,2,2747,2748137,SHT30,temperature_C,INJECTION,27.45403,True,DRIFT,True,DRIFT,29.30403,True,8,,75,DEGRADED
sht30_temperature_v02,2,2748,2749137,SHT30,temperature_C,INJECTION,27.46738,True,DRIFT,True,DRIFT,29.36738,True,8,,75,DEGRADED
sht30_temperature_v02,2,2749,2750137,SHT30,temperature_C,INJECTION,27.45403,True,DRIFT,True,DRIFT,29.40403,True,8,,75,DEGRADED
sht30_temperature_v02,2,2750,2751137,SHT30,temperature_C,INJECTION,27.46738,True,DRIFT,True,DRIFT,29.46738,True,8,,75,DEGRADED
sht30_temperature_v02,2,2751,2752137,SHT30,temperature_C,INJECTION,27.45403,True,DRIFT,True,DRIFT,29.50403,True,8,,75,DEGRADED
sht30_temperature_v02,2,2752,2753137,SHT30,temperature_C,INJECTION,27.45403,True,DRIFT,True,DRIFT,29.55403,True,8,,75,DEGRADED
sht30_temperature_v02,2,2753,2754137,SHT30,temperature_C,INJECTION,27.45403,True,DRIFT,True,DRIFT,29.60403,True,8,,75,DEGRADED
sht30_temperature_v02,2,2754,2755137,SHT30,temperature_C,INJECTION,27.46738,True,DRIFT,True,DRIFT,29.66739,True,8,,75,DEGRADED
sht30_temperature_v02,2,2755,2756137,SHT30,temperature_C,INJECTION,27.45403,True,DRIFT,True,DRIFT,29.70403,True,8,,75,DEGRADED
sht30_temperature_v02,2,2756,2757137,SHT30,temperature_C,INJECTION,27.45403,True,DRIFT,True,DRIFT,29.75403,True,8,,75,DEGRADED
sht30_temperature_v02,2,2757,2758137,SHT30,temperature_C,INJECTION,27.45403,True,DRIFT,True,DRIFT,29.80403,True,8,,75,DEGRADED
sht30_temperature_v02,2,2758,2759137,SHT30,temperature_C,INJECTION,27.48074,True,DRIFT,True,DRIFT,29.88074,True,8,,75,DEGRADED
sht30_temperature_v02,2,2759,2760137,SHT30,temperature_C,INJECTION,27.46738,True,DRIFT,True,DRIFT,29.91739,True,8,,75,DEGRADED
sht30_temperature_v02,2,2760,2761137,SHT30,temperature_C,INJECTION,27.45403,True,DRIFT,True,DRIFT,29.95403,True,8,,75,DEGRADED
sht30_temperature_v02,2,2761,2762137,SHT30,temperature_C,INJECTION,27.45403,True,DRIFT,True,DRIFT,30.00403,True,8,,75,DEGRADED
sht30_temperature_v02,2,2762,2763137,SHT30,temperature_C,INJECTION,27.45403,True,DRIFT,True,DRIFT,30.05403,True,8,,75,DEGRADED
sht30_temperature_v02,2,2763,2764137,SHT30,temperature_C,INJECTION,27.43801,True,DRIFT,True,DRIFT,30.08801,True,8,,75,DEGRADED
sht30_temperature_v02,2,2764,2765137,SHT30,temperature_C,INJECTION,27.46738,True,DRIFT,True,DRIFT,30.16739,True,8,,75,DEGRADED
sht30_temperature_v02,2,2765,2766137,SHT30,temperature_C,INJECTION,27.45403,True,DRIFT,True,DRIFT,30.20403,True,8,,75,DEGRADED
sht30_temperature_v02,2,2766,2767137,SHT30,temperature_C,INJECTION,27.43801,True,DRIFT,True,DRIFT,30.23801,True,8,,75,DEGRADED
sht30_temperature_v02,2,2767,2768137,SHT30,temperature_C,INJECTION,27.45403,True,DRIFT,True,DRIFT,30.30403,True,8,,75,DEGRADED
sht30_temperature_v02,2,2768,2769137,SHT30,temperature_C,INJECTION,27.45403,True,DRIFT,True,DRIFT,30.35403,True,8,,75,DEGRADED
sht30_temperature_v02,2,2769,2770137,SHT30,temperature_C,INJECTION,27.45403,True,DRIFT,True,DRIFT,30.40403,True,8,,75,DEGRADED
sht30_temperature_v02,2,2770,2771137,SHT30,temperature_C,INJECTION,27.45403,True,DRIFT,True,DRIFT,30.45403,True,8,,75,DEGRADED
sht30_temperature_v02,2,2771,2772137,SHT30,temperature_C,INJECTION,27.43801,True,DRIFT,True,DRIFT,30.48801,True,8,,75,DEGRADED
sht30_temperature_v02,2,2772,2773137,SHT30,temperature_C,INJECTION,27.45403,True,DRIFT,True,DRIFT,30.55403,True,8,,75,DEGRADED
sht30_temperature_v02,2,2773,2774137,SHT30,temperature_C,INJECTION,27.45403,True,DRIFT,True,DRIFT,30.60403,True,8,,75,DEGRADED
sht30_temperature_v02,2,2774,2775137,SHT30,temperature_C,INJECTION,27.46738,True,DRIFT,True,DRIFT,30.66739,True,8,,75,DEGRADED
sht30_temperature_v02,2,2775,2776137,SHT30,temperature_C,INJECTION,27.48074,True,DRIFT,True,DRIFT,30.73074,True,8,,75,DEGRADED
sht30_temperature_v02,2,2776,2777137,SHT30,temperature_C,INJECTION,27.46738,True,DRIFT,True,DRIFT,30.76738,True,8,,75,DEGRADED
sht30_temperature_v02,2,2777,2778137,SHT30,temperature_C,INJECTION,27.46738,True,DRIFT,True,DRIFT,30.81738,True,8,,75,DEGRADED
sht30_temperature_v02,2,2778,2779137,SHT30,temperature_C,INJECTION,27.45403,True,DRIFT,True,DRIFT,30.85403,True,8,,75,DEGRADED
sht30_temperature_v02,2,2779,2780137,SHT30,temperature_C,INJECTION,27.48074,True,DRIFT,True,DRIFT,30.93074,True,8,,75,DEGRADED
sht30_temperature_v02,2,2780,2781137,SHT30,temperature_C,INJECTION,27.45403,True,DRIFT,True,DRIFT,30.95403,True,8,,75,DEGRADED
sht30_temperature_v02,2,2781,2782137,SHT30,temperature_C,INJECTION,27.48074,True,DRIFT,True,DRIFT,31.03074,True,8,,75,DEGRADED
sht30_temperature_v02,2,2782,2783137,SHT30,temperature_C,INJECTION,27.46738,True,DRIFT,True,DRIFT,31.06738,True,8,,75,DEGRADED
sht30_temperature_v02,2,2783,2784137,SHT30,temperature_C,INJECTION,27.46738,True,DRIFT,True,DRIFT,31.11738,True,8,,75,DEGRADED
sht30_temperature_v02,2,2784,2785137,SHT30,temperature_C,INJECTION,27.48074,True,DRIFT,True,DRIFT,31.18074,True,8,,75,DEGRADED
sht30_temperature_v02,2,2785,2786137,SHT30,temperature_C,INJECTION,27.43801,True,DRIFT,True,DRIFT,31.18801,True,8,,75,DEGRADED
sht30_temperature_v02,2,2786,2787137,SHT30,temperature_C,INJECTION,27.45403,True,DRIFT,True,DRIFT,31.25403,True,8,,75,DEGRADED
sht30_temperature_v02,2,2787,2788137,SHT30,temperature_C,INJECTION,27.48074,True,DRIFT,True,DRIFT,31.33074,True,8,,75,DEGRADED
sht30_temperature_v02,2,2788,2789137,SHT30,temperature_C,INJECTION,27.49409,True,DRIFT,True,DRIFT,31.39409,True,8,,75,DEGRADED
sht30_temperature_v02,2,2789,2790137,SHT30,temperature_C,INJECTION,27.48074,True,DRIFT,True,DRIFT,31.43074,True,8,,75,DEGRADED
sht30_temperature_v02,2,2790,2791137,SHT30,temperature_C,INJECTION,27.43801,True,DRIFT,True,DRIFT,31.43801,True,8,,75,DEGRADED
sht30_temperature_v02,2,2791,2792137,SHT30,temperature_C,INJECTION,27.49409,True,DRIFT,True,DRIFT,31.54409,True,8,,75,DEGRADED
sht30_temperature_v02,2,2792,2793137,SHT30,temperature_C,INJECTION,27.51011,True,DRIFT,True,DRIFT,31.61011,True,8,,75,DEGRADED
sht30_temperature_v02,2,2793,2794137,SHT30,temperature_C,INJECTION,27.46738,True,DRIFT,True,DRIFT,31.61738,True,8,,75,DEGRADED
sht30_temperature_v02,2,2794,2795137,SHT30,temperature_C,INJECTION,27.48074,True,DRIFT,True,DRIFT,31.68074,True,8,,75,DEGRADED
sht30_temperature_v02,2,2795,2796137,SHT30,temperature_C,INJECTION,27.48074,True,DRIFT,True,DRIFT,31.73074,True,8,,75,DEGRADED
sht30_temperature_v02,2,2796,2797137,SHT30,temperature_C,INJECTION,27.48074,True,DRIFT,True,DRIFT,31.78074,True,8,,75,DEGRADED
sht30_temperature_v02,2,2797,2798137,SHT30,temperature_C,INJECTION,27.51011,True,DRIFT,True,DRIFT,31.86011,True,8,,75,DEGRADED
sht30_temperature_v02,2,2798,2799137,SHT30,temperature_C,INJECTION,27.46738,True,DRIFT,True,DRIFT,31.86738,True,8,,75,DEGRADED
sht30_temperature_v02,2,2799,2800137,SHT30,temperature_C,INJECTION,27.48074,True,DRIFT,True,DRIFT,31.93074,True,8,,75,DEGRADED
sht30_temperature_v02,2,2800,2801137,SHT30,temperature_C,RECOVERY,27.46738,True,PASS,False,NONE,27.46738,True,4,,75,DEGRADED
sht30_temperature_v02,2,2801,2802137,SHT30,temperature_C,RECOVERY,27.48074,True,PASS,False,NONE,27.48074,True,0,,100,HEALTHY
sht30_temperature_v02,2,2802,2803137,SHT30,temperature_C,RECOVERY,27.49409,True,PASS,False,NONE,27.49409,True,0,,100,HEALTHY
sht30_temperature_v02,2,2803,2804137,SHT30,temperature_C,RECOVERY,27.49409,True,PASS,False,NONE,27.49409,True,0,,100,HEALTHY
sht30_temperature_v02,2,2804,2805137,SHT30,temperature_C,RECOVERY,27.48074,True,PASS,False,NONE,27.48074,True,0,,100,HEALTHY
sht30_temperature_v02,2,2805,2806137,SHT30,temperature_C,RECOVERY,27.48074,True,PASS,False,NONE,27.48074,True,0,,100,HEALTHY
sht30_temperature_v02,2,2806,2807137,SHT30,temperature_C,RECOVERY,27.48074,True,PASS,False,NONE,27.48074,True,0,,100,HEALTHY
sht30_temperature_v02,2,2807,2808137,SHT30,temperature_C,RECOVERY,27.49409,True,PASS,False,NONE,27.49409,True,0,,100,HEALTHY
sht30_temperature_v02,2,2808,2809137,SHT30,temperature_C,RECOVERY,27.48074,True,PASS,False,NONE,27.48074,True,0,,100,HEALTHY
sht30_temperature_v02,2,2809,2810137,SHT30,temperature_C,RECOVERY,27.49409,True,PASS,False,NONE,27.49409,True,0,,100,HEALTHY
sht30_temperature_v02,2,2810,2811137,SHT30,temperature_C,RECOVERY,27.51011,True,PASS,False,NONE,27.51011,True,0,,100,HEALTHY
sht30_temperature_v02,2,2811,2812137,SHT30,temperature_C,RECOVERY,27.52346,True,PASS,False,NONE,27.52346,True,0,,100,HEALTHY
sht30_temperature_v02,2,2812,2813137,SHT30,temperature_C,RECOVERY,27.51011,True,PASS,False,NONE,27.51011,True,0,,100,HEALTHY
sht30_temperature_v02,2,2813,2814137,SHT30,temperature_C,RECOVERY,27.51011,True,PASS,False,NONE,27.51011,True,0,,100,HEALTHY
sht30_temperature_v02,2,2814,2815137,SHT30,temperature_C,RECOVERY,27.49409,True,PASS,False,NONE,27.49409,True,0,,100,HEALTHY
sht30_temperature_v02,2,2815,2816137,SHT30,temperature_C,RECOVERY,27.49409,True,PASS,False,NONE,27.49409,True,0,,100,HEALTHY
sht30_temperature_v02,2,2816,2817137,SHT30,temperature_C,RECOVERY,27.51011,True,PASS,False,NONE,27.51011,True,0,,100,HEALTHY
sht30_temperature_v02,2,2817,2818137,SHT30,temperature_C,RECOVERY,27.49409,True,PASS,False,NONE,27.49409,True,0,,100,HEALTHY
sht30_temperature_v02,2,2818,2819137,SHT30,temperature_C,RECOVERY,27.49409,True,PASS,False,NONE,27.49409,True,0,,100,HEALTHY
sht30_temperature_v02,2,2819,2820137,SHT30,temperature_C,RECOVERY,27.49409,True,PASS,False,NONE,27.49409,True,0,,100,HEALTHY
sht30_temperature_v02,2,2820,2821137,SHT30,temperature_C,RECOVERY,27.49409,True,PASS,False,NONE,27.49409,True,0,,100,HEALTHY
sht30_temperature_v02,2,2821,2822137,SHT30,temperature_C,RECOVERY,27.51011,True,PASS,False,NONE,27.51011,True,0,,100,HEALTHY
sht30_temperature_v02,2,2822,2823137,SHT30,temperature_C,RECOVERY,27.49409,True,PASS,False,NONE,27.49409,True,0,,100,HEALTHY
sht30_temperature_v02,2,2823,2824137,SHT30,temperature_C,RECOVERY,27.51011,True,PASS,False,NONE,27.51011,True,0,,100,HEALTHY
sht30_temperature_v02,2,2824,2825137,SHT30,temperature_C,RECOVERY,27.49409,True,PASS,False,NONE,27.49409,True,0,,100,HEALTHY
sht30_temperature_v02,2,2825,2826137,SHT30,temperature_C,RECOVERY,27.51011,True,PASS,False,NONE,27.51011,True,0,,100,HEALTHY
sht30_temperature_v02,2,2826,2827137,SHT30,temperature_C,RECOVERY,27.51011,True,PASS,False,NONE,27.51011,True,0,,100,HEALTHY
sht30_temperature_v02,2,2827,2828137,SHT30,temperature_C,RECOVERY,27.48074,True,PASS,False,NONE,27.48074,True,0,,100,HEALTHY
sht30_temperature_v02,2,2828,2829137,SHT30,temperature_C,RECOVERY,27.49409,True,PASS,False,NONE,27.49409,True,0,,100,HEALTHY
sht30_temperature_v02,2,2829,2830137,SHT30,temperature_C,RECOVERY,27.49409,True,PASS,False,NONE,27.49409,True,0,,100,HEALTHY
sht30_temperature_v02,2,2830,2831137,SHT30,temperature_C,RECOVERY,27.46738,True,PASS,False,NONE,27.46738,True,0,,100,HEALTHY
sht30_temperature_v02,2,2831,2832137,SHT30,temperature_C,RECOVERY,27.49409,True,PASS,False,NONE,27.49409,True,0,,100,HEALTHY
sht30_temperature_v02,2,2832,2833137,SHT30,temperature_C,RECOVERY,27.49409,True,PASS,False,NONE,27.49409,True,0,,100,HEALTHY
sht30_temperature_v02,2,2833,2834137,SHT30,temperature_C,RECOVERY,27.51011,True,PASS,False,NONE,27.51011,True,0,,100,HEALTHY
sht30_temperature_v02,2,2834,2835137,SHT30,temperature_C,RECOVERY,27.52346,True,PASS,False,NONE,27.52346,True,0,,100,HEALTHY
sht30_temperature_v02,2,2835,2836137,SHT30,temperature_C,RECOVERY,27.52346,True,PASS,False,NONE,27.52346,True,0,,100,HEALTHY
sht30_temperature_v02,2,2836,2837137,SHT30,temperature_C,RECOVERY,27.49409,True,PASS,False,NONE,27.49409,True,0,,100,HEALTHY
sht30_temperature_v02,2,2837,2838137,SHT30,temperature_C,RECOVERY,27.49409,True,PASS,False,NONE,27.49409,True,0,,100,HEALTHY
sht30_temperature_v02,2,2838,2839137,SHT30,temperature_C,RECOVERY,27.49409,True,PASS,False,NONE,27.49409,True,0,,100,HEALTHY
sht30_temperature_v02,2,2839,2840137,SHT30,temperature_C,RECOVERY,27.51011,True,PASS,False,NONE,27.51011,True,0,,100,HEALTHY
sht30_temperature_v02,2,2840,2841137,SHT30,temperature_C,RECOVERY,27.51011,True,PASS,False,NONE,27.51011,True,0,,100,HEALTHY
sht30_temperature_v02,2,2841,2842137,SHT30,temperature_C,RECOVERY,27.49409,True,PASS,False,NONE,27.49409,True,0,,100,HEALTHY
sht30_temperature_v02,2,2842,2843137,SHT30,temperature_C,RECOVERY,27.49409,True,PASS,False,NONE,27.49409,True,0,,100,HEALTHY
sht30_temperature_v02,2,2843,2844137,SHT30,temperature_C,RECOVERY,27.51011,True,PASS,False,NONE,27.51011,True,0,,100,HEALTHY
sht30_temperature_v02,2,2844,2845137,SHT30,temperature_C,RECOVERY,27.49409,True,PASS,False,NONE,27.49409,True,0,,100,HEALTHY
sht30_temperature_v02,2,2845,2846137,SHT30,temperature_C,RECOVERY,27.49409,True,PASS,False,NONE,27.49409,True,0,,100,HEALTHY
sht30_temperature_v02,2,2846,2847137,SHT30,temperature_C,RECOVERY,27.51011,True,PASS,False,NONE,27.51011,True,0,,100,HEALTHY
sht30_temperature_v02,2,2847,2848137,SHT30,temperature_C,RECOVERY,27.51011,True,PASS,False,NONE,27.51011,True,0,,100,HEALTHY
sht30_temperature_v02,2,2848,2849137,SHT30,temperature_C,RECOVERY,27.52346,True,PASS,False,NONE,27.52346,True,0,,100,HEALTHY
sht30_temperature_v02,2,2849,2850137,SHT30,temperature_C,RECOVERY,27.52346,True,PASS,False,NONE,27.52346,True,0,,100,HEALTHY
sht30_temperature_v02,2,2850,2851137,SHT30,temperature_C,RECOVERY,27.51011,True,PASS,False,NONE,27.51011,True,0,,100,HEALTHY
sht30_temperature_v02,2,2851,2852137,SHT30,temperature_C,RECOVERY,27.49409,True,PASS,False,NONE,27.49409,True,0,,100,HEALTHY
sht30_temperature_v02,2,2852,2853137,SHT30,temperature_C,RECOVERY,27.52346,True,PASS,False,NONE,27.52346,True,0,,100,HEALTHY
sht30_temperature_v02,2,2853,2854137,SHT30,temperature_C,RECOVERY,27.51011,True,PASS,False,NONE,27.51011,True,0,,100,HEALTHY
sht30_temperature_v02,2,2854,2855137,SHT30,temperature_C,RECOVERY,27.51011,True,PASS,False,NONE,27.51011,True,0,,100,HEALTHY
sht30_temperature_v02,3,2855,2856137,SHT30,temperature_C,INJECTION,27.51011,True,DRIFT,True,DRIFT,27.51011,True,0,,100,HEALTHY
sht30_temperature_v02,3,2856,2857137,SHT30,temperature_C,INJECTION,27.53681,True,DRIFT,True,DRIFT,27.58681,True,0,,100,HEALTHY
sht30_temperature_v02,3,2857,2858137,SHT30,temperature_C,INJECTION,27.49409,True,DRIFT,True,DRIFT,27.59409,True,0,,100,HEALTHY
sht30_temperature_v02,3,2858,2859137,SHT30,temperature_C,INJECTION,27.52346,True,DRIFT,True,DRIFT,27.67346,True,0,,100,HEALTHY
sht30_temperature_v02,3,2859,2860137,SHT30,temperature_C,INJECTION,27.51011,True,DRIFT,True,DRIFT,27.71011,True,0,,100,HEALTHY
sht30_temperature_v02,3,2860,2861137,SHT30,temperature_C,INJECTION,27.51011,True,DRIFT,True,DRIFT,27.76011,True,0,,100,HEALTHY
sht30_temperature_v02,3,2861,2862137,SHT30,temperature_C,INJECTION,27.51011,True,DRIFT,True,DRIFT,27.81011,True,0,,100,HEALTHY
sht30_temperature_v02,3,2862,2863137,SHT30,temperature_C,INJECTION,27.51011,True,DRIFT,True,DRIFT,27.86011,True,0,,100,HEALTHY
sht30_temperature_v02,3,2863,2864137,SHT30,temperature_C,INJECTION,27.51011,True,DRIFT,True,DRIFT,27.91011,True,0,,100,HEALTHY
sht30_temperature_v02,3,2864,2865137,SHT30,temperature_C,INJECTION,27.52346,True,DRIFT,True,DRIFT,27.97346,True,0,,100,HEALTHY
sht30_temperature_v02,3,2865,2866137,SHT30,temperature_C,INJECTION,27.51011,True,DRIFT,True,DRIFT,28.01011,True,0,,100,HEALTHY
sht30_temperature_v02,3,2866,2867137,SHT30,temperature_C,INJECTION,27.55016,True,DRIFT,True,DRIFT,28.10016,True,0,,100,HEALTHY
sht30_temperature_v02,3,2867,2868137,SHT30,temperature_C,INJECTION,27.52346,True,DRIFT,True,DRIFT,28.12346,True,0,,100,HEALTHY
sht30_temperature_v02,3,2868,2869137,SHT30,temperature_C,INJECTION,27.52346,True,DRIFT,True,DRIFT,28.17346,True,0,,100,HEALTHY
sht30_temperature_v02,3,2869,2870137,SHT30,temperature_C,INJECTION,27.51011,True,DRIFT,True,DRIFT,28.21011,True,0,,100,HEALTHY
sht30_temperature_v02,3,2870,2871137,SHT30,temperature_C,INJECTION,27.53681,True,DRIFT,True,DRIFT,28.28681,True,0,,100,HEALTHY
sht30_temperature_v02,3,2871,2872137,SHT30,temperature_C,INJECTION,27.52346,True,DRIFT,True,DRIFT,28.32346,True,0,,100,HEALTHY
sht30_temperature_v02,3,2872,2873137,SHT30,temperature_C,INJECTION,27.52346,True,DRIFT,True,DRIFT,28.37346,True,0,,100,HEALTHY
sht30_temperature_v02,3,2873,2874137,SHT30,temperature_C,INJECTION,27.52346,True,DRIFT,True,DRIFT,28.42346,True,0,,100,HEALTHY
sht30_temperature_v02,3,2874,2875137,SHT30,temperature_C,INJECTION,27.52346,True,DRIFT,True,DRIFT,28.47346,True,0,,100,HEALTHY
sht30_temperature_v02,3,2875,2876137,SHT30,temperature_C,INJECTION,27.52346,True,DRIFT,True,DRIFT,28.52346,True,0,,100,HEALTHY
sht30_temperature_v02,3,2876,2877137,SHT30,temperature_C,INJECTION,27.51011,True,DRIFT,True,DRIFT,28.56011,True,0,,100,HEALTHY
sht30_temperature_v02,3,2877,2878137,SHT30,temperature_C,INJECTION,27.51011,True,DRIFT,True,DRIFT,28.61011,True,0,,100,HEALTHY
sht30_temperature_v02,3,2878,2879137,SHT30,temperature_C,INJECTION,27.51011,True,DRIFT,True,DRIFT,28.66011,True,0,,100,HEALTHY
sht30_temperature_v02,3,2879,2880137,SHT30,temperature_C,INJECTION,27.51011,True,DRIFT,True,DRIFT,28.71011,True,0,,100,HEALTHY
sht30_temperature_v02,3,2880,2881137,SHT30,temperature_C,INJECTION,27.49409,True,DRIFT,True,DRIFT,28.74409,True,0,,100,HEALTHY
sht30_temperature_v02,3,2881,2882137,SHT30,temperature_C,INJECTION,27.51011,True,DRIFT,True,DRIFT,28.81011,True,0,,100,HEALTHY
sht30_temperature_v02,3,2882,2883137,SHT30,temperature_C,INJECTION,27.49409,True,DRIFT,True,DRIFT,28.84409,True,0,,100,HEALTHY
sht30_temperature_v02,3,2883,2884137,SHT30,temperature_C,INJECTION,27.51011,True,DRIFT,True,DRIFT,28.91011,True,0,,100,HEALTHY
sht30_temperature_v02,3,2884,2885137,SHT30,temperature_C,INJECTION,27.52346,True,DRIFT,True,DRIFT,28.97346,True,0,,100,HEALTHY
sht30_temperature_v02,3,2885,2886137,SHT30,temperature_C,INJECTION,27.51011,True,DRIFT,True,DRIFT,29.01011,True,8,,75,DEGRADED
sht30_temperature_v02,3,2886,2887137,SHT30,temperature_C,INJECTION,27.51011,True,DRIFT,True,DRIFT,29.06011,True,8,,75,DEGRADED
sht30_temperature_v02,3,2887,2888137,SHT30,temperature_C,INJECTION,27.49409,True,DRIFT,True,DRIFT,29.09409,True,8,,75,DEGRADED
sht30_temperature_v02,3,2888,2889137,SHT30,temperature_C,INJECTION,27.48074,True,DRIFT,True,DRIFT,29.13074,True,8,,75,DEGRADED
sht30_temperature_v02,3,2889,2890137,SHT30,temperature_C,INJECTION,27.51011,True,DRIFT,True,DRIFT,29.21011,True,8,,75,DEGRADED
sht30_temperature_v02,3,2890,2891137,SHT30,temperature_C,INJECTION,27.49409,True,DRIFT,True,DRIFT,29.24409,True,8,,75,DEGRADED
sht30_temperature_v02,3,2891,2892137,SHT30,temperature_C,INJECTION,27.49409,True,DRIFT,True,DRIFT,29.29409,True,8,,75,DEGRADED
sht30_temperature_v02,3,2892,2893137,SHT30,temperature_C,INJECTION,27.49409,True,DRIFT,True,DRIFT,29.34409,True,8,,75,DEGRADED
sht30_temperature_v02,3,2893,2894137,SHT30,temperature_C,INJECTION,27.49409,True,DRIFT,True,DRIFT,29.39409,True,8,,75,DEGRADED
sht30_temperature_v02,3,2894,2895137,SHT30,temperature_C,INJECTION,27.52346,True,DRIFT,True,DRIFT,29.47346,True,8,,75,DEGRADED
sht30_temperature_v02,3,2895,2896137,SHT30,temperature_C,INJECTION,27.49409,True,DRIFT,True,DRIFT,29.49409,True,8,,75,DEGRADED
sht30_temperature_v02,3,2896,2897137,SHT30,temperature_C,INJECTION,27.51011,True,DRIFT,True,DRIFT,29.56011,True,8,,75,DEGRADED
sht30_temperature_v02,3,2897,2898137,SHT30,temperature_C,INJECTION,27.49409,True,DRIFT,True,DRIFT,29.59409,True,8,,75,DEGRADED
sht30_temperature_v02,3,2898,2899137,SHT30,temperature_C,INJECTION,27.49409,True,DRIFT,True,DRIFT,29.64409,True,8,,75,DEGRADED
sht30_temperature_v02,3,2899,2900137,SHT30,temperature_C,INJECTION,27.48074,True,DRIFT,True,DRIFT,29.68074,True,8,,75,DEGRADED
sht30_temperature_v02,3,2900,2901137,SHT30,temperature_C,INJECTION,27.49409,True,DRIFT,True,DRIFT,29.74409,True,8,,75,DEGRADED
sht30_temperature_v02,3,2901,2902137,SHT30,temperature_C,INJECTION,27.48074,True,DRIFT,True,DRIFT,29.78074,True,8,,75,DEGRADED
sht30_temperature_v02,3,2902,2903137,SHT30,temperature_C,INJECTION,27.48074,True,DRIFT,True,DRIFT,29.83074,True,8,,75,DEGRADED
sht30_temperature_v02,3,2903,2904137,SHT30,temperature_C,INJECTION,27.49409,True,DRIFT,True,DRIFT,29.89409,True,8,,75,DEGRADED
sht30_temperature_v02,3,2904,2905137,SHT30,temperature_C,INJECTION,27.51011,True,DRIFT,True,DRIFT,29.96011,True,8,,75,DEGRADED
sht30_temperature_v02,3,2905,2906137,SHT30,temperature_C,INJECTION,27.51011,True,DRIFT,True,DRIFT,30.01011,True,8,,75,DEGRADED
sht30_temperature_v02,3,2906,2907137,SHT30,temperature_C,INJECTION,27.49409,True,DRIFT,True,DRIFT,30.04409,True,8,,75,DEGRADED
sht30_temperature_v02,3,2907,2908137,SHT30,temperature_C,INJECTION,27.51011,True,DRIFT,True,DRIFT,30.11011,True,8,,75,DEGRADED
sht30_temperature_v02,3,2908,2909137,SHT30,temperature_C,INJECTION,27.51011,True,DRIFT,True,DRIFT,30.16011,True,8,,75,DEGRADED
sht30_temperature_v02,3,2909,2910137,SHT30,temperature_C,INJECTION,27.51011,True,DRIFT,True,DRIFT,30.21011,True,8,,75,DEGRADED
sht30_temperature_v02,3,2910,2911137,SHT30,temperature_C,INJECTION,27.49409,True,DRIFT,True,DRIFT,30.24409,True,8,,75,DEGRADED
sht30_temperature_v02,3,2911,2912137,SHT30,temperature_C,INJECTION,27.51011,True,DRIFT,True,DRIFT,30.31011,True,8,,75,DEGRADED
sht30_temperature_v02,3,2912,2913137,SHT30,temperature_C,INJECTION,27.51011,True,DRIFT,True,DRIFT,30.36011,True,8,,75,DEGRADED
sht30_temperature_v02,3,2913,2914137,SHT30,temperature_C,INJECTION,27.51011,True,DRIFT,True,DRIFT,30.41011,True,8,,75,DEGRADED
sht30_temperature_v02,3,2914,2915137,SHT30,temperature_C,INJECTION,27.51011,True,DRIFT,True,DRIFT,30.46011,True,8,,75,DEGRADED
sht30_temperature_v02,3,2915,2916137,SHT30,temperature_C,INJECTION,27.49409,True,DRIFT,True,DRIFT,30.49409,True,8,,75,DEGRADED
sht30_temperature_v02,3,2916,2917137,SHT30,temperature_C,INJECTION,27.51011,True,DRIFT,True,DRIFT,30.56011,True,8,,75,DEGRADED
sht30_temperature_v02,3,2917,2918137,SHT30,temperature_C,INJECTION,27.51011,True,DRIFT,True,DRIFT,30.61011,True,8,,75,DEGRADED
sht30_temperature_v02,3,2918,2919137,SHT30,temperature_C,INJECTION,27.51011,True,DRIFT,True,DRIFT,30.66011,True,8,,75,DEGRADED
sht30_temperature_v02,3,2919,2920137,SHT30,temperature_C,INJECTION,27.49409,True,DRIFT,True,DRIFT,30.69409,True,8,,75,DEGRADED
sht30_temperature_v02,3,2920,2921137,SHT30,temperature_C,INJECTION,27.51011,True,DRIFT,True,DRIFT,30.76011,True,8,,75,DEGRADED
sht30_temperature_v02,3,2921,2922137,SHT30,temperature_C,INJECTION,27.51011,True,DRIFT,True,DRIFT,30.81011,True,8,,75,DEGRADED
sht30_temperature_v02,3,2922,2923137,SHT30,temperature_C,INJECTION,27.51011,True,DRIFT,True,DRIFT,30.86011,True,8,,75,DEGRADED
sht30_temperature_v02,3,2923,2924137,SHT30,temperature_C,INJECTION,27.51011,True,DRIFT,True,DRIFT,30.91011,True,8,,75,DEGRADED
sht30_temperature_v02,3,2924,2925137,SHT30,temperature_C,INJECTION,27.51011,True,DRIFT,True,DRIFT,30.96011,True,8,,75,DEGRADED
sht30_temperature_v02,3,2925,2926137,SHT30,temperature_C,INJECTION,27.52346,True,DRIFT,True,DRIFT,31.02346,True,8,,75,DEGRADED
sht30_temperature_v02,3,2926,2927137,SHT30,temperature_C,INJECTION,27.49409,True,DRIFT,True,DRIFT,31.04409,True,8,,75,DEGRADED
sht30_temperature_v02,3,2927,2928137,SHT30,temperature_C,INJECTION,27.49409,True,DRIFT,True,DRIFT,31.09409,True,8,,75,DEGRADED
sht30_temperature_v02,3,2928,2929137,SHT30,temperature_C,INJECTION,27.49409,True,DRIFT,True,DRIFT,31.14409,True,8,,75,DEGRADED
sht30_temperature_v02,3,2929,2930137,SHT30,temperature_C,INJECTION,27.51011,True,DRIFT,True,DRIFT,31.21011,True,8,,75,DEGRADED
sht30_temperature_v02,3,2930,2931137,SHT30,temperature_C,INJECTION,27.48074,True,DRIFT,True,DRIFT,31.23074,True,8,,75,DEGRADED
sht30_temperature_v02,3,2931,2932137,SHT30,temperature_C,INJECTION,27.51011,True,DRIFT,True,DRIFT,31.31011,True,8,,75,DEGRADED
sht30_temperature_v02,3,2932,2933137,SHT30,temperature_C,INJECTION,27.49409,True,DRIFT,True,DRIFT,31.34409,True,8,,75,DEGRADED
sht30_temperature_v02,3,2933,2934137,SHT30,temperature_C,INJECTION,27.49409,True,DRIFT,True,DRIFT,31.39409,True,8,,75,DEGRADED
sht30_temperature_v02,3,2934,2935137,SHT30,temperature_C,INJECTION,27.48074,True,DRIFT,True,DRIFT,31.43074,True,8,,75,DEGRADED
sht30_temperature_v02,3,2935,2936137,SHT30,temperature_C,INJECTION,27.48074,True,DRIFT,True,DRIFT,31.48074,True,8,,75,DEGRADED
sht30_temperature_v02,3,2936,2937137,SHT30,temperature_C,INJECTION,27.49409,True,DRIFT,True,DRIFT,31.54409,True,8,,75,DEGRADED
sht30_temperature_v02,3,2937,2938137,SHT30,temperature_C,INJECTION,27.46738,True,DRIFT,True,DRIFT,31.56738,True,8,,75,DEGRADED
sht30_temperature_v02,3,2938,2939137,SHT30,temperature_C,INJECTION,27.46738,True,DRIFT,True,DRIFT,31.61738,True,8,,75,DEGRADED
sht30_temperature_v02,3,2939,2940137,SHT30,temperature_C,INJECTION,27.46738,True,DRIFT,True,DRIFT,31.66739,True,8,,75,DEGRADED
sht30_temperature_v02,3,2940,2941137,SHT30,temperature_C,INJECTION,27.45403,True,DRIFT,True,DRIFT,31.70403,True,8,,75,DEGRADED
sht30_temperature_v02,3,2941,2942137,SHT30,temperature_C,INJECTION,27.45403,True,DRIFT,True,DRIFT,31.75403,True,8,,75,DEGRADED
sht30_temperature_v02,3,2942,2943137,SHT30,temperature_C,INJECTION,27.48074,True,DRIFT,True,DRIFT,31.83074,True,8,,75,DEGRADED
sht30_temperature_v02,3,2943,2944137,SHT30,temperature_C,INJECTION,27.48074,True,DRIFT,True,DRIFT,31.88074,True,8,,75,DEGRADED
sht30_temperature_v02,3,2944,2945137,SHT30,temperature_C,INJECTION,27.45403,True,DRIFT,True,DRIFT,31.90403,True,8,,75,DEGRADED
sht30_temperature_v02,3,2945,2946137,SHT30,temperature_C,RECOVERY,27.45403,True,PASS,False,NONE,27.45403,True,4,,75,DEGRADED
sht30_temperature_v02,3,2946,2947137,SHT30,temperature_C,RECOVERY,27.49409,True,PASS,False,NONE,27.49409,True,0,,100,HEALTHY
sht30_temperature_v02,3,2947,2948137,SHT30,temperature_C,RECOVERY,27.46738,True,PASS,False,NONE,27.46738,True,0,,100,HEALTHY
sht30_temperature_v02,3,2948,2949137,SHT30,temperature_C,RECOVERY,27.46738,True,PASS,False,NONE,27.46738,True,0,,100,HEALTHY
sht30_temperature_v02,3,2949,2950137,SHT30,temperature_C,RECOVERY,27.46738,True,PASS,False,NONE,27.46738,True,0,,100,HEALTHY
sht30_temperature_v02,3,2950,2951137,SHT30,temperature_C,RECOVERY,27.45403,True,PASS,False,NONE,27.45403,True,0,,100,HEALTHY
sht30_temperature_v02,3,2951,2952137,SHT30,temperature_C,RECOVERY,27.45403,True,PASS,False,NONE,27.45403,True,0,,100,HEALTHY
sht30_temperature_v02,3,2952,2953137,SHT30,temperature_C,RECOVERY,27.46738,True,PASS,False,NONE,27.46738,True,0,,100,HEALTHY
sht30_temperature_v02,3,2953,2954137,SHT30,temperature_C,RECOVERY,27.48074,True,PASS,False,NONE,27.48074,True,0,,100,HEALTHY
sht30_temperature_v02,3,2954,2955137,SHT30,temperature_C,RECOVERY,27.46738,True,PASS,False,NONE,27.46738,True,0,,100,HEALTHY
sht30_temperature_v02,3,2955,2956137,SHT30,temperature_C,RECOVERY,27.48074,True,PASS,False,NONE,27.48074,True,0,,100,HEALTHY
sht30_temperature_v02,3,2956,2957137,SHT30,temperature_C,RECOVERY,27.46738,True,PASS,False,NONE,27.46738,True,0,,100,HEALTHY
sht30_temperature_v02,3,2957,2958137,SHT30,temperature_C,RECOVERY,27.46738,True,PASS,False,NONE,27.46738,True,0,,100,HEALTHY
sht30_temperature_v02,3,2958,2959137,SHT30,temperature_C,RECOVERY,27.45403,True,PASS,False,NONE,27.45403,True,0,,100,HEALTHY
sht30_temperature_v02,3,2959,2960137,SHT30,temperature_C,RECOVERY,27.45403,True,PASS,False,NONE,27.45403,True,0,,100,HEALTHY
sht30_temperature_v02,3,2960,2961137,SHT30,temperature_C,RECOVERY,27.46738,True,PASS,False,NONE,27.46738,True,0,,100,HEALTHY
sht30_temperature_v02,3,2961,2962137,SHT30,temperature_C,RECOVERY,27.46738,True,PASS,False,NONE,27.46738,True,0,,100,HEALTHY
sht30_temperature_v02,3,2962,2963137,SHT30,temperature_C,RECOVERY,27.48074,True,PASS,False,NONE,27.48074,True,0,,100,HEALTHY
sht30_temperature_v02,3,2963,2964137,SHT30,temperature_C,RECOVERY,27.46738,True,PASS,False,NONE,27.46738,True,0,,100,HEALTHY
sht30_temperature_v02,3,2964,2965137,SHT30,temperature_C,RECOVERY,27.46738,True,PASS,False,NONE,27.46738,True,0,,100,HEALTHY
sht30_temperature_v02,3,2965,2966137,SHT30,temperature_C,RECOVERY,27.48074,True,PASS,False,NONE,27.48074,True,0,,100,HEALTHY
sht30_temperature_v02,3,2966,2967137,SHT30,temperature_C,RECOVERY,27.48074,True,PASS,False,NONE,27.48074,True,0,,100,HEALTHY
sht30_temperature_v02,3,2967,2968137,SHT30,temperature_C,RECOVERY,27.45403,True,PASS,False,NONE,27.45403,True,0,,100,HEALTHY
sht30_temperature_v02,3,2968,2969137,SHT30,temperature_C,RECOVERY,27.48074,True,PASS,False,NONE,27.48074,True,0,,100,HEALTHY
sht30_temperature_v02,3,2969,2970137,SHT30,temperature_C,RECOVERY,27.48074,True,PASS,False,NONE,27.48074,True,0,,100,HEALTHY
sht30_temperature_v02,3,2970,2971137,SHT30,temperature_C,RECOVERY,27.48074,True,PASS,False,NONE,27.48074,True,0,,100,HEALTHY
sht30_temperature_v02,3,2971,2972137,SHT30,temperature_C,RECOVERY,27.46738,True,PASS,False,NONE,27.46738,True,0,,100,HEALTHY
sht30_temperature_v02,3,2972,2973137,SHT30,temperature_C,RECOVERY,27.48074,True,PASS,False,NONE,27.48074,True,0,,100,HEALTHY
sht30_temperature_v02,3,2973,2974137,SHT30,temperature_C,RECOVERY,27.46738,True,PASS,False,NONE,27.46738,True,0,,100,HEALTHY
sht30_temperature_v02,3,2974,2975137,SHT30,temperature_C,RECOVERY,27.46738,True,PASS,False,NONE,27.46738,True,0,,100,HEALTHY
sht30_temperature_v02,3,2975,2976137,SHT30,temperature_C,RECOVERY,27.48074,True,PASS,False,NONE,27.48074,True,0,,100,HEALTHY
sht30_temperature_v02,3,2976,2977137,SHT30,temperature_C,RECOVERY,27.46738,True,PASS,False,NONE,27.46738,True,0,,100,HEALTHY
sht30_temperature_v02,3,2977,2978137,SHT30,temperature_C,RECOVERY,27.46738,True,PASS,False,NONE,27.46738,True,0,,100,HEALTHY
sht30_temperature_v02,3,2978,2979137,SHT30,temperature_C,RECOVERY,27.48074,True,PASS,False,NONE,27.48074,True,0,,100,HEALTHY
sht30_temperature_v02,3,2979,2980137,SHT30,temperature_C,RECOVERY,27.46738,True,PASS,False,NONE,27.46738,True,0,,100,HEALTHY
sht30_temperature_v02,3,2980,2981137,SHT30,temperature_C,RECOVERY,27.49409,True,PASS,False,NONE,27.49409,True,0,,100,HEALTHY
sht30_temperature_v02,3,2981,2982137,SHT30,temperature_C,RECOVERY,27.48074,True,PASS,False,NONE,27.48074,True,0,,100,HEALTHY
sht30_temperature_v02,3,2982,2983137,SHT30,temperature_C,RECOVERY,27.48074,True,PASS,False,NONE,27.48074,True,0,,100,HEALTHY
sht30_temperature_v02,3,2983,2984137,SHT30,temperature_C,RECOVERY,27.49409,True,PASS,False,NONE,27.49409,True,0,,100,HEALTHY
sht30_temperature_v02,3,2984,2985137,SHT30,temperature_C,RECOVERY,27.49409,True,PASS,False,NONE,27.49409,True,0,,100,HEALTHY
sht30_temperature_v02,3,2985,2986137,SHT30,temperature_C,RECOVERY,27.45403,True,PASS,False,NONE,27.45403,True,0,,100,HEALTHY
sht30_temperature_v02,3,2986,2987137,SHT30,temperature_C,RECOVERY,27.48074,True,PASS,False,NONE,27.48074,True,0,,100,HEALTHY
sht30_temperature_v02,3,2987,2988137,SHT30,temperature_C,RECOVERY,27.49409,True,PASS,False,NONE,27.49409,True,0,,100,HEALTHY
sht30_temperature_v02,3,2988,2989137,SHT30,temperature_C,RECOVERY,27.49409,True,PASS,False,NONE,27.49409,True,0,,100,HEALTHY
sht30_temperature_v02,3,2989,2990137,SHT30,temperature_C,RECOVERY,27.48074,True,PASS,False,NONE,27.48074,True,0,,100,HEALTHY
sht30_temperature_v02,3,2990,2991137,SHT30,temperature_C,RECOVERY,27.49409,True,PASS,False,NONE,27.49409,True,0,,100,HEALTHY
sht30_temperature_v02,3,2991,2992137,SHT30,temperature_C,RECOVERY,27.48074,True,PASS,False,NONE,27.48074,True,0,,100,HEALTHY
sht30_temperature_v02,3,2992,2993137,SHT30,temperature_C,RECOVERY,27.49409,True,PASS,False,NONE,27.49409,True,0,,100,HEALTHY
sht30_temperature_v02,3,2993,2994137,SHT30,temperature_C,RECOVERY,27.49409,True,PASS,False,NONE,27.49409,True,0,,100,HEALTHY
sht30_temperature_v02,3,2994,2995137,SHT30,temperature_C,RECOVERY,27.48074,True,PASS,False,NONE,27.48074,True,0,,100,HEALTHY
sht30_temperature_v02,3,2995,2996137,SHT30,temperature_C,RECOVERY,27.48074,True,PASS,False,NONE,27.48074,True,0,,100,HEALTHY
sht30_temperature_v02,3,2996,2997137,SHT30,temperature_C,RECOVERY,27.49409,True,PASS,False,NONE,27.49409,True,0,,100,HEALTHY
sht30_temperature_v02,3,2997,2998137,SHT30,temperature_C,RECOVERY,27.51011,True,PASS,False,NONE,27.51011,True,0,,100,HEALTHY
sht30_temperature_v02,3,2998,2999137,SHT30,temperature_C,RECOVERY,27.48074,True,PASS,False,NONE,27.48074,True,0,,100,HEALTHY
sht30_temperature_v02,3,2999,3000137,SHT30,temperature_C,RECOVERY,27.49409,True,PASS,False,NONE,27.49409,True,0,,100,HEALTHY
sht30_temperature_v02,4,3000,3001137,SHT30,temperature_C,INJECTION,27.51011,True,DRIFT,True,DRIFT,27.51011,True,0,,100,HEALTHY
sht30_temperature_v02,4,3001,3002137,SHT30,temperature_C,INJECTION,27.52346,True,DRIFT,True,DRIFT,27.57346,True,0,,100,HEALTHY
sht30_temperature_v02,4,3002,3003137,SHT30,temperature_C,INJECTION,27.49409,True,DRIFT,True,DRIFT,27.59409,True,0,,100,HEALTHY
sht30_temperature_v02,4,3003,3004137,SHT30,temperature_C,INJECTION,27.52346,True,DRIFT,True,DRIFT,27.67346,True,0,,100,HEALTHY
sht30_temperature_v02,4,3004,3005137,SHT30,temperature_C,INJECTION,27.52346,True,DRIFT,True,DRIFT,27.72346,True,0,,100,HEALTHY
sht30_temperature_v02,4,3005,3006137,SHT30,temperature_C,INJECTION,27.49409,True,DRIFT,True,DRIFT,27.74409,True,0,,100,HEALTHY
sht30_temperature_v02,4,3006,3007137,SHT30,temperature_C,INJECTION,27.49409,True,DRIFT,True,DRIFT,27.79409,True,0,,100,HEALTHY
sht30_temperature_v02,4,3007,3008137,SHT30,temperature_C,INJECTION,27.51011,True,DRIFT,True,DRIFT,27.86011,True,0,,100,HEALTHY
sht30_temperature_v02,4,3008,3009137,SHT30,temperature_C,INJECTION,27.49409,True,DRIFT,True,DRIFT,27.89409,True,0,,100,HEALTHY
sht30_temperature_v02,4,3009,3010137,SHT30,temperature_C,INJECTION,27.51011,True,DRIFT,True,DRIFT,27.96011,True,0,,100,HEALTHY
sht30_temperature_v02,4,3010,3011137,SHT30,temperature_C,INJECTION,27.51011,True,DRIFT,True,DRIFT,28.01011,True,0,,100,HEALTHY
sht30_temperature_v02,4,3011,3012137,SHT30,temperature_C,INJECTION,27.52346,True,DRIFT,True,DRIFT,28.07346,True,0,,100,HEALTHY
sht30_temperature_v02,4,3012,3013137,SHT30,temperature_C,INJECTION,27.51011,True,DRIFT,True,DRIFT,28.11011,True,0,,100,HEALTHY
sht30_temperature_v02,4,3013,3014137,SHT30,temperature_C,INJECTION,27.51011,True,DRIFT,True,DRIFT,28.16011,True,0,,100,HEALTHY
sht30_temperature_v02,4,3014,3015137,SHT30,temperature_C,INJECTION,27.51011,True,DRIFT,True,DRIFT,28.21011,True,0,,100,HEALTHY
sht30_temperature_v02,4,3015,3016137,SHT30,temperature_C,INJECTION,27.49409,True,DRIFT,True,DRIFT,28.24409,True,0,,100,HEALTHY
sht30_temperature_v02,4,3016,3017137,SHT30,temperature_C,INJECTION,27.51011,True,DRIFT,True,DRIFT,28.31011,True,0,,100,HEALTHY
sht30_temperature_v02,4,3017,3018137,SHT30,temperature_C,INJECTION,27.51011,True,DRIFT,True,DRIFT,28.36011,True,0,,100,HEALTHY
sht30_temperature_v02,4,3018,3019137,SHT30,temperature_C,INJECTION,27.52346,True,DRIFT,True,DRIFT,28.42346,True,0,,100,HEALTHY
sht30_temperature_v02,4,3019,3020137,SHT30,temperature_C,INJECTION,27.49409,True,DRIFT,True,DRIFT,28.44409,True,0,,100,HEALTHY
sht30_temperature_v02,4,3020,3021137,SHT30,temperature_C,INJECTION,27.51011,True,DRIFT,True,DRIFT,28.51011,True,0,,100,HEALTHY
sht30_temperature_v02,4,3021,3022137,SHT30,temperature_C,INJECTION,27.51011,True,DRIFT,True,DRIFT,28.56011,True,0,,100,HEALTHY
sht30_temperature_v02,4,3022,3023137,SHT30,temperature_C,INJECTION,27.48074,True,DRIFT,True,DRIFT,28.58074,True,0,,100,HEALTHY
sht30_temperature_v02,4,3023,3024137,SHT30,temperature_C,INJECTION,27.51011,True,DRIFT,True,DRIFT,28.66011,True,0,,100,HEALTHY
sht30_temperature_v02,4,3024,3025137,SHT30,temperature_C,INJECTION,27.49409,True,DRIFT,True,DRIFT,28.69409,True,0,,100,HEALTHY
sht30_temperature_v02,4,3025,3026137,SHT30,temperature_C,INJECTION,27.51011,True,DRIFT,True,DRIFT,28.76011,True,0,,100,HEALTHY
sht30_temperature_v02,4,3026,3027137,SHT30,temperature_C,INJECTION,27.51011,True,DRIFT,True,DRIFT,28.81011,True,0,,100,HEALTHY
sht30_temperature_v02,4,3027,3028137,SHT30,temperature_C,INJECTION,27.49409,True,DRIFT,True,DRIFT,28.84409,True,0,,100,HEALTHY
sht30_temperature_v02,4,3028,3029137,SHT30,temperature_C,INJECTION,27.52346,True,DRIFT,True,DRIFT,28.92346,True,0,,100,HEALTHY
sht30_temperature_v02,4,3029,3030137,SHT30,temperature_C,INJECTION,27.49409,True,DRIFT,True,DRIFT,28.94409,True,8,,75,DEGRADED
sht30_temperature_v02,4,3030,3031137,SHT30,temperature_C,INJECTION,27.48074,True,DRIFT,True,DRIFT,28.98074,True,8,,75,DEGRADED
sht30_temperature_v02,4,3031,3032137,SHT30,temperature_C,INJECTION,27.48074,True,DRIFT,True,DRIFT,29.03074,True,8,,75,DEGRADED
sht30_temperature_v02,4,3032,3033137,SHT30,temperature_C,INJECTION,27.46738,True,DRIFT,True,DRIFT,29.06738,True,8,,75,DEGRADED
sht30_temperature_v02,4,3033,3034137,SHT30,temperature_C,INJECTION,27.46738,True,DRIFT,True,DRIFT,29.11738,True,8,,75,DEGRADED
sht30_temperature_v02,4,3034,3035137,SHT30,temperature_C,INJECTION,27.45403,True,DRIFT,True,DRIFT,29.15403,True,8,,75,DEGRADED
sht30_temperature_v02,4,3035,3036137,SHT30,temperature_C,INJECTION,27.45403,True,DRIFT,True,DRIFT,29.20403,True,8,,75,DEGRADED
sht30_temperature_v02,4,3036,3037137,SHT30,temperature_C,INJECTION,27.46738,True,DRIFT,True,DRIFT,29.26738,True,8,,75,DEGRADED
sht30_temperature_v02,4,3037,3038137,SHT30,temperature_C,INJECTION,27.45403,True,DRIFT,True,DRIFT,29.30403,True,8,,75,DEGRADED
sht30_temperature_v02,4,3038,3039137,SHT30,temperature_C,INJECTION,27.46738,True,DRIFT,True,DRIFT,29.36738,True,8,,75,DEGRADED
sht30_temperature_v02,4,3039,3040137,SHT30,temperature_C,INJECTION,27.46738,True,DRIFT,True,DRIFT,29.41739,True,8,,75,DEGRADED
sht30_temperature_v02,4,3040,3041137,SHT30,temperature_C,INJECTION,27.45403,True,DRIFT,True,DRIFT,29.45403,True,8,,75,DEGRADED
sht30_temperature_v02,4,3041,3042137,SHT30,temperature_C,INJECTION,27.45403,True,DRIFT,True,DRIFT,29.50403,True,8,,75,DEGRADED
sht30_temperature_v02,4,3042,3043137,SHT30,temperature_C,INJECTION,27.45403,True,DRIFT,True,DRIFT,29.55403,True,8,,75,DEGRADED
sht30_temperature_v02,4,3043,3044137,SHT30,temperature_C,INJECTION,27.45403,True,DRIFT,True,DRIFT,29.60403,True,8,,75,DEGRADED
sht30_temperature_v02,4,3044,3045137,SHT30,temperature_C,INJECTION,27.45403,True,DRIFT,True,DRIFT,29.65403,True,8,,75,DEGRADED
sht30_temperature_v02,4,3045,3046137,SHT30,temperature_C,INJECTION,27.46738,True,DRIFT,True,DRIFT,29.71738,True,8,,75,DEGRADED
sht30_temperature_v02,4,3046,3047137,SHT30,temperature_C,INJECTION,27.45403,True,DRIFT,True,DRIFT,29.75403,True,8,,75,DEGRADED
sht30_temperature_v02,4,3047,3048137,SHT30,temperature_C,INJECTION,27.46738,True,DRIFT,True,DRIFT,29.81738,True,8,,75,DEGRADED
sht30_temperature_v02,4,3048,3049137,SHT30,temperature_C,INJECTION,27.48074,True,DRIFT,True,DRIFT,29.88074,True,8,,75,DEGRADED
sht30_temperature_v02,4,3049,3050137,SHT30,temperature_C,INJECTION,27.46738,True,DRIFT,True,DRIFT,29.91739,True,8,,75,DEGRADED
sht30_temperature_v02,4,3050,3051137,SHT30,temperature_C,INJECTION,27.49409,True,DRIFT,True,DRIFT,29.99409,True,8,,75,DEGRADED
sht30_temperature_v02,4,3051,3052137,SHT30,temperature_C,INJECTION,27.48074,True,DRIFT,True,DRIFT,30.03074,True,8,,75,DEGRADED
sht30_temperature_v02,4,3052,3053137,SHT30,temperature_C,INJECTION,27.46738,True,DRIFT,True,DRIFT,30.06738,True,8,,75,DEGRADED
sht30_temperature_v02,4,3053,3054137,SHT30,temperature_C,INJECTION,27.45403,True,DRIFT,True,DRIFT,30.10403,True,8,,75,DEGRADED
sht30_temperature_v02,4,3054,3055137,SHT30,temperature_C,INJECTION,27.48074,True,DRIFT,True,DRIFT,30.18074,True,8,,75,DEGRADED
sht30_temperature_v02,4,3055,3056137,SHT30,temperature_C,INJECTION,27.48074,True,DRIFT,True,DRIFT,30.23074,True,8,,75,DEGRADED
sht30_temperature_v02,4,3056,3057137,SHT30,temperature_C,INJECTION,27.48074,True,DRIFT,True,DRIFT,30.28074,True,8,,75,DEGRADED
sht30_temperature_v02,4,3057,3058137,SHT30,temperature_C,INJECTION,27.46738,True,DRIFT,True,DRIFT,30.31738,True,8,,75,DEGRADED
sht30_temperature_v02,4,3058,3059137,SHT30,temperature_C,INJECTION,27.46738,True,DRIFT,True,DRIFT,30.36738,True,8,,75,DEGRADED
sht30_temperature_v02,4,3059,3060137,SHT30,temperature_C,INJECTION,27.48074,True,DRIFT,True,DRIFT,30.43074,True,8,,75,DEGRADED
sht30_temperature_v02,4,3060,3061137,SHT30,temperature_C,INJECTION,27.46738,True,DRIFT,True,DRIFT,30.46738,True,8,,75,DEGRADED
sht30_temperature_v02,4,3061,3062137,SHT30,temperature_C,INJECTION,27.48074,True,DRIFT,True,DRIFT,30.53074,True,8,,75,DEGRADED
sht30_temperature_v02,4,3062,3063137,SHT30,temperature_C,INJECTION,27.46738,True,DRIFT,True,DRIFT,30.56738,True,8,,75,DEGRADED
sht30_temperature_v02,4,3063,3064137,SHT30,temperature_C,INJECTION,27.48074,True,DRIFT,True,DRIFT,30.63074,True,8,,75,DEGRADED
sht30_temperature_v02,4,3064,3065137,SHT30,temperature_C,INJECTION,27.48074,True,DRIFT,True,DRIFT,30.68074,True,8,,75,DEGRADED
sht30_temperature_v02,4,3065,3066137,SHT30,temperature_C,INJECTION,27.46738,True,DRIFT,True,DRIFT,30.71738,True,8,,75,DEGRADED
sht30_temperature_v02,4,3066,3067137,SHT30,temperature_C,INJECTION,27.46738,True,DRIFT,True,DRIFT,30.76738,True,8,,75,DEGRADED
sht30_temperature_v02,4,3067,3068137,SHT30,temperature_C,INJECTION,27.46738,True,DRIFT,True,DRIFT,30.81738,True,8,,75,DEGRADED
sht30_temperature_v02,4,3068,3069137,SHT30,temperature_C,INJECTION,27.43801,True,DRIFT,True,DRIFT,30.83801,True,8,,75,DEGRADED
sht30_temperature_v02,4,3069,3070137,SHT30,temperature_C,INJECTION,27.46738,True,DRIFT,True,DRIFT,30.91739,True,8,,75,DEGRADED
sht30_temperature_v02,4,3070,3071137,SHT30,temperature_C,INJECTION,27.45403,True,DRIFT,True,DRIFT,30.95403,True,8,,75,DEGRADED
sht30_temperature_v02,4,3071,3072137,SHT30,temperature_C,INJECTION,27.45403,True,DRIFT,True,DRIFT,31.00403,True,8,,75,DEGRADED
sht30_temperature_v02,4,3072,3073137,SHT30,temperature_C,INJECTION,27.48074,True,DRIFT,True,DRIFT,31.08074,True,8,,75,DEGRADED
sht30_temperature_v02,4,3073,3074137,SHT30,temperature_C,INJECTION,27.45403,True,DRIFT,True,DRIFT,31.10403,True,8,,75,DEGRADED
sht30_temperature_v02,4,3074,3075137,SHT30,temperature_C,INJECTION,27.48074,True,DRIFT,True,DRIFT,31.18074,True,8,,75,DEGRADED
sht30_temperature_v02,4,3075,3076137,SHT30,temperature_C,INJECTION,27.45403,True,DRIFT,True,DRIFT,31.20403,True,8,,75,DEGRADED
sht30_temperature_v02,4,3076,3077137,SHT30,temperature_C,INJECTION,27.43801,True,DRIFT,True,DRIFT,31.23801,True,8,,75,DEGRADED
sht30_temperature_v02,4,3077,3078137,SHT30,temperature_C,INJECTION,27.43801,True,DRIFT,True,DRIFT,31.28801,True,8,,75,DEGRADED
sht30_temperature_v02,4,3078,3079137,SHT30,temperature_C,INJECTION,27.43801,True,DRIFT,True,DRIFT,31.33801,True,8,,75,DEGRADED
sht30_temperature_v02,4,3079,3080137,SHT30,temperature_C,INJECTION,27.45403,True,DRIFT,True,DRIFT,31.40403,True,8,,75,DEGRADED
sht30_temperature_v02,4,3080,3081137,SHT30,temperature_C,INJECTION,27.43801,True,DRIFT,True,DRIFT,31.43801,True,8,,75,DEGRADED
sht30_temperature_v02,4,3081,3082137,SHT30,temperature_C,INJECTION,27.43801,True,DRIFT,True,DRIFT,31.48801,True,8,,75,DEGRADED
sht30_temperature_v02,4,3082,3083137,SHT30,temperature_C,INJECTION,27.45403,True,DRIFT,True,DRIFT,31.55403,True,8,,75,DEGRADED
sht30_temperature_v02,4,3083,3084137,SHT30,temperature_C,INJECTION,27.46738,True,DRIFT,True,DRIFT,31.61738,True,8,,75,DEGRADED
sht30_temperature_v02,4,3084,3085137,SHT30,temperature_C,INJECTION,27.43801,True,DRIFT,True,DRIFT,31.63801,True,8,,75,DEGRADED
sht30_temperature_v02,4,3085,3086137,SHT30,temperature_C,INJECTION,27.43801,True,DRIFT,True,DRIFT,31.68801,True,8,,75,DEGRADED
sht30_temperature_v02,4,3086,3087137,SHT30,temperature_C,INJECTION,27.42466,True,DRIFT,True,DRIFT,31.72466,True,8,,75,DEGRADED
sht30_temperature_v02,4,3087,3088137,SHT30,temperature_C,INJECTION,27.43801,True,DRIFT,True,DRIFT,31.78801,True,8,,75,DEGRADED
sht30_temperature_v02,4,3088,3089137,SHT30,temperature_C,INJECTION,27.43801,True,DRIFT,True,DRIFT,31.83801,True,8,,75,DEGRADED
sht30_temperature_v02,4,3089,3090137,SHT30,temperature_C,INJECTION,27.43801,True,DRIFT,True,DRIFT,31.88801,True,8,,75,DEGRADED
sht30_temperature_v02,4,3090,3091137,SHT30,temperature_C,RECOVERY,27.42466,True,PASS,False,NONE,27.42466,True,4,,75,DEGRADED
sht30_temperature_v02,4,3091,3092137,SHT30,temperature_C,RECOVERY,27.45403,True,PASS,False,NONE,27.45403,True,0,,100,HEALTHY
sht30_temperature_v02,4,3092,3093137,SHT30,temperature_C,RECOVERY,27.43801,True,PASS,False,NONE,27.43801,True,0,,100,HEALTHY
sht30_temperature_v02,4,3093,3094137,SHT30,temperature_C,RECOVERY,27.46738,True,PASS,False,NONE,27.46738,True,0,,100,HEALTHY
sht30_temperature_v02,4,3094,3095137,SHT30,temperature_C,RECOVERY,27.43801,True,PASS,False,NONE,27.43801,True,0,,100,HEALTHY
sht30_temperature_v02,4,3095,3096137,SHT30,temperature_C,RECOVERY,27.43801,True,PASS,False,NONE,27.43801,True,0,,100,HEALTHY
sht30_temperature_v02,4,3096,3097137,SHT30,temperature_C,RECOVERY,27.42466,True,PASS,False,NONE,27.42466,True,0,,100,HEALTHY
sht30_temperature_v02,4,3097,3098137,SHT30,temperature_C,RECOVERY,27.43801,True,PASS,False,NONE,27.43801,True,0,,100,HEALTHY
sht30_temperature_v02,4,3098,3099137,SHT30,temperature_C,RECOVERY,27.43801,True,PASS,False,NONE,27.43801,True,0,,100,HEALTHY
sht30_temperature_v02,4,3099,3100137,SHT30,temperature_C,RECOVERY,27.42466,True,PASS,False,NONE,27.42466,True,0,,100,HEALTHY
sht30_temperature_v02,4,3100,3101137,SHT30,temperature_C,RECOVERY,27.42466,True,PASS,False,NONE,27.42466,True,0,,100,HEALTHY
sht30_temperature_v02,4,3101,3102137,SHT30,temperature_C,RECOVERY,27.42466,True,PASS,False,NONE,27.42466,True,0,,100,HEALTHY
sht30_temperature_v02,4,3102,3103137,SHT30,temperature_C,RECOVERY,27.43801,True,PASS,False,NONE,27.43801,True,0,,100,HEALTHY
sht30_temperature_v02,4,3103,3104137,SHT30,temperature_C,RECOVERY,27.43801,True,PASS,False,NONE,27.43801,True,0,,100,HEALTHY
sht30_temperature_v02,4,3104,3105137,SHT30,temperature_C,RECOVERY,27.38194,True,PASS,False,NONE,27.38194,True,0,,100,HEALTHY
sht30_temperature_v02,4,3105,3106137,SHT30,temperature_C,RECOVERY,27.41131,True,PASS,False,NONE,27.41131,True,0,,100,HEALTHY
sht30_temperature_v02,4,3106,3107137,SHT30,temperature_C,RECOVERY,27.41131,True,PASS,False,NONE,27.41131,True,0,,100,HEALTHY
sht30_temperature_v02,4,3107,3108137,SHT30,temperature_C,RECOVERY,27.39796,True,PASS,False,NONE,27.39796,True,0,,100,HEALTHY
sht30_temperature_v02,4,3108,3109137,SHT30,temperature_C,RECOVERY,27.42466,True,PASS,False,NONE,27.42466,True,0,,100,HEALTHY
sht30_temperature_v02,4,3109,3110137,SHT30,temperature_C,RECOVERY,27.39796,True,PASS,False,NONE,27.39796,True,0,,100,HEALTHY
sht30_temperature_v02,4,3110,3111137,SHT30,temperature_C,RECOVERY,27.39796,True,PASS,False,NONE,27.39796,True,0,,100,HEALTHY
sht30_temperature_v02,4,3111,3112137,SHT30,temperature_C,RECOVERY,27.39796,True,PASS,False,NONE,27.39796,True,0,,100,HEALTHY
sht30_temperature_v02,4,3112,3113137,SHT30,temperature_C,RECOVERY,27.39796,True,PASS,False,NONE,27.39796,True,0,,100,HEALTHY
sht30_temperature_v02,4,3113,3114137,SHT30,temperature_C,RECOVERY,27.39796,True,PASS,False,NONE,27.39796,True,0,,100,HEALTHY
sht30_temperature_v02,4,3114,3115137,SHT30,temperature_C,RECOVERY,27.41131,True,PASS,False,NONE,27.41131,True,0,,100,HEALTHY
sht30_temperature_v02,4,3115,3116137,SHT30,temperature_C,RECOVERY,27.41131,True,PASS,False,NONE,27.41131,True,0,,100,HEALTHY
sht30_temperature_v02,4,3116,3117137,SHT30,temperature_C,RECOVERY,27.41131,True,PASS,False,NONE,27.41131,True,0,,100,HEALTHY
sht30_temperature_v02,4,3117,3118137,SHT30,temperature_C,RECOVERY,27.39796,True,PASS,False,NONE,27.39796,True,0,,100,HEALTHY
sht30_temperature_v02,4,3118,3119137,SHT30,temperature_C,RECOVERY,27.38194,True,PASS,False,NONE,27.38194,True,0,,100,HEALTHY
sht30_temperature_v02,4,3119,3120137,SHT30,temperature_C,RECOVERY,27.39796,True,PASS,False,NONE,27.39796,True,0,,100,HEALTHY
sht30_temperature_v02,4,3120,3121137,SHT30,temperature_C,RECOVERY,27.38194,True,PASS,False,NONE,27.38194,True,0,,100,HEALTHY
sht30_temperature_v02,4,3121,3122137,SHT30,temperature_C,RECOVERY,27.41131,True,PASS,False,NONE,27.41131,True,0,,100,HEALTHY
sht30_temperature_v02,4,3122,3123137,SHT30,temperature_C,RECOVERY,27.39796,True,PASS,False,NONE,27.39796,True,0,,100,HEALTHY
sht30_temperature_v02,4,3123,3124137,SHT30,temperature_C,RECOVERY,27.39796,True,PASS,False,NONE,27.39796,True,0,,100,HEALTHY
sht30_temperature_v02,4,3124,3125137,SHT30,temperature_C,RECOVERY,27.38194,True,PASS,False,NONE,27.38194,True,0,,100,HEALTHY
sht30_temperature_v02,4,3125,3126137,SHT30,temperature_C,RECOVERY,27.38194,True,PASS,False,NONE,27.38194,True,0,,100,HEALTHY
sht30_temperature_v02,4,3126,3127137,SHT30,temperature_C,RECOVERY,27.36858,True,PASS,False,NONE,27.36858,True,0,,100,HEALTHY
sht30_temperature_v02,4,3127,3128137,SHT30,temperature_C,RECOVERY,27.39796,True,PASS,False,NONE,27.39796,True,0,,100,HEALTHY
sht30_temperature_v02,4,3128,3129137,SHT30,temperature_C,RECOVERY,27.35523,True,PASS,False,NONE,27.35523,True,0,,100,HEALTHY
sht30_temperature_v02,4,3129,3130137,SHT30,temperature_C,RECOVERY,27.39796,True,PASS,False,NONE,27.39796,True,0,,100,HEALTHY
sht30_temperature_v02,4,3130,3131137,SHT30,temperature_C,RECOVERY,27.36858,True,PASS,False,NONE,27.36858,True,0,,100,HEALTHY
sht30_temperature_v02,4,3131,3132137,SHT30,temperature_C,RECOVERY,27.33921,True,PASS,False,NONE,27.33921,True,0,,100,HEALTHY
sht30_temperature_v02,4,3132,3133137,SHT30,temperature_C,RECOVERY,27.35523,True,PASS,False,NONE,27.35523,True,0,,100,HEALTHY
sht30_temperature_v02,4,3133,3134137,SHT30,temperature_C,RECOVERY,27.36858,True,PASS,False,NONE,27.36858,True,0,,100,HEALTHY
sht30_temperature_v02,4,3134,3135137,SHT30,temperature_C,RECOVERY,27.35523,True,PASS,False,NONE,27.35523,True,0,,100,HEALTHY
sht30_temperature_v02,4,3135,3136137,SHT30,temperature_C,RECOVERY,27.35523,True,PASS,False,NONE,27.35523,True,0,,100,HEALTHY
sht30_temperature_v02,4,3136,3137137,SHT30,temperature_C,RECOVERY,27.36858,True,PASS,False,NONE,27.36858,True,0,,100,HEALTHY
sht30_temperature_v02,4,3137,3138137,SHT30,temperature_C,RECOVERY,27.38194,True,PASS,False,NONE,27.38194,True,0,,100,HEALTHY
sht30_temperature_v02,4,3138,3139137,SHT30,temperature_C,RECOVERY,27.36858,True,PASS,False,NONE,27.36858,True,0,,100,HEALTHY
sht30_temperature_v02,4,3139,3140137,SHT30,temperature_C,RECOVERY,27.41131,True,PASS,False,NONE,27.41131,True,0,,100,HEALTHY
sht30_temperature_v02,4,3140,3141137,SHT30,temperature_C,RECOVERY,27.38194,True,PASS,False,NONE,27.38194,True,0,,100,HEALTHY
sht30_temperature_v02,4,3141,3142137,SHT30,temperature_C,RECOVERY,27.38194,True,PASS,False,NONE,27.38194,True,0,,100,HEALTHY
sht30_temperature_v02,4,3142,3143137,SHT30,temperature_C,RECOVERY,27.36858,True,PASS,False,NONE,27.36858,True,0,,100,HEALTHY
sht30_temperature_v02,4,3143,3144137,SHT30,temperature_C,RECOVERY,27.38194,True,PASS,False,NONE,27.38194,True,0,,100,HEALTHY
sht30_temperature_v02,4,3144,3145137,SHT30,temperature_C,RECOVERY,27.39796,True,PASS,False,NONE,27.39796,True,0,,100,HEALTHY
sht30_temperature_v02,5,3145,3146137,SHT30,temperature_C,INJECTION,27.39796,True,DRIFT,True,DRIFT,27.39796,True,0,,100,HEALTHY
sht30_temperature_v02,5,3146,3147137,SHT30,temperature_C,INJECTION,27.39796,True,DRIFT,True,DRIFT,27.44796,True,0,,100,HEALTHY
sht30_temperature_v02,5,3147,3148137,SHT30,temperature_C,INJECTION,27.38194,True,DRIFT,True,DRIFT,27.48194,True,0,,100,HEALTHY
sht30_temperature_v02,5,3148,3149137,SHT30,temperature_C,INJECTION,27.39796,True,DRIFT,True,DRIFT,27.54796,True,0,,100,HEALTHY
sht30_temperature_v02,5,3149,3150137,SHT30,temperature_C,INJECTION,27.39796,True,DRIFT,True,DRIFT,27.59796,True,0,,100,HEALTHY
sht30_temperature_v02,5,3150,3151137,SHT30,temperature_C,INJECTION,27.38194,True,DRIFT,True,DRIFT,27.63194,True,0,,100,HEALTHY
sht30_temperature_v02,5,3151,3152137,SHT30,temperature_C,INJECTION,27.38194,True,DRIFT,True,DRIFT,27.68193,True,0,,100,HEALTHY
sht30_temperature_v02,5,3152,3153137,SHT30,temperature_C,INJECTION,27.41131,True,DRIFT,True,DRIFT,27.76131,True,0,,100,HEALTHY
sht30_temperature_v02,5,3153,3154137,SHT30,temperature_C,INJECTION,27.39796,True,DRIFT,True,DRIFT,27.79796,True,0,,100,HEALTHY
sht30_temperature_v02,5,3154,3155137,SHT30,temperature_C,INJECTION,27.39796,True,DRIFT,True,DRIFT,27.84796,True,0,,100,HEALTHY
sht30_temperature_v02,5,3155,3156137,SHT30,temperature_C,INJECTION,27.39796,True,DRIFT,True,DRIFT,27.89796,True,0,,100,HEALTHY
sht30_temperature_v02,5,3156,3157137,SHT30,temperature_C,INJECTION,27.41131,True,DRIFT,True,DRIFT,27.96131,True,0,,100,HEALTHY
sht30_temperature_v02,5,3157,3158137,SHT30,temperature_C,INJECTION,27.39796,True,DRIFT,True,DRIFT,27.99796,True,0,,100,HEALTHY
sht30_temperature_v02,5,3158,3159137,SHT30,temperature_C,INJECTION,27.39796,True,DRIFT,True,DRIFT,28.04796,True,0,,100,HEALTHY
sht30_temperature_v02,5,3159,3160137,SHT30,temperature_C,INJECTION,27.41131,True,DRIFT,True,DRIFT,28.11131,True,0,,100,HEALTHY
sht30_temperature_v02,5,3160,3161137,SHT30,temperature_C,INJECTION,27.42466,True,DRIFT,True,DRIFT,28.17466,True,0,,100,HEALTHY
sht30_temperature_v02,5,3161,3162137,SHT30,temperature_C,INJECTION,27.43801,True,DRIFT,True,DRIFT,28.23801,True,0,,100,HEALTHY
sht30_temperature_v02,5,3162,3163137,SHT30,temperature_C,INJECTION,27.39796,True,DRIFT,True,DRIFT,28.24796,True,0,,100,HEALTHY
sht30_temperature_v02,5,3163,3164137,SHT30,temperature_C,INJECTION,27.42466,True,DRIFT,True,DRIFT,28.32466,True,0,,100,HEALTHY
sht30_temperature_v02,5,3164,3165137,SHT30,temperature_C,INJECTION,27.42466,True,DRIFT,True,DRIFT,28.37466,True,0,,100,HEALTHY
sht30_temperature_v02,5,3165,3166137,SHT30,temperature_C,INJECTION,27.42466,True,DRIFT,True,DRIFT,28.42466,True,0,,100,HEALTHY
sht30_temperature_v02,5,3166,3167137,SHT30,temperature_C,INJECTION,27.42466,True,DRIFT,True,DRIFT,28.47466,True,0,,100,HEALTHY
sht30_temperature_v02,5,3167,3168137,SHT30,temperature_C,INJECTION,27.43801,True,DRIFT,True,DRIFT,28.53801,True,0,,100,HEALTHY
sht30_temperature_v02,5,3168,3169137,SHT30,temperature_C,INJECTION,27.43801,True,DRIFT,True,DRIFT,28.58801,True,0,,100,HEALTHY
sht30_temperature_v02,5,3169,3170137,SHT30,temperature_C,INJECTION,27.45403,True,DRIFT,True,DRIFT,28.65403,True,0,,100,HEALTHY
sht30_temperature_v02,5,3170,3171137,SHT30,temperature_C,INJECTION,27.43801,True,DRIFT,True,DRIFT,28.68801,True,0,,100,HEALTHY
sht30_temperature_v02,5,3171,3172137,SHT30,temperature_C,INJECTION,27.42466,True,DRIFT,True,DRIFT,28.72466,True,0,,100,HEALTHY
sht30_temperature_v02,5,3172,3173137,SHT30,temperature_C,INJECTION,27.45403,True,DRIFT,True,DRIFT,28.80403,True,0,,100,HEALTHY
sht30_temperature_v02,5,3173,3174137,SHT30,temperature_C,INJECTION,27.43801,True,DRIFT,True,DRIFT,28.83801,True,0,,100,HEALTHY
sht30_temperature_v02,5,3174,3175137,SHT30,temperature_C,INJECTION,27.42466,True,DRIFT,True,DRIFT,28.87466,True,8,,75,DEGRADED
sht30_temperature_v02,5,3175,3176137,SHT30,temperature_C,INJECTION,27.43801,True,DRIFT,True,DRIFT,28.93801,True,8,,75,DEGRADED
sht30_temperature_v02,5,3176,3177137,SHT30,temperature_C,INJECTION,27.45403,True,DRIFT,True,DRIFT,29.00403,True,8,,75,DEGRADED
sht30_temperature_v02,5,3177,3178137,SHT30,temperature_C,INJECTION,27.43801,True,DRIFT,True,DRIFT,29.03801,True,8,,75,DEGRADED
sht30_temperature_v02,5,3178,3179137,SHT30,temperature_C,INJECTION,27.43801,True,DRIFT,True,DRIFT,29.08801,True,8,,75,DEGRADED
sht30_temperature_v02,5,3179,3180137,SHT30,temperature_C,INJECTION,27.43801,True,DRIFT,True,DRIFT,29.13801,True,8,,75,DEGRADED
sht30_temperature_v02,5,3180,3181137,SHT30,temperature_C,INJECTION,27.45403,True,DRIFT,True,DRIFT,29.20403,True,8,,75,DEGRADED
sht30_temperature_v02,5,3181,3182137,SHT30,temperature_C,INJECTION,27.43801,True,DRIFT,True,DRIFT,29.23801,True,8,,75,DEGRADED
sht30_temperature_v02,5,3182,3183137,SHT30,temperature_C,INJECTION,27.45403,True,DRIFT,True,DRIFT,29.30403,True,8,,75,DEGRADED
sht30_temperature_v02,5,3183,3184137,SHT30,temperature_C,INJECTION,27.41131,True,DRIFT,True,DRIFT,29.31131,True,8,,75,DEGRADED
sht30_temperature_v02,5,3184,3185137,SHT30,temperature_C,INJECTION,27.41131,True,DRIFT,True,DRIFT,29.36131,True,8,,75,DEGRADED
sht30_temperature_v02,5,3185,3186137,SHT30,temperature_C,INJECTION,27.42466,True,DRIFT,True,DRIFT,29.42466,True,8,,75,DEGRADED
sht30_temperature_v02,5,3186,3187137,SHT30,temperature_C,INJECTION,27.43801,True,DRIFT,True,DRIFT,29.48801,True,8,,75,DEGRADED
sht30_temperature_v02,5,3187,3188137,SHT30,temperature_C,INJECTION,27.42466,True,DRIFT,True,DRIFT,29.52466,True,8,,75,DEGRADED
sht30_temperature_v02,5,3188,3189137,SHT30,temperature_C,INJECTION,27.43801,True,DRIFT,True,DRIFT,29.58801,True,8,,75,DEGRADED
sht30_temperature_v02,5,3189,3190137,SHT30,temperature_C,INJECTION,27.41131,True,DRIFT,True,DRIFT,29.61131,True,8,,75,DEGRADED
sht30_temperature_v02,5,3190,3191137,SHT30,temperature_C,INJECTION,27.39796,True,DRIFT,True,DRIFT,29.64796,True,8,,75,DEGRADED
sht30_temperature_v02,5,3191,3192137,SHT30,temperature_C,INJECTION,27.41131,True,DRIFT,True,DRIFT,29.71131,True,8,,75,DEGRADED
sht30_temperature_v02,5,3192,3193137,SHT30,temperature_C,INJECTION,27.42466,True,DRIFT,True,DRIFT,29.77466,True,8,,75,DEGRADED
sht30_temperature_v02,5,3193,3194137,SHT30,temperature_C,INJECTION,27.39796,True,DRIFT,True,DRIFT,29.79796,True,8,,75,DEGRADED
sht30_temperature_v02,5,3194,3195137,SHT30,temperature_C,INJECTION,27.38194,True,DRIFT,True,DRIFT,29.83194,True,8,,75,DEGRADED
sht30_temperature_v02,5,3195,3196137,SHT30,temperature_C,INJECTION,27.38194,True,DRIFT,True,DRIFT,29.88194,True,8,,75,DEGRADED
sht30_temperature_v02,5,3196,3197137,SHT30,temperature_C,INJECTION,27.36858,True,DRIFT,True,DRIFT,29.91858,True,8,,75,DEGRADED
sht30_temperature_v02,5,3197,3198137,SHT30,temperature_C,INJECTION,27.39796,True,DRIFT,True,DRIFT,29.99796,True,8,,75,DEGRADED
sht30_temperature_v02,5,3198,3199137,SHT30,temperature_C,INJECTION,27.36858,True,DRIFT,True,DRIFT,30.01858,True,8,,75,DEGRADED
sht30_temperature_v02,5,3199,3200137,SHT30,temperature_C,INJECTION,27.38194,True,DRIFT,True,DRIFT,30.08194,True,8,,75,DEGRADED
sht30_temperature_v02,5,3200,3201137,SHT30,temperature_C,INJECTION,27.35523,True,DRIFT,True,DRIFT,30.10523,True,8,,75,DEGRADED
sht30_temperature_v02,5,3201,3202137,SHT30,temperature_C,INJECTION,27.36858,True,DRIFT,True,DRIFT,30.16858,True,8,,75,DEGRADED
sht30_temperature_v02,5,3202,3203137,SHT30,temperature_C,INJECTION,27.38194,True,DRIFT,True,DRIFT,30.23194,True,8,,75,DEGRADED
sht30_temperature_v02,5,3203,3204137,SHT30,temperature_C,INJECTION,27.36858,True,DRIFT,True,DRIFT,30.26858,True,8,,75,DEGRADED
sht30_temperature_v02,5,3204,3205137,SHT30,temperature_C,INJECTION,27.36858,True,DRIFT,True,DRIFT,30.31858,True,8,,75,DEGRADED
sht30_temperature_v02,5,3205,3206137,SHT30,temperature_C,INJECTION,27.35523,True,DRIFT,True,DRIFT,30.35523,True,8,,75,DEGRADED
sht30_temperature_v02,5,3206,3207137,SHT30,temperature_C,INJECTION,27.33921,True,DRIFT,True,DRIFT,30.38921,True,8,,75,DEGRADED
sht30_temperature_v02,5,3207,3208137,SHT30,temperature_C,INJECTION,27.33921,True,DRIFT,True,DRIFT,30.43921,True,8,,75,DEGRADED
sht30_temperature_v02,5,3208,3209137,SHT30,temperature_C,INJECTION,27.32586,True,DRIFT,True,DRIFT,30.47586,True,8,,75,DEGRADED
sht30_temperature_v02,5,3209,3210137,SHT30,temperature_C,INJECTION,27.33921,True,DRIFT,True,DRIFT,30.53921,True,8,,75,DEGRADED
sht30_temperature_v02,5,3210,3211137,SHT30,temperature_C,INJECTION,27.29916,True,DRIFT,True,DRIFT,30.54916,True,8,,75,DEGRADED
sht30_temperature_v02,5,3211,3212137,SHT30,temperature_C,INJECTION,27.35523,True,DRIFT,True,DRIFT,30.65523,True,8,,75,DEGRADED
sht30_temperature_v02,5,3212,3213137,SHT30,temperature_C,INJECTION,27.33921,True,DRIFT,True,DRIFT,30.68921,True,8,,75,DEGRADED
sht30_temperature_v02,5,3213,3214137,SHT30,temperature_C,INJECTION,27.32586,True,DRIFT,True,DRIFT,30.72586,True,8,,75,DEGRADED
sht30_temperature_v02,5,3214,3215137,SHT30,temperature_C,INJECTION,27.33921,True,DRIFT,True,DRIFT,30.78921,True,8,,75,DEGRADED
sht30_temperature_v02,5,3215,3216137,SHT30,temperature_C,INJECTION,27.33921,True,DRIFT,True,DRIFT,30.83921,True,8,,75,DEGRADED
sht30_temperature_v02,5,3216,3217137,SHT30,temperature_C,INJECTION,27.35523,True,DRIFT,True,DRIFT,30.90523,True,8,,75,DEGRADED
sht30_temperature_v02,5,3217,3218137,SHT30,temperature_C,INJECTION,27.33921,True,DRIFT,True,DRIFT,30.93921,True,8,,75,DEGRADED
sht30_temperature_v02,5,3218,3219137,SHT30,temperature_C,INJECTION,27.32586,True,DRIFT,True,DRIFT,30.97586,True,8,,75,DEGRADED
sht30_temperature_v02,5,3219,3220137,SHT30,temperature_C,INJECTION,27.32586,True,DRIFT,True,DRIFT,31.02586,True,8,,75,DEGRADED
sht30_temperature_v02,5,3220,3221137,SHT30,temperature_C,INJECTION,27.32586,True,DRIFT,True,DRIFT,31.07586,True,8,,75,DEGRADED
sht30_temperature_v02,5,3221,3222137,SHT30,temperature_C,INJECTION,27.31251,True,DRIFT,True,DRIFT,31.11251,True,8,,75,DEGRADED
sht30_temperature_v02,5,3222,3223137,SHT30,temperature_C,INJECTION,27.35523,True,DRIFT,True,DRIFT,31.20523,True,8,,75,DEGRADED
sht30_temperature_v02,5,3223,3224137,SHT30,temperature_C,INJECTION,27.31251,True,DRIFT,True,DRIFT,31.21251,True,8,,75,DEGRADED
sht30_temperature_v02,5,3224,3225137,SHT30,temperature_C,INJECTION,27.31251,True,DRIFT,True,DRIFT,31.26251,True,8,,75,DEGRADED
sht30_temperature_v02,5,3225,3226137,SHT30,temperature_C,INJECTION,27.32586,True,DRIFT,True,DRIFT,31.32586,True,8,,75,DEGRADED
sht30_temperature_v02,5,3226,3227137,SHT30,temperature_C,INJECTION,27.31251,True,DRIFT,True,DRIFT,31.36251,True,8,,75,DEGRADED
sht30_temperature_v02,5,3227,3228137,SHT30,temperature_C,INJECTION,27.29916,True,DRIFT,True,DRIFT,31.39916,True,8,,75,DEGRADED
sht30_temperature_v02,5,3228,3229137,SHT30,temperature_C,INJECTION,27.31251,True,DRIFT,True,DRIFT,31.46251,True,8,,75,DEGRADED
sht30_temperature_v02,5,3229,3230137,SHT30,temperature_C,INJECTION,27.31251,True,DRIFT,True,DRIFT,31.51251,True,8,,75,DEGRADED
sht30_temperature_v02,5,3230,3231137,SHT30,temperature_C,INJECTION,27.31251,True,DRIFT,True,DRIFT,31.56251,True,8,,75,DEGRADED
sht30_temperature_v02,5,3231,3232137,SHT30,temperature_C,INJECTION,27.32586,True,DRIFT,True,DRIFT,31.62586,True,8,,75,DEGRADED
sht30_temperature_v02,5,3232,3233137,SHT30,temperature_C,INJECTION,27.32586,True,DRIFT,True,DRIFT,31.67586,True,8,,75,DEGRADED
sht30_temperature_v02,5,3233,3234137,SHT30,temperature_C,INJECTION,27.32586,True,DRIFT,True,DRIFT,31.72586,True,8,,75,DEGRADED
sht30_temperature_v02,5,3234,3235137,SHT30,temperature_C,INJECTION,27.31251,True,DRIFT,True,DRIFT,31.76251,True,8,,75,DEGRADED
sht30_temperature_v02,5,3235,3236137,SHT30,temperature_C,RECOVERY,27.31251,True,PASS,False,NONE,27.31251,True,4,,75,DEGRADED
sht30_temperature_v02,5,3236,3237137,SHT30,temperature_C,RECOVERY,27.31251,True,PASS,False,NONE,27.31251,True,0,,100,HEALTHY
sht30_temperature_v02,5,3237,3238137,SHT30,temperature_C,RECOVERY,27.32586,True,PASS,False,NONE,27.32586,True,0,,100,HEALTHY
sht30_temperature_v02,5,3238,3239137,SHT30,temperature_C,RECOVERY,27.31251,True,PASS,False,NONE,27.31251,True,0,,100,HEALTHY
sht30_temperature_v02,5,3239,3240137,SHT30,temperature_C,RECOVERY,27.31251,True,PASS,False,NONE,27.31251,True,0,,100,HEALTHY
sht30_temperature_v02,5,3240,3241137,SHT30,temperature_C,RECOVERY,27.32586,True,PASS,False,NONE,27.32586,True,0,,100,HEALTHY
sht30_temperature_v02,5,3241,3242137,SHT30,temperature_C,RECOVERY,27.32586,True,PASS,False,NONE,27.32586,True,0,,100,HEALTHY
sht30_temperature_v02,5,3242,3243137,SHT30,temperature_C,RECOVERY,27.33921,True,PASS,False,NONE,27.33921,True,0,,100,HEALTHY
sht30_temperature_v02,5,3243,3244137,SHT30,temperature_C,RECOVERY,27.32586,True,PASS,False,NONE,27.32586,True,0,,100,HEALTHY
sht30_temperature_v02,5,3244,3245137,SHT30,temperature_C,RECOVERY,27.31251,True,PASS,False,NONE,27.31251,True,0,,100,HEALTHY
sht30_temperature_v02,5,3245,3246137,SHT30,temperature_C,RECOVERY,27.31251,True,PASS,False,NONE,27.31251,True,0,,100,HEALTHY
sht30_temperature_v02,5,3246,3247137,SHT30,temperature_C,RECOVERY,27.32586,True,PASS,False,NONE,27.32586,True,0,,100,HEALTHY
sht30_temperature_v02,5,3247,3248137,SHT30,temperature_C,RECOVERY,27.32586,True,PASS,False,NONE,27.32586,True,0,,100,HEALTHY
sht30_temperature_v02,5,3248,3249137,SHT30,temperature_C,RECOVERY,27.29916,True,PASS,False,NONE,27.29916,True,0,,100,HEALTHY
sht30_temperature_v02,5,3249,3250137,SHT30,temperature_C,RECOVERY,27.32586,True,PASS,False,NONE,27.32586,True,0,,100,HEALTHY
sht30_temperature_v02,5,3250,3251137,SHT30,temperature_C,RECOVERY,27.32586,True,PASS,False,NONE,27.32586,True,0,,100,HEALTHY
sht30_temperature_v02,5,3251,3252137,SHT30,temperature_C,RECOVERY,27.35523,True,PASS,False,NONE,27.35523,True,0,,100,HEALTHY
sht30_temperature_v02,5,3252,3253137,SHT30,temperature_C,RECOVERY,27.33921,True,PASS,False,NONE,27.33921,True,0,,100,HEALTHY
sht30_temperature_v02,5,3253,3254137,SHT30,temperature_C,RECOVERY,27.33921,True,PASS,False,NONE,27.33921,True,0,,100,HEALTHY
sht30_temperature_v02,5,3254,3255137,SHT30,temperature_C,RECOVERY,27.31251,True,PASS,False,NONE,27.31251,True,0,,100,HEALTHY
sht30_temperature_v02,5,3255,3256137,SHT30,temperature_C,RECOVERY,27.31251,True,PASS,False,NONE,27.31251,True,0,,100,HEALTHY
sht30_temperature_v02,5,3256,3257137,SHT30,temperature_C,RECOVERY,27.29916,True,PASS,False,NONE,27.29916,True,0,,100,HEALTHY
sht30_temperature_v02,5,3257,3258137,SHT30,temperature_C,RECOVERY,27.29916,True,PASS,False,NONE,27.29916,True,0,,100,HEALTHY
sht30_temperature_v02,5,3258,3259137,SHT30,temperature_C,RECOVERY,27.29916,True,PASS,False,NONE,27.29916,True,0,,100,HEALTHY
sht30_temperature_v02,5,3259,3260137,SHT30,temperature_C,RECOVERY,27.31251,True,PASS,False,NONE,27.31251,True,0,,100,HEALTHY
sht30_temperature_v02,5,3260,3261137,SHT30,temperature_C,RECOVERY,27.29916,True,PASS,False,NONE,27.29916,True,0,,100,HEALTHY
sht30_temperature_v02,5,3261,3262137,SHT30,temperature_C,RECOVERY,27.28313,True,PASS,False,NONE,27.28313,True,0,,100,HEALTHY
sht30_temperature_v02,5,3262,3263137,SHT30,temperature_C,RECOVERY,27.29916,True,PASS,False,NONE,27.29916,True,0,,100,HEALTHY
sht30_temperature_v02,5,3263,3264137,SHT30,temperature_C,RECOVERY,27.29916,True,PASS,False,NONE,27.29916,True,0,,100,HEALTHY
sht30_temperature_v02,5,3264,3265137,SHT30,temperature_C,RECOVERY,27.31251,True,PASS,False,NONE,27.31251,True,0,,100,HEALTHY
sht30_temperature_v02,5,3265,3266137,SHT30,temperature_C,RECOVERY,27.32586,True,PASS,False,NONE,27.32586,True,0,,100,HEALTHY
sht30_temperature_v02,5,3266,3267137,SHT30,temperature_C,RECOVERY,27.31251,True,PASS,False,NONE,27.31251,True,0,,100,HEALTHY
sht30_temperature_v02,5,3267,3268137,SHT30,temperature_C,RECOVERY,27.32586,True,PASS,False,NONE,27.32586,True,0,,100,HEALTHY
sht30_temperature_v02,5,3268,3269137,SHT30,temperature_C,RECOVERY,27.32586,True,PASS,False,NONE,27.32586,True,0,,100,HEALTHY
sht30_temperature_v02,5,3269,3270137,SHT30,temperature_C,RECOVERY,27.31251,True,PASS,False,NONE,27.31251,True,0,,100,HEALTHY
sht30_temperature_v02,5,3270,3271137,SHT30,temperature_C,RECOVERY,27.32586,True,PASS,False,NONE,27.32586,True,0,,100,HEALTHY
sht30_temperature_v02,5,3271,3272137,SHT30,temperature_C,RECOVERY,27.31251,True,PASS,False,NONE,27.31251,True,0,,100,HEALTHY
sht30_temperature_v02,5,3272,3273137,SHT30,temperature_C,RECOVERY,27.32586,True,PASS,False,NONE,27.32586,True,0,,100,HEALTHY
sht30_temperature_v02,5,3273,3274137,SHT30,temperature_C,RECOVERY,27.35523,True,PASS,False,NONE,27.35523,True,0,,100,HEALTHY
sht30_temperature_v02,5,3274,3275137,SHT30,temperature_C,RECOVERY,27.33921,True,PASS,False,NONE,27.33921,True,0,,100,HEALTHY
sht30_temperature_v02,5,3275,3276137,SHT30,temperature_C,RECOVERY,27.32586,True,PASS,False,NONE,27.32586,True,0,,100,HEALTHY
sht30_temperature_v02,5,3276,3277137,SHT30,temperature_C,RECOVERY,27.32586,True,PASS,False,NONE,27.32586,True,0,,100,HEALTHY
sht30_temperature_v02,5,3277,3278137,SHT30,temperature_C,RECOVERY,27.36858,True,PASS,False,NONE,27.36858,True,0,,100,HEALTHY
sht30_temperature_v02,5,3278,3279137,SHT30,temperature_C,RECOVERY,27.36858,True,PASS,False,NONE,27.36858,True,0,,100,HEALTHY
sht30_temperature_v02,5,3279,3280137,SHT30,temperature_C,RECOVERY,27.35523,True,PASS,False,NONE,27.35523,True,0,,100,HEALTHY
sht30_temperature_v02,5,3280,3281137,SHT30,temperature_C,RECOVERY,27.33921,True,PASS,False,NONE,27.33921,True,0,,100,HEALTHY
sht30_temperature_v02,5,3281,3282137,SHT30,temperature_C,RECOVERY,27.35523,True,PASS,False,NONE,27.35523,True,0,,100,HEALTHY
sht30_temperature_v02,5,3282,3283137,SHT30,temperature_C,RECOVERY,27.33921,True,PASS,False,NONE,27.33921,True,0,,100,HEALTHY
sht30_temperature_v02,5,3283,3284137,SHT30,temperature_C,RECOVERY,27.36858,True,PASS,False,NONE,27.36858,True,0,,100,HEALTHY
sht30_temperature_v02,5,3284,3285137,SHT30,temperature_C,RECOVERY,27.35523,True,PASS,False,NONE,27.35523,True,0,,100,HEALTHY
sht30_temperature_v02,5,3285,3286137,SHT30,temperature_C,RECOVERY,27.35523,True,PASS,False,NONE,27.35523,True,0,,100,HEALTHY
sht30_temperature_v02,5,3286,3287137,SHT30,temperature_C,RECOVERY,27.38194,True,PASS,False,NONE,27.38194,True,0,,100,HEALTHY
sht30_temperature_v02,5,3287,3288137,SHT30,temperature_C,RECOVERY,27.35523,True,PASS,False,NONE,27.35523,True,0,,100,HEALTHY
sht30_temperature_v02,5,3288,3289137,SHT30,temperature_C,RECOVERY,27.35523,True,PASS,False,NONE,27.35523,True,0,,100,HEALTHY
sht30_temperature_v02,5,3289,3290137,SHT30,temperature_C,RECOVERY,27.38194,True,PASS,False,NONE,27.38194,True,0,,100,HEALTHY
sht30_temperature_v02,1,3290,3291137,SHT30,temperature_C,INJECTION,27.36858,True,DROP,True,MISSING,,False,0,,100,HEALTHY
sht30_temperature_v02,1,3291,3292137,SHT30,temperature_C,INJECTION,27.38194,True,DROP,True,MISSING,,False,0,,100,HEALTHY
sht30_temperature_v02,1,3292,3293137,SHT30,temperature_C,INJECTION,27.38194,True,DROP,True,MISSING,,False,16,,45,FAULT
sht30_temperature_v02,1,3293,3294137,SHT30,temperature_C,INJECTION,27.38194,True,DROP,True,MISSING,,False,16,,45,FAULT
sht30_temperature_v02,1,3294,3295137,SHT30,temperature_C,INJECTION,27.36858,True,DROP,True,MISSING,,False,16,,45,FAULT
sht30_temperature_v02,1,3295,3296137,SHT30,temperature_C,INJECTION,27.36858,True,DROP,True,MISSING,,False,16,,45,FAULT
sht30_temperature_v02,1,3296,3297137,SHT30,temperature_C,RECOVERY,27.38194,True,PASS,False,NONE,27.38194,True,0,,100,HEALTHY
sht30_temperature_v02,1,3297,3298137,SHT30,temperature_C,RECOVERY,27.38194,True,PASS,False,NONE,27.38194,True,0,,100,HEALTHY
sht30_temperature_v02,1,3298,3299137,SHT30,temperature_C,RECOVERY,27.36858,True,PASS,False,NONE,27.36858,True,0,,100,HEALTHY
sht30_temperature_v02,1,3299,3300137,SHT30,temperature_C,RECOVERY,27.38194,True,PASS,False,NONE,27.38194,True,0,,100,HEALTHY
sht30_temperature_v02,1,3300,3301137,SHT30,temperature_C,RECOVERY,27.35523,True,PASS,False,NONE,27.35523,True,0,,100,HEALTHY
sht30_temperature_v02,1,3301,3302137,SHT30,temperature_C,RECOVERY,27.35523,True,PASS,False,NONE,27.35523,True,0,,100,HEALTHY
sht30_temperature_v02,1,3302,3303137,SHT30,temperature_C,RECOVERY,27.36858,True,PASS,False,NONE,27.36858,True,0,,100,HEALTHY
sht30_temperature_v02,1,3303,3304137,SHT30,temperature_C,RECOVERY,27.38194,True,PASS,False,NONE,27.38194,True,0,,100,HEALTHY
sht30_temperature_v02,1,3304,3305137,SHT30,temperature_C,RECOVERY,27.38194,True,PASS,False,NONE,27.38194,True,0,,100,HEALTHY
sht30_temperature_v02,1,3305,3306137,SHT30,temperature_C,RECOVERY,27.39796,True,PASS,False,NONE,27.39796,True,0,,100,HEALTHY
sht30_temperature_v02,1,3306,3307137,SHT30,temperature_C,RECOVERY,27.38194,True,PASS,False,NONE,27.38194,True,0,,100,HEALTHY
sht30_temperature_v02,1,3307,3308137,SHT30,temperature_C,RECOVERY,27.36858,True,PASS,False,NONE,27.36858,True,0,,100,HEALTHY
sht30_temperature_v02,1,3308,3309137,SHT30,temperature_C,RECOVERY,27.38194,True,PASS,False,NONE,27.38194,True,0,,100,HEALTHY
sht30_temperature_v02,1,3309,3310137,SHT30,temperature_C,RECOVERY,27.41131,True,PASS,False,NONE,27.41131,True,0,,100,HEALTHY
sht30_temperature_v02,1,3310,3311137,SHT30,temperature_C,RECOVERY,27.39796,True,PASS,False,NONE,27.39796,True,0,,100,HEALTHY
sht30_temperature_v02,1,3311,3312137,SHT30,temperature_C,RECOVERY,27.39796,True,PASS,False,NONE,27.39796,True,0,,100,HEALTHY
sht30_temperature_v02,1,3312,3313137,SHT30,temperature_C,RECOVERY,27.39796,True,PASS,False,NONE,27.39796,True,0,,100,HEALTHY
sht30_temperature_v02,1,3313,3314137,SHT30,temperature_C,RECOVERY,27.36858,True,PASS,False,NONE,27.36858,True,0,,100,HEALTHY
sht30_temperature_v02,1,3314,3315137,SHT30,temperature_C,RECOVERY,27.38194,True,PASS,False,NONE,27.38194,True,0,,100,HEALTHY
sht30_temperature_v02,1,3315,3316137,SHT30,temperature_C,RECOVERY,27.38194,True,PASS,False,NONE,27.38194,True,0,,100,HEALTHY
sht30_temperature_v02,1,3316,3317137,SHT30,temperature_C,RECOVERY,27.41131,True,PASS,False,NONE,27.41131,True,0,,100,HEALTHY
sht30_temperature_v02,1,3317,3318137,SHT30,temperature_C,RECOVERY,27.42466,True,PASS,False,NONE,27.42466,True,0,,100,HEALTHY
sht30_temperature_v02,1,3318,3319137,SHT30,temperature_C,RECOVERY,27.38194,True,PASS,False,NONE,27.38194,True,0,,100,HEALTHY
sht30_temperature_v02,1,3319,3320137,SHT30,temperature_C,RECOVERY,27.41131,True,PASS,False,NONE,27.41131,True,0,,100,HEALTHY
sht30_temperature_v02,1,3320,3321137,SHT30,temperature_C,RECOVERY,27.39796,True,PASS,False,NONE,27.39796,True,0,,100,HEALTHY
sht30_temperature_v02,1,3321,3322137,SHT30,temperature_C,RECOVERY,27.39796,True,PASS,False,NONE,27.39796,True,0,,100,HEALTHY
sht30_temperature_v02,1,3322,3323137,SHT30,temperature_C,RECOVERY,27.38194,True,PASS,False,NONE,27.38194,True,0,,100,HEALTHY
sht30_temperature_v02,1,3323,3324137,SHT30,temperature_C,RECOVERY,27.39796,True,PASS,False,NONE,27.39796,True,0,,100,HEALTHY
sht30_temperature_v02,1,3324,3325137,SHT30,temperature_C,RECOVERY,27.38194,True,PASS,False,NONE,27.38194,True,0,,100,HEALTHY
sht30_temperature_v02,1,3325,3326137,SHT30,temperature_C,RECOVERY,27.39796,True,PASS,False,NONE,27.39796,True,0,,100,HEALTHY
sht30_temperature_v02,1,3326,3327137,SHT30,temperature_C,RECOVERY,27.39796,True,PASS,False,NONE,27.39796,True,0,,100,HEALTHY
sht30_temperature_v02,1,3327,3328137,SHT30,temperature_C,RECOVERY,27.38194,True,PASS,False,NONE,27.38194,True,0,,100,HEALTHY
sht30_temperature_v02,1,3328,3329137,SHT30,temperature_C,RECOVERY,27.41131,True,PASS,False,NONE,27.41131,True,0,,100,HEALTHY
sht30_temperature_v02,1,3329,3330137,SHT30,temperature_C,RECOVERY,27.41131,True,PASS,False,NONE,27.41131,True,0,,100,HEALTHY
sht30_temperature_v02,1,3330,3331137,SHT30,temperature_C,RECOVERY,27.38194,True,PASS,False,NONE,27.38194,True,0,,100,HEALTHY
sht30_temperature_v02,1,3331,3332137,SHT30,temperature_C,RECOVERY,27.39796,True,PASS,False,NONE,27.39796,True,0,,100,HEALTHY
sht30_temperature_v02,1,3332,3333137,SHT30,temperature_C,RECOVERY,27.39796,True,PASS,False,NONE,27.39796,True,0,,100,HEALTHY
sht30_temperature_v02,1,3333,3334137,SHT30,temperature_C,RECOVERY,27.41131,True,PASS,False,NONE,27.41131,True,0,,100,HEALTHY
sht30_temperature_v02,1,3334,3335137,SHT30,temperature_C,RECOVERY,27.41131,True,PASS,False,NONE,27.41131,True,0,,100,HEALTHY
sht30_temperature_v02,1,3335,3336137,SHT30,temperature_C,RECOVERY,27.41131,True,PASS,False,NONE,27.41131,True,0,,100,HEALTHY
sht30_temperature_v02,1,3336,3337137,SHT30,temperature_C,RECOVERY,27.39796,True,PASS,False,NONE,27.39796,True,0,,100,HEALTHY
sht30_temperature_v02,1,3337,3338137,SHT30,temperature_C,RECOVERY,27.41131,True,PASS,False,NONE,27.41131,True,0,,100,HEALTHY
sht30_temperature_v02,1,3338,3339137,SHT30,temperature_C,RECOVERY,27.41131,True,PASS,False,NONE,27.41131,True,0,,100,HEALTHY
sht30_temperature_v02,1,3339,3340137,SHT30,temperature_C,RECOVERY,27.39796,True,PASS,False,NONE,27.39796,True,0,,100,HEALTHY
sht30_temperature_v02,1,3340,3341137,SHT30,temperature_C,RECOVERY,27.41131,True,PASS,False,NONE,27.41131,True,0,,100,HEALTHY
sht30_temperature_v02,1,3341,3342137,SHT30,temperature_C,RECOVERY,27.42466,True,PASS,False,NONE,27.42466,True,0,,100,HEALTHY
sht30_temperature_v02,1,3342,3343137,SHT30,temperature_C,RECOVERY,27.42466,True,PASS,False,NONE,27.42466,True,0,,100,HEALTHY
sht30_temperature_v02,1,3343,3344137,SHT30,temperature_C,RECOVERY,27.41131,True,PASS,False,NONE,27.41131,True,0,,100,HEALTHY
sht30_temperature_v02,1,3344,3345137,SHT30,temperature_C,RECOVERY,27.41131,True,PASS,False,NONE,27.41131,True,0,,100,HEALTHY
sht30_temperature_v02,1,3345,3346137,SHT30,temperature_C,RECOVERY,27.42466,True,PASS,False,NONE,27.42466,True,0,,100,HEALTHY
sht30_temperature_v02,1,3346,3347137,SHT30,temperature_C,RECOVERY,27.43801,True,PASS,False,NONE,27.43801,True,0,,100,HEALTHY
sht30_temperature_v02,1,3347,3348137,SHT30,temperature_C,RECOVERY,27.42466,True,PASS,False,NONE,27.42466,True,0,,100,HEALTHY
sht30_temperature_v02,1,3348,3349137,SHT30,temperature_C,RECOVERY,27.45403,True,PASS,False,NONE,27.45403,True,0,,100,HEALTHY
sht30_temperature_v02,1,3349,3350137,SHT30,temperature_C,RECOVERY,27.42466,True,PASS,False,NONE,27.42466,True,0,,100,HEALTHY
sht30_temperature_v02,1,3350,3351137,SHT30,temperature_C,RECOVERY,27.42466,True,PASS,False,NONE,27.42466,True,0,,100,HEALTHY
sht30_temperature_v02,2,3351,3352137,SHT30,temperature_C,INJECTION,27.42466,True,DROP,True,MISSING,,False,0,,100,HEALTHY
sht30_temperature_v02,2,3352,3353137,SHT30,temperature_C,INJECTION,27.45403,True,DROP,True,MISSING,,False,0,,100,HEALTHY
sht30_temperature_v02,2,3353,3354137,SHT30,temperature_C,INJECTION,27.45403,True,DROP,True,MISSING,,False,16,,45,FAULT
sht30_temperature_v02,2,3354,3355137,SHT30,temperature_C,INJECTION,27.45403,True,DROP,True,MISSING,,False,16,,45,FAULT
sht30_temperature_v02,2,3355,3356137,SHT30,temperature_C,INJECTION,27.43801,True,DROP,True,MISSING,,False,16,,45,FAULT
sht30_temperature_v02,2,3356,3357137,SHT30,temperature_C,INJECTION,27.43801,True,DROP,True,MISSING,,False,16,,45,FAULT
sht30_temperature_v02,2,3357,3358137,SHT30,temperature_C,RECOVERY,27.46738,True,PASS,False,NONE,27.46738,True,0,,100,HEALTHY
sht30_temperature_v02,2,3358,3359137,SHT30,temperature_C,RECOVERY,27.45403,True,PASS,False,NONE,27.45403,True,0,,100,HEALTHY
sht30_temperature_v02,2,3359,3360137,SHT30,temperature_C,RECOVERY,27.45403,True,PASS,False,NONE,27.45403,True,0,,100,HEALTHY
sht30_temperature_v02,2,3360,3361137,SHT30,temperature_C,RECOVERY,27.46738,True,PASS,False,NONE,27.46738,True,0,,100,HEALTHY
sht30_temperature_v02,2,3361,3362137,SHT30,temperature_C,RECOVERY,27.45403,True,PASS,False,NONE,27.45403,True,0,,100,HEALTHY
sht30_temperature_v02,2,3362,3363137,SHT30,temperature_C,RECOVERY,27.48074,True,PASS,False,NONE,27.48074,True,0,,100,HEALTHY
sht30_temperature_v02,2,3363,3364137,SHT30,temperature_C,RECOVERY,27.48074,True,PASS,False,NONE,27.48074,True,0,,100,HEALTHY
sht30_temperature_v02,2,3364,3365137,SHT30,temperature_C,RECOVERY,27.48074,True,PASS,False,NONE,27.48074,True,0,,100,HEALTHY
sht30_temperature_v02,2,3365,3366137,SHT30,temperature_C,RECOVERY,27.45403,True,PASS,False,NONE,27.45403,True,0,,100,HEALTHY
sht30_temperature_v02,2,3366,3367137,SHT30,temperature_C,RECOVERY,27.48074,True,PASS,False,NONE,27.48074,True,0,,100,HEALTHY
sht30_temperature_v02,2,3367,3368137,SHT30,temperature_C,RECOVERY,27.46738,True,PASS,False,NONE,27.46738,True,0,,100,HEALTHY
sht30_temperature_v02,2,3368,3369137,SHT30,temperature_C,RECOVERY,27.46738,True,PASS,False,NONE,27.46738,True,0,,100,HEALTHY
sht30_temperature_v02,2,3369,3370137,SHT30,temperature_C,RECOVERY,27.46738,True,PASS,False,NONE,27.46738,True,0,,100,HEALTHY
sht30_temperature_v02,2,3370,3371137,SHT30,temperature_C,RECOVERY,27.49409,True,PASS,False,NONE,27.49409,True,0,,100,HEALTHY
sht30_temperature_v02,2,3371,3372137,SHT30,temperature_C,RECOVERY,27.48074,True,PASS,False,NONE,27.48074,True,0,,100,HEALTHY
sht30_temperature_v02,2,3372,3373137,SHT30,temperature_C,RECOVERY,27.49409,True,PASS,False,NONE,27.49409,True,0,,100,HEALTHY
sht30_temperature_v02,2,3373,3374137,SHT30,temperature_C,RECOVERY,27.49409,True,PASS,False,NONE,27.49409,True,0,,100,HEALTHY
sht30_temperature_v02,2,3374,3375137,SHT30,temperature_C,RECOVERY,27.48074,True,PASS,False,NONE,27.48074,True,0,,100,HEALTHY
sht30_temperature_v02,2,3375,3376137,SHT30,temperature_C,RECOVERY,27.49409,True,PASS,False,NONE,27.49409,True,0,,100,HEALTHY
sht30_temperature_v02,2,3376,3377137,SHT30,temperature_C,RECOVERY,27.48074,True,PASS,False,NONE,27.48074,True,0,,100,HEALTHY
sht30_temperature_v02,2,3377,3378137,SHT30,temperature_C,RECOVERY,27.49409,True,PASS,False,NONE,27.49409,True,0,,100,HEALTHY
sht30_temperature_v02,2,3378,3379137,SHT30,temperature_C,RECOVERY,27.49409,True,PASS,False,NONE,27.49409,True,0,,100,HEALTHY
sht30_temperature_v02,2,3379,3380137,SHT30,temperature_C,RECOVERY,27.52346,True,PASS,False,NONE,27.52346,True,0,,100,HEALTHY
sht30_temperature_v02,2,3380,3381137,SHT30,temperature_C,RECOVERY,27.48074,True,PASS,False,NONE,27.48074,True,0,,100,HEALTHY
sht30_temperature_v02,2,3381,3382137,SHT30,temperature_C,RECOVERY,27.49409,True,PASS,False,NONE,27.49409,True,0,,100,HEALTHY
sht30_temperature_v02,2,3382,3383137,SHT30,temperature_C,RECOVERY,27.48074,True,PASS,False,NONE,27.48074,True,0,,100,HEALTHY
sht30_temperature_v02,2,3383,3384137,SHT30,temperature_C,RECOVERY,27.48074,True,PASS,False,NONE,27.48074,True,0,,100,HEALTHY
sht30_temperature_v02,2,3384,3385137,SHT30,temperature_C,RECOVERY,27.49409,True,PASS,False,NONE,27.49409,True,0,,100,HEALTHY
sht30_temperature_v02,2,3385,3386137,SHT30,temperature_C,RECOVERY,27.48074,True,PASS,False,NONE,27.48074,True,0,,100,HEALTHY
sht30_temperature_v02,2,3386,3387137,SHT30,temperature_C,RECOVERY,27.51011,True,PASS,False,NONE,27.51011,True,0,,100,HEALTHY
sht30_temperature_v02,2,3387,3388137,SHT30,temperature_C,RECOVERY,27.51011,True,PASS,False,NONE,27.51011,True,0,,100,HEALTHY
sht30_temperature_v02,2,3388,3389137,SHT30,temperature_C,RECOVERY,27.48074,True,PASS,False,NONE,27.48074,True,0,,100,HEALTHY
sht30_temperature_v02,2,3389,3390137,SHT30,temperature_C,RECOVERY,27.49409,True,PASS,False,NONE,27.49409,True,0,,100,HEALTHY
sht30_temperature_v02,2,3390,3391137,SHT30,temperature_C,RECOVERY,27.48074,True,PASS,False,NONE,27.48074,True,0,,100,HEALTHY
sht30_temperature_v02,2,3391,3392137,SHT30,temperature_C,RECOVERY,27.48074,True,PASS,False,NONE,27.48074,True,0,,100,HEALTHY
sht30_temperature_v02,2,3392,3393137,SHT30,temperature_C,RECOVERY,27.51011,True,PASS,False,NONE,27.51011,True,0,,100,HEALTHY
sht30_temperature_v02,2,3393,3394137,SHT30,temperature_C,RECOVERY,27.46738,True,PASS,False,NONE,27.46738,True,0,,100,HEALTHY
sht30_temperature_v02,2,3394,3395137,SHT30,temperature_C,RECOVERY,27.46738,True,PASS,False,NONE,27.46738,True,0,,100,HEALTHY
sht30_temperature_v02,2,3395,3396137,SHT30,temperature_C,RECOVERY,27.51011,True,PASS,False,NONE,27.51011,True,0,,100,HEALTHY
sht30_temperature_v02,2,3396,3397137,SHT30,temperature_C,RECOVERY,27.48074,True,PASS,False,NONE,27.48074,True,0,,100,HEALTHY
sht30_temperature_v02,2,3397,3398137,SHT30,temperature_C,RECOVERY,27.49409,True,PASS,False,NONE,27.49409,True,0,,100,HEALTHY
sht30_temperature_v02,2,3398,3399137,SHT30,temperature_C,RECOVERY,27.49409,True,PASS,False,NONE,27.49409,True,0,,100,HEALTHY
sht30_temperature_v02,2,3399,3400137,SHT30,temperature_C,RECOVERY,27.48074,True,PASS,False,NONE,27.48074,True,0,,100,HEALTHY
sht30_temperature_v02,2,3400,3401137,SHT30,temperature_C,RECOVERY,27.48074,True,PASS,False,NONE,27.48074,True,0,,100,HEALTHY
sht30_temperature_v02,2,3401,3402137,SHT30,temperature_C,RECOVERY,27.49409,True,PASS,False,NONE,27.49409,True,0,,100,HEALTHY
sht30_temperature_v02,2,3402,3403137,SHT30,temperature_C,RECOVERY,27.46738,True,PASS,False,NONE,27.46738,True,0,,100,HEALTHY
sht30_temperature_v02,2,3403,3404137,SHT30,temperature_C,RECOVERY,27.46738,True,PASS,False,NONE,27.46738,True,0,,100,HEALTHY
sht30_temperature_v02,2,3404,3405137,SHT30,temperature_C,RECOVERY,27.48074,True,PASS,False,NONE,27.48074,True,0,,100,HEALTHY
sht30_temperature_v02,2,3405,3406137,SHT30,temperature_C,RECOVERY,27.46738,True,PASS,False,NONE,27.46738,True,0,,100,HEALTHY
sht30_temperature_v02,2,3406,3407137,SHT30,temperature_C,RECOVERY,27.46738,True,PASS,False,NONE,27.46738,True,0,,100,HEALTHY
sht30_temperature_v02,2,3407,3408137,SHT30,temperature_C,RECOVERY,27.48074,True,PASS,False,NONE,27.48074,True,0,,100,HEALTHY
sht30_temperature_v02,2,3408,3409137,SHT30,temperature_C,RECOVERY,27.48074,True,PASS,False,NONE,27.48074,True,0,,100,HEALTHY
sht30_temperature_v02,2,3409,3410137,SHT30,temperature_C,RECOVERY,27.48074,True,PASS,False,NONE,27.48074,True,0,,100,HEALTHY
sht30_temperature_v02,2,3410,3411137,SHT30,temperature_C,RECOVERY,27.46738,True,PASS,False,NONE,27.46738,True,0,,100,HEALTHY
sht30_temperature_v02,2,3411,3412137,SHT30,temperature_C,RECOVERY,27.48074,True,PASS,False,NONE,27.48074,True,0,,100,HEALTHY
sht30_temperature_v02,3,3412,3413137,SHT30,temperature_C,INJECTION,27.46738,True,DROP,True,MISSING,,False,0,,100,HEALTHY
sht30_temperature_v02,3,3413,3414137,SHT30,temperature_C,INJECTION,27.43801,True,DROP,True,MISSING,,False,0,,100,HEALTHY
sht30_temperature_v02,3,3414,3415137,SHT30,temperature_C,INJECTION,27.42466,True,DROP,True,MISSING,,False,16,,45,FAULT
sht30_temperature_v02,3,3415,3416137,SHT30,temperature_C,INJECTION,27.41131,True,DROP,True,MISSING,,False,16,,45,FAULT
sht30_temperature_v02,3,3416,3417137,SHT30,temperature_C,INJECTION,27.42466,True,DROP,True,MISSING,,False,16,,45,FAULT
sht30_temperature_v02,3,3417,3418137,SHT30,temperature_C,INJECTION,27.42466,True,DROP,True,MISSING,,False,16,,45,FAULT
sht30_temperature_v02,3,3418,3419137,SHT30,temperature_C,RECOVERY,27.42466,True,PASS,False,NONE,27.42466,True,0,,100,HEALTHY
sht30_temperature_v02,3,3419,3420137,SHT30,temperature_C,RECOVERY,27.42466,True,PASS,False,NONE,27.42466,True,0,,100,HEALTHY
sht30_temperature_v02,3,3420,3421137,SHT30,temperature_C,RECOVERY,27.39796,True,PASS,False,NONE,27.39796,True,0,,100,HEALTHY
sht30_temperature_v02,3,3421,3422137,SHT30,temperature_C,RECOVERY,27.39796,True,PASS,False,NONE,27.39796,True,0,,100,HEALTHY
sht30_temperature_v02,3,3422,3423137,SHT30,temperature_C,RECOVERY,27.39796,True,PASS,False,NONE,27.39796,True,0,,100,HEALTHY
sht30_temperature_v02,3,3423,3424137,SHT30,temperature_C,RECOVERY,27.39796,True,PASS,False,NONE,27.39796,True,0,,100,HEALTHY
sht30_temperature_v02,3,3424,3425137,SHT30,temperature_C,RECOVERY,27.38194,True,PASS,False,NONE,27.38194,True,0,,100,HEALTHY
sht30_temperature_v02,3,3425,3426137,SHT30,temperature_C,RECOVERY,27.39796,True,PASS,False,NONE,27.39796,True,0,,100,HEALTHY
sht30_temperature_v02,3,3426,3427137,SHT30,temperature_C,RECOVERY,27.36858,True,PASS,False,NONE,27.36858,True,0,,100,HEALTHY
sht30_temperature_v02,3,3427,3428137,SHT30,temperature_C,RECOVERY,27.41131,True,PASS,False,NONE,27.41131,True,0,,100,HEALTHY
sht30_temperature_v02,3,3428,3429137,SHT30,temperature_C,RECOVERY,27.39796,True,PASS,False,NONE,27.39796,True,0,,100,HEALTHY
sht30_temperature_v02,3,3429,3430137,SHT30,temperature_C,RECOVERY,27.41131,True,PASS,False,NONE,27.41131,True,0,,100,HEALTHY
sht30_temperature_v02,3,3430,3431137,SHT30,temperature_C,RECOVERY,27.39796,True,PASS,False,NONE,27.39796,True,0,,100,HEALTHY
sht30_temperature_v02,3,3431,3432137,SHT30,temperature_C,RECOVERY,27.38194,True,PASS,False,NONE,27.38194,True,0,,100,HEALTHY
sht30_temperature_v02,3,3432,3433137,SHT30,temperature_C,RECOVERY,27.41131,True,PASS,False,NONE,27.41131,True,0,,100,HEALTHY
sht30_temperature_v02,3,3433,3434137,SHT30,temperature_C,RECOVERY,27.38194,True,PASS,False,NONE,27.38194,True,0,,100,HEALTHY
sht30_temperature_v02,3,3434,3435137,SHT30,temperature_C,RECOVERY,27.39796,True,PASS,False,NONE,27.39796,True,0,,100,HEALTHY
sht30_temperature_v02,3,3435,3436137,SHT30,temperature_C,RECOVERY,27.41131,True,PASS,False,NONE,27.41131,True,0,,100,HEALTHY
sht30_temperature_v02,3,3436,3437137,SHT30,temperature_C,RECOVERY,27.41131,True,PASS,False,NONE,27.41131,True,0,,100,HEALTHY
sht30_temperature_v02,3,3437,3438137,SHT30,temperature_C,RECOVERY,27.41131,True,PASS,False,NONE,27.41131,True,0,,100,HEALTHY
sht30_temperature_v02,3,3438,3439137,SHT30,temperature_C,RECOVERY,27.42466,True,PASS,False,NONE,27.42466,True,0,,100,HEALTHY
sht30_temperature_v02,3,3439,3440137,SHT30,temperature_C,RECOVERY,27.42466,True,PASS,False,NONE,27.42466,True,0,,100,HEALTHY
sht30_temperature_v02,3,3440,3441137,SHT30,temperature_C,RECOVERY,27.39796,True,PASS,False,NONE,27.39796,True,0,,100,HEALTHY
sht30_temperature_v02,3,3441,3442137,SHT30,temperature_C,RECOVERY,27.43801,True,PASS,False,NONE,27.43801,True,0,,100,HEALTHY
sht30_temperature_v02,3,3442,3443137,SHT30,temperature_C,RECOVERY,27.41131,True,PASS,False,NONE,27.41131,True,0,,100,HEALTHY
sht30_temperature_v02,3,3443,3444137,SHT30,temperature_C,RECOVERY,27.41131,True,PASS,False,NONE,27.41131,True,0,,100,HEALTHY
sht30_temperature_v02,3,3444,3445137,SHT30,temperature_C,RECOVERY,27.39796,True,PASS,False,NONE,27.39796,True,0,,100,HEALTHY
sht30_temperature_v02,3,3445,3446137,SHT30,temperature_C,RECOVERY,27.41131,True,PASS,False,NONE,27.41131,True,0,,100,HEALTHY
sht30_temperature_v02,3,3446,3447137,SHT30,temperature_C,RECOVERY,27.41131,True,PASS,False,NONE,27.41131,True,0,,100,HEALTHY
sht30_temperature_v02,3,3447,3448137,SHT30,temperature_C,RECOVERY,27.38194,True,PASS,False,NONE,27.38194,True,0,,100,HEALTHY
sht30_temperature_v02,3,3448,3449137,SHT30,temperature_C,RECOVERY,27.39796,True,PASS,False,NONE,27.39796,True,0,,100,HEALTHY
sht30_temperature_v02,3,3449,3450137,SHT30,temperature_C,RECOVERY,27.41131,True,PASS,False,NONE,27.41131,True,0,,100,HEALTHY
sht30_temperature_v02,3,3450,3451137,SHT30,temperature_C,RECOVERY,27.39796,True,PASS,False,NONE,27.39796,True,0,,100,HEALTHY
sht30_temperature_v02,3,3451,3452137,SHT30,temperature_C,RECOVERY,27.38194,True,PASS,False,NONE,27.38194,True,0,,100,HEALTHY
sht30_temperature_v02,3,3452,3453137,SHT30,temperature_C,RECOVERY,27.39796,True,PASS,False,NONE,27.39796,True,0,,100,HEALTHY
sht30_temperature_v02,3,3453,3454137,SHT30,temperature_C,RECOVERY,27.39796,True,PASS,False,NONE,27.39796,True,0,,100,HEALTHY
sht30_temperature_v02,3,3454,3455137,SHT30,temperature_C,RECOVERY,27.39796,True,PASS,False,NONE,27.39796,True,0,,100,HEALTHY
sht30_temperature_v02,3,3455,3456137,SHT30,temperature_C,RECOVERY,27.39796,True,PASS,False,NONE,27.39796,True,0,,100,HEALTHY
sht30_temperature_v02,3,3456,3457137,SHT30,temperature_C,RECOVERY,27.41131,True,PASS,False,NONE,27.41131,True,0,,100,HEALTHY
sht30_temperature_v02,3,3457,3458137,SHT30,temperature_C,RECOVERY,27.41131,True,PASS,False,NONE,27.41131,True,0,,100,HEALTHY
sht30_temperature_v02,3,3458,3459137,SHT30,temperature_C,RECOVERY,27.41131,True,PASS,False,NONE,27.41131,True,0,,100,HEALTHY
sht30_temperature_v02,3,3459,3460137,SHT30,temperature_C,RECOVERY,27.41131,True,PASS,False,NONE,27.41131,True,0,,100,HEALTHY
sht30_temperature_v02,3,3460,3461137,SHT30,temperature_C,RECOVERY,27.39796,True,PASS,False,NONE,27.39796,True,0,,100,HEALTHY
sht30_temperature_v02,3,3461,3462137,SHT30,temperature_C,RECOVERY,27.39796,True,PASS,False,NONE,27.39796,True,0,,100,HEALTHY
sht30_temperature_v02,3,3462,3463137,SHT30,temperature_C,RECOVERY,27.38194,True,PASS,False,NONE,27.38194,True,0,,100,HEALTHY
sht30_temperature_v02,3,3463,3464137,SHT30,temperature_C,RECOVERY,27.36858,True,PASS,False,NONE,27.36858,True,0,,100,HEALTHY
sht30_temperature_v02,3,3464,3465137,SHT30,temperature_C,RECOVERY,27.36858,True,PASS,False,NONE,27.36858,True,0,,100,HEALTHY
sht30_temperature_v02,3,3465,3466137,SHT30,temperature_C,RECOVERY,27.36858,True,PASS,False,NONE,27.36858,True,0,,100,HEALTHY
sht30_temperature_v02,3,3466,3467137,SHT30,temperature_C,RECOVERY,27.36858,True,PASS,False,NONE,27.36858,True,0,,100,HEALTHY
sht30_temperature_v02,3,3467,3468137,SHT30,temperature_C,RECOVERY,27.38194,True,PASS,False,NONE,27.38194,True,0,,100,HEALTHY
sht30_temperature_v02,3,3468,3469137,SHT30,temperature_C,RECOVERY,27.35523,True,PASS,False,NONE,27.35523,True,0,,100,HEALTHY
sht30_temperature_v02,3,3469,3470137,SHT30,temperature_C,RECOVERY,27.36858,True,PASS,False,NONE,27.36858,True,0,,100,HEALTHY
sht30_temperature_v02,3,3470,3471137,SHT30,temperature_C,RECOVERY,27.38194,True,PASS,False,NONE,27.38194,True,0,,100,HEALTHY
sht30_temperature_v02,3,3471,3472137,SHT30,temperature_C,RECOVERY,27.38194,True,PASS,False,NONE,27.38194,True,0,,100,HEALTHY
sht30_temperature_v02,3,3472,3473137,SHT30,temperature_C,RECOVERY,27.35523,True,PASS,False,NONE,27.35523,True,0,,100,HEALTHY
sht30_temperature_v02,4,3473,3474137,SHT30,temperature_C,INJECTION,27.39796,True,DROP,True,MISSING,,False,0,,100,HEALTHY
sht30_temperature_v02,4,3474,3475137,SHT30,temperature_C,INJECTION,27.39796,True,DROP,True,MISSING,,False,0,,100,HEALTHY
sht30_temperature_v02,4,3475,3476137,SHT30,temperature_C,INJECTION,27.36858,True,DROP,True,MISSING,,False,16,,45,FAULT
sht30_temperature_v02,4,3476,3477137,SHT30,temperature_C,INJECTION,27.35523,True,DROP,True,MISSING,,False,16,,45,FAULT
sht30_temperature_v02,4,3477,3478137,SHT30,temperature_C,INJECTION,27.35523,True,DROP,True,MISSING,,False,16,,45,FAULT
sht30_temperature_v02,4,3478,3479137,SHT30,temperature_C,INJECTION,27.36858,True,DROP,True,MISSING,,False,16,,45,FAULT
sht30_temperature_v02,4,3479,3480137,SHT30,temperature_C,RECOVERY,27.36858,True,PASS,False,NONE,27.36858,True,0,,100,HEALTHY
sht30_temperature_v02,4,3480,3481137,SHT30,temperature_C,RECOVERY,27.38194,True,PASS,False,NONE,27.38194,True,0,,100,HEALTHY
sht30_temperature_v02,4,3481,3482137,SHT30,temperature_C,RECOVERY,27.35523,True,PASS,False,NONE,27.35523,True,0,,100,HEALTHY
sht30_temperature_v02,4,3482,3483137,SHT30,temperature_C,RECOVERY,27.36858,True,PASS,False,NONE,27.36858,True,0,,100,HEALTHY
sht30_temperature_v02,4,3483,3484137,SHT30,temperature_C,RECOVERY,27.35523,True,PASS,False,NONE,27.35523,True,0,,100,HEALTHY
sht30_temperature_v02,4,3484,3485137,SHT30,temperature_C,RECOVERY,27.33921,True,PASS,False,NONE,27.33921,True,0,,100,HEALTHY
sht30_temperature_v02,4,3485,3486137,SHT30,temperature_C,RECOVERY,27.33921,True,PASS,False,NONE,27.33921,True,0,,100,HEALTHY
sht30_temperature_v02,4,3486,3487137,SHT30,temperature_C,RECOVERY,27.35523,True,PASS,False,NONE,27.35523,True,0,,100,HEALTHY
sht30_temperature_v02,4,3487,3488137,SHT30,temperature_C,RECOVERY,27.32586,True,PASS,False,NONE,27.32586,True,0,,100,HEALTHY
sht30_temperature_v02,4,3488,3489137,SHT30,temperature_C,RECOVERY,27.31251,True,PASS,False,NONE,27.31251,True,0,,100,HEALTHY
sht30_temperature_v02,4,3489,3490137,SHT30,temperature_C,RECOVERY,27.35523,True,PASS,False,NONE,27.35523,True,0,,100,HEALTHY
sht30_temperature_v02,4,3490,3491137,SHT30,temperature_C,RECOVERY,27.32586,True,PASS,False,NONE,27.32586,True,0,,100,HEALTHY
sht30_temperature_v02,4,3491,3492137,SHT30,temperature_C,RECOVERY,27.32586,True,PASS,False,NONE,27.32586,True,0,,100,HEALTHY
sht30_temperature_v02,4,3492,3493137,SHT30,temperature_C,RECOVERY,27.35523,True,PASS,False,NONE,27.35523,True,0,,100,HEALTHY
sht30_temperature_v02,4,3493,3494137,SHT30,temperature_C,RECOVERY,27.35523,True,PASS,False,NONE,27.35523,True,0,,100,HEALTHY
sht30_temperature_v02,4,3494,3495137,SHT30,temperature_C,RECOVERY,27.35523,True,PASS,False,NONE,27.35523,True,0,,100,HEALTHY
sht30_temperature_v02,4,3495,3496137,SHT30,temperature_C,RECOVERY,27.35523,True,PASS,False,NONE,27.35523,True,0,,100,HEALTHY
sht30_temperature_v02,4,3496,3497137,SHT30,temperature_C,RECOVERY,27.32586,True,PASS,False,NONE,27.32586,True,0,,100,HEALTHY
sht30_temperature_v02,4,3497,3498137,SHT30,temperature_C,RECOVERY,27.32586,True,PASS,False,NONE,27.32586,True,0,,100,HEALTHY
sht30_temperature_v02,4,3498,3499137,SHT30,temperature_C,RECOVERY,27.32586,True,PASS,False,NONE,27.32586,True,0,,100,HEALTHY
sht30_temperature_v02,4,3499,3500137,SHT30,temperature_C,RECOVERY,27.33921,True,PASS,False,NONE,27.33921,True,0,,100,HEALTHY
sht30_temperature_v02,4,3500,3501137,SHT30,temperature_C,RECOVERY,27.32586,True,PASS,False,NONE,27.32586,True,0,,100,HEALTHY
sht30_temperature_v02,4,3501,3502137,SHT30,temperature_C,RECOVERY,27.35523,True,PASS,False,NONE,27.35523,True,0,,100,HEALTHY
sht30_temperature_v02,4,3502,3503137,SHT30,temperature_C,RECOVERY,27.35523,True,PASS,False,NONE,27.35523,True,0,,100,HEALTHY
sht30_temperature_v02,4,3503,3504137,SHT30,temperature_C,RECOVERY,27.31251,True,PASS,False,NONE,27.31251,True,0,,100,HEALTHY
sht30_temperature_v02,4,3504,3505137,SHT30,temperature_C,RECOVERY,27.32586,True,PASS,False,NONE,27.32586,True,0,,100,HEALTHY
sht30_temperature_v02,4,3505,3506137,SHT30,temperature_C,RECOVERY,27.31251,True,PASS,False,NONE,27.31251,True,0,,100,HEALTHY
sht30_temperature_v02,4,3506,3507137,SHT30,temperature_C,RECOVERY,27.33921,True,PASS,False,NONE,27.33921,True,0,,100,HEALTHY
sht30_temperature_v02,4,3507,3508137,SHT30,temperature_C,RECOVERY,27.31251,True,PASS,False,NONE,27.31251,True,0,,100,HEALTHY
sht30_temperature_v02,4,3508,3509137,SHT30,temperature_C,RECOVERY,27.33921,True,PASS,False,NONE,27.33921,True,0,,100,HEALTHY
sht30_temperature_v02,4,3509,3510137,SHT30,temperature_C,RECOVERY,27.31251,True,PASS,False,NONE,27.31251,True,0,,100,HEALTHY
sht30_temperature_v02,4,3510,3511137,SHT30,temperature_C,RECOVERY,27.32586,True,PASS,False,NONE,27.32586,True,0,,100,HEALTHY
sht30_temperature_v02,4,3511,3512137,SHT30,temperature_C,RECOVERY,27.33921,True,PASS,False,NONE,27.33921,True,0,,100,HEALTHY
sht30_temperature_v02,4,3512,3513137,SHT30,temperature_C,RECOVERY,27.32586,True,PASS,False,NONE,27.32586,True,0,,100,HEALTHY
sht30_temperature_v02,4,3513,3514137,SHT30,temperature_C,RECOVERY,27.31251,True,PASS,False,NONE,27.31251,True,0,,100,HEALTHY
sht30_temperature_v02,4,3514,3515137,SHT30,temperature_C,RECOVERY,27.32586,True,PASS,False,NONE,27.32586,True,0,,100,HEALTHY
sht30_temperature_v02,4,3515,3516137,SHT30,temperature_C,RECOVERY,27.31251,True,PASS,False,NONE,27.31251,True,0,,100,HEALTHY
sht30_temperature_v02,4,3516,3517137,SHT30,temperature_C,RECOVERY,27.33921,True,PASS,False,NONE,27.33921,True,0,,100,HEALTHY
sht30_temperature_v02,4,3517,3518137,SHT30,temperature_C,RECOVERY,27.32586,True,PASS,False,NONE,27.32586,True,0,,100,HEALTHY
sht30_temperature_v02,4,3518,3519137,SHT30,temperature_C,RECOVERY,27.31251,True,PASS,False,NONE,27.31251,True,0,,100,HEALTHY
sht30_temperature_v02,4,3519,3520137,SHT30,temperature_C,RECOVERY,27.31251,True,PASS,False,NONE,27.31251,True,0,,100,HEALTHY
sht30_temperature_v02,4,3520,3521137,SHT30,temperature_C,RECOVERY,27.32586,True,PASS,False,NONE,27.32586,True,0,,100,HEALTHY
sht30_temperature_v02,4,3521,3522137,SHT30,temperature_C,RECOVERY,27.29916,True,PASS,False,NONE,27.29916,True,0,,100,HEALTHY
sht30_temperature_v02,4,3522,3523137,SHT30,temperature_C,RECOVERY,27.31251,True,PASS,False,NONE,27.31251,True,0,,100,HEALTHY
sht30_temperature_v02,4,3523,3524137,SHT30,temperature_C,RECOVERY,27.29916,True,PASS,False,NONE,27.29916,True,0,,100,HEALTHY
sht30_temperature_v02,4,3524,3525137,SHT30,temperature_C,RECOVERY,27.31251,True,PASS,False,NONE,27.31251,True,0,,100,HEALTHY
sht30_temperature_v02,4,3525,3526137,SHT30,temperature_C,RECOVERY,27.32586,True,PASS,False,NONE,27.32586,True,0,,100,HEALTHY
sht30_temperature_v02,4,3526,3527137,SHT30,temperature_C,RECOVERY,27.29916,True,PASS,False,NONE,27.29916,True,0,,100,HEALTHY
sht30_temperature_v02,4,3527,3528137,SHT30,temperature_C,RECOVERY,27.28313,True,PASS,False,NONE,27.28313,True,0,,100,HEALTHY
sht30_temperature_v02,4,3528,3529137,SHT30,temperature_C,RECOVERY,27.31251,True,PASS,False,NONE,27.31251,True,0,,100,HEALTHY
sht30_temperature_v02,4,3529,3530137,SHT30,temperature_C,RECOVERY,27.32586,True,PASS,False,NONE,27.32586,True,0,,100,HEALTHY
sht30_temperature_v02,4,3530,3531137,SHT30,temperature_C,RECOVERY,27.29916,True,PASS,False,NONE,27.29916,True,0,,100,HEALTHY
sht30_temperature_v02,4,3531,3532137,SHT30,temperature_C,RECOVERY,27.29916,True,PASS,False,NONE,27.29916,True,0,,100,HEALTHY
sht30_temperature_v02,4,3532,3533137,SHT30,temperature_C,RECOVERY,27.29916,True,PASS,False,NONE,27.29916,True,0,,100,HEALTHY
sht30_temperature_v02,4,3533,3534137,SHT30,temperature_C,RECOVERY,27.29916,True,PASS,False,NONE,27.29916,True,0,,100,HEALTHY
sht30_temperature_v02,5,3534,3535137,SHT30,temperature_C,INJECTION,27.33921,True,DROP,True,MISSING,,False,0,,100,HEALTHY
sht30_temperature_v02,5,3535,3536137,SHT30,temperature_C,INJECTION,27.31251,True,DROP,True,MISSING,,False,0,,100,HEALTHY
sht30_temperature_v02,5,3536,3537137,SHT30,temperature_C,INJECTION,27.32586,True,DROP,True,MISSING,,False,16,,45,FAULT
sht30_temperature_v02,5,3537,3538137,SHT30,temperature_C,INJECTION,27.32586,True,DROP,True,MISSING,,False,16,,45,FAULT
sht30_temperature_v02,5,3538,3539137,SHT30,temperature_C,INJECTION,27.32586,True,DROP,True,MISSING,,False,16,,45,FAULT
sht30_temperature_v02,5,3539,3540137,SHT30,temperature_C,INJECTION,27.32586,True,DROP,True,MISSING,,False,16,,45,FAULT
sht30_temperature_v02,5,3540,3541137,SHT30,temperature_C,RECOVERY,27.32586,True,PASS,False,NONE,27.32586,True,0,,100,HEALTHY
sht30_temperature_v02,5,3541,3542137,SHT30,temperature_C,RECOVERY,27.31251,True,PASS,False,NONE,27.31251,True,0,,100,HEALTHY
sht30_temperature_v02,5,3542,3543137,SHT30,temperature_C,RECOVERY,27.33921,True,PASS,False,NONE,27.33921,True,0,,100,HEALTHY
sht30_temperature_v02,5,3543,3544137,SHT30,temperature_C,RECOVERY,27.35523,True,PASS,False,NONE,27.35523,True,0,,100,HEALTHY
sht30_temperature_v02,5,3544,3545137,SHT30,temperature_C,RECOVERY,27.33921,True,PASS,False,NONE,27.33921,True,0,,100,HEALTHY
sht30_temperature_v02,5,3545,3546137,SHT30,temperature_C,RECOVERY,27.32586,True,PASS,False,NONE,27.32586,True,0,,100,HEALTHY
sht30_temperature_v02,5,3546,3547137,SHT30,temperature_C,RECOVERY,27.33921,True,PASS,False,NONE,27.33921,True,0,,100,HEALTHY
sht30_temperature_v02,5,3547,3548137,SHT30,temperature_C,RECOVERY,27.33921,True,PASS,False,NONE,27.33921,True,0,,100,HEALTHY
sht30_temperature_v02,5,3548,3549137,SHT30,temperature_C,RECOVERY,27.35523,True,PASS,False,NONE,27.35523,True,0,,100,HEALTHY
sht30_temperature_v02,5,3549,3550137,SHT30,temperature_C,RECOVERY,27.36858,True,PASS,False,NONE,27.36858,True,0,,100,HEALTHY
sht30_temperature_v02,5,3550,3551137,SHT30,temperature_C,RECOVERY,27.35523,True,PASS,False,NONE,27.35523,True,0,,100,HEALTHY
sht30_temperature_v02,5,3551,3552137,SHT30,temperature_C,RECOVERY,27.35523,True,PASS,False,NONE,27.35523,True,0,,100,HEALTHY
sht30_temperature_v02,5,3552,3553137,SHT30,temperature_C,RECOVERY,27.35523,True,PASS,False,NONE,27.35523,True,0,,100,HEALTHY
sht30_temperature_v02,5,3553,3554137,SHT30,temperature_C,RECOVERY,27.35523,True,PASS,False,NONE,27.35523,True,0,,100,HEALTHY
sht30_temperature_v02,5,3554,3555137,SHT30,temperature_C,RECOVERY,27.35523,True,PASS,False,NONE,27.35523,True,0,,100,HEALTHY
sht30_temperature_v02,5,3555,3556137,SHT30,temperature_C,RECOVERY,27.35523,True,PASS,False,NONE,27.35523,True,0,,100,HEALTHY
sht30_temperature_v02,5,3556,3557137,SHT30,temperature_C,RECOVERY,27.35523,True,PASS,False,NONE,27.35523,True,0,,100,HEALTHY
sht30_temperature_v02,5,3557,3558137,SHT30,temperature_C,RECOVERY,27.32586,True,PASS,False,NONE,27.32586,True,0,,100,HEALTHY
sht30_temperature_v02,5,3558,3559137,SHT30,temperature_C,RECOVERY,27.35523,True,PASS,False,NONE,27.35523,True,0,,100,HEALTHY
sht30_temperature_v02,5,3559,3560137,SHT30,temperature_C,RECOVERY,27.35523,True,PASS,False,NONE,27.35523,True,0,,100,HEALTHY
sht30_temperature_v02,5,3560,3561137,SHT30,temperature_C,RECOVERY,27.36858,True,PASS,False,NONE,27.36858,True,0,,100,HEALTHY
sht30_temperature_v02,5,3561,3562137,SHT30,temperature_C,RECOVERY,27.33921,True,PASS,False,NONE,27.33921,True,0,,100,HEALTHY
sht30_temperature_v02,5,3562,3563137,SHT30,temperature_C,RECOVERY,27.33921,True,PASS,False,NONE,27.33921,True,0,,100,HEALTHY
sht30_temperature_v02,5,3563,3564137,SHT30,temperature_C,RECOVERY,27.35523,True,PASS,False,NONE,27.35523,True,0,,100,HEALTHY
sht30_temperature_v02,5,3564,3565137,SHT30,temperature_C,RECOVERY,27.35523,True,PASS,False,NONE,27.35523,True,0,,100,HEALTHY
sht30_temperature_v02,5,3565,3566137,SHT30,temperature_C,RECOVERY,27.33921,True,PASS,False,NONE,27.33921,True,0,,100,HEALTHY
sht30_temperature_v02,5,3566,3567137,SHT30,temperature_C,RECOVERY,27.33921,True,PASS,False,NONE,27.33921,True,0,,100,HEALTHY
sht30_temperature_v02,5,3567,3568137,SHT30,temperature_C,RECOVERY,27.32586,True,PASS,False,NONE,27.32586,True,0,,100,HEALTHY
sht30_temperature_v02,5,3568,3569137,SHT30,temperature_C,RECOVERY,27.32586,True,PASS,False,NONE,27.32586,True,0,,100,HEALTHY
sht30_temperature_v02,5,3569,3570137,SHT30,temperature_C,RECOVERY,27.35523,True,PASS,False,NONE,27.35523,True,0,,100,HEALTHY
sht30_temperature_v02,5,3570,3571137,SHT30,temperature_C,RECOVERY,27.32586,True,PASS,False,NONE,27.32586,True,0,,100,HEALTHY
sht30_temperature_v02,5,3571,3572137,SHT30,temperature_C,RECOVERY,27.36858,True,PASS,False,NONE,27.36858,True,0,,100,HEALTHY
sht30_temperature_v02,5,3572,3573137,SHT30,temperature_C,RECOVERY,27.35523,True,PASS,False,NONE,27.35523,True,0,,100,HEALTHY
sht30_temperature_v02,5,3573,3574137,SHT30,temperature_C,RECOVERY,27.33921,True,PASS,False,NONE,27.33921,True,0,,100,HEALTHY
sht30_temperature_v02,5,3574,3575137,SHT30,temperature_C,RECOVERY,27.35523,True,PASS,False,NONE,27.35523,True,0,,100,HEALTHY
sht30_temperature_v02,5,3575,3576137,SHT30,temperature_C,RECOVERY,27.35523,True,PASS,False,NONE,27.35523,True,0,,100,HEALTHY
sht30_temperature_v02,5,3576,3577137,SHT30,temperature_C,RECOVERY,27.33921,True,PASS,False,NONE,27.33921,True,0,,100,HEALTHY
sht30_temperature_v02,5,3577,3578137,SHT30,temperature_C,RECOVERY,27.33921,True,PASS,False,NONE,27.33921,True,0,,100,HEALTHY
sht30_temperature_v02,5,3578,3579137,SHT30,temperature_C,RECOVERY,27.32586,True,PASS,False,NONE,27.32586,True,0,,100,HEALTHY
sht30_temperature_v02,5,3579,3580137,SHT30,temperature_C,RECOVERY,27.33921,True,PASS,False,NONE,27.33921,True,0,,100,HEALTHY
sht30_temperature_v02,5,3580,3581137,SHT30,temperature_C,RECOVERY,27.36858,True,PASS,False,NONE,27.36858,True,0,,100,HEALTHY
sht30_temperature_v02,5,3581,3582137,SHT30,temperature_C,RECOVERY,27.36858,True,PASS,False,NONE,27.36858,True,0,,100,HEALTHY
sht30_temperature_v02,5,3582,3583137,SHT30,temperature_C,RECOVERY,27.33921,True,PASS,False,NONE,27.33921,True,0,,100,HEALTHY
sht30_temperature_v02,5,3583,3584137,SHT30,temperature_C,RECOVERY,27.33921,True,PASS,False,NONE,27.33921,True,0,,100,HEALTHY
sht30_temperature_v02,5,3584,3585137,SHT30,temperature_C,RECOVERY,27.35523,True,PASS,False,NONE,27.35523,True,0,,100,HEALTHY
sht30_temperature_v02,5,3585,3586137,SHT30,temperature_C,RECOVERY,27.36858,True,PASS,False,NONE,27.36858,True,0,,100,HEALTHY
sht30_temperature_v02,5,3586,3587137,SHT30,temperature_C,RECOVERY,27.35523,True,PASS,False,NONE,27.35523,True,0,,100,HEALTHY
sht30_temperature_v02,5,3587,3588137,SHT30,temperature_C,RECOVERY,27.36858,True,PASS,False,NONE,27.36858,True,0,,100,HEALTHY
sht30_temperature_v02,5,3588,3589137,SHT30,temperature_C,RECOVERY,27.36858,True,PASS,False,NONE,27.36858,True,0,,100,HEALTHY
sht30_temperature_v02,5,3589,3590137,SHT30,temperature_C,RECOVERY,27.36858,True,PASS,False,NONE,27.36858,True,0,,100,HEALTHY
sht30_temperature_v02,5,3590,3591137,SHT30,temperature_C,RECOVERY,27.35523,True,PASS,False,NONE,27.35523,True,0,,100,HEALTHY
sht30_temperature_v02,5,3591,3592137,SHT30,temperature_C,RECOVERY,27.33921,True,PASS,False,NONE,27.33921,True,0,,100,HEALTHY
sht30_temperature_v02,5,3592,3593137,SHT30,temperature_C,RECOVERY,27.35523,True,PASS,False,NONE,27.35523,True,0,,100,HEALTHY
sht30_temperature_v02,5,3593,3594137,SHT30,temperature_C,RECOVERY,27.33921,True,PASS,False,NONE,27.33921,True,0,,100,HEALTHY
sht30_temperature_v02,5,3594,3595137,SHT30,temperature_C,RECOVERY,27.33921,True,PASS,False,NONE,27.33921,True,0,,100,HEALTHY
sht30_temperature_v02,1,3595,3596137,SHT30,temperature_C,INJECTION,27.33921,True,OUT_OF_RANGE,True,RANGE,150.0,True,5,,20,FAULT
sht30_temperature_v02,1,3596,3597137,SHT30,temperature_C,INJECTION,27.36858,True,OUT_OF_RANGE,True,RANGE,150.0,True,1,,45,FAULT
sht30_temperature_v02,1,3597,3598137,SHT30,temperature_C,INJECTION,27.35523,True,OUT_OF_RANGE,True,RANGE,150.0,True,1,,45,FAULT
sht30_temperature_v02,1,3598,3599137,SHT30,temperature_C,INJECTION,27.33921,True,OUT_OF_RANGE,True,RANGE,150.0,True,1,,45,FAULT
sht30_temperature_v02,1,3599,3600137,SHT30,temperature_C,INJECTION,27.32586,True,OUT_OF_RANGE,True,RANGE,150.0,True,1,,45,FAULT
sht30_temperature_v02,1,3600,3601137,SHT30,temperature_C,RECOVERY,27.36858,True,PASS,False,NONE,27.36858,True,4,,75,DEGRADED
sht30_temperature_v02,1,3601,3602137,SHT30,temperature_C,RECOVERY,27.33921,True,PASS,False,NONE,27.33921,True,0,,100,HEALTHY
sht30_temperature_v02,1,3602,3603137,SHT30,temperature_C,RECOVERY,27.33921,True,PASS,False,NONE,27.33921,True,0,,100,HEALTHY
sht30_temperature_v02,1,3603,3604137,SHT30,temperature_C,RECOVERY,27.36858,True,PASS,False,NONE,27.36858,True,0,,100,HEALTHY
sht30_temperature_v02,1,3604,3605137,SHT30,temperature_C,RECOVERY,27.33921,True,PASS,False,NONE,27.33921,True,0,,100,HEALTHY
sht30_temperature_v02,1,3605,3606137,SHT30,temperature_C,RECOVERY,27.33921,True,PASS,False,NONE,27.33921,True,0,,100,HEALTHY
sht30_temperature_v02,1,3606,3607137,SHT30,temperature_C,RECOVERY,27.32586,True,PASS,False,NONE,27.32586,True,0,,100,HEALTHY
sht30_temperature_v02,1,3607,3608137,SHT30,temperature_C,RECOVERY,27.33921,True,PASS,False,NONE,27.33921,True,0,,100,HEALTHY
sht30_temperature_v02,1,3608,3609137,SHT30,temperature_C,RECOVERY,27.35523,True,PASS,False,NONE,27.35523,True,0,,100,HEALTHY
sht30_temperature_v02,1,3609,3610137,SHT30,temperature_C,RECOVERY,27.33921,True,PASS,False,NONE,27.33921,True,0,,100,HEALTHY
sht30_temperature_v02,1,3610,3611137,SHT30,temperature_C,RECOVERY,27.32586,True,PASS,False,NONE,27.32586,True,0,,100,HEALTHY
sht30_temperature_v02,1,3611,3612137,SHT30,temperature_C,RECOVERY,27.33921,True,PASS,False,NONE,27.33921,True,0,,100,HEALTHY
sht30_temperature_v02,1,3612,3613137,SHT30,temperature_C,RECOVERY,27.33921,True,PASS,False,NONE,27.33921,True,0,,100,HEALTHY
sht30_temperature_v02,1,3613,3614137,SHT30,temperature_C,RECOVERY,27.32586,True,PASS,False,NONE,27.32586,True,0,,100,HEALTHY
sht30_temperature_v02,1,3614,3615137,SHT30,temperature_C,RECOVERY,27.31251,True,PASS,False,NONE,27.31251,True,0,,100,HEALTHY
sht30_temperature_v02,1,3615,3616137,SHT30,temperature_C,RECOVERY,27.31251,True,PASS,False,NONE,27.31251,True,0,,100,HEALTHY
sht30_temperature_v02,1,3616,3617137,SHT30,temperature_C,RECOVERY,27.32586,True,PASS,False,NONE,27.32586,True,0,,100,HEALTHY
sht30_temperature_v02,1,3617,3618137,SHT30,temperature_C,RECOVERY,27.31251,True,PASS,False,NONE,27.31251,True,0,,100,HEALTHY
sht30_temperature_v02,1,3618,3619137,SHT30,temperature_C,RECOVERY,27.33921,True,PASS,False,NONE,27.33921,True,0,,100,HEALTHY
sht30_temperature_v02,1,3619,3620137,SHT30,temperature_C,RECOVERY,27.32586,True,PASS,False,NONE,27.32586,True,0,,100,HEALTHY
sht30_temperature_v02,1,3620,3621137,SHT30,temperature_C,RECOVERY,27.33921,True,PASS,False,NONE,27.33921,True,0,,100,HEALTHY
sht30_temperature_v02,1,3621,3622137,SHT30,temperature_C,RECOVERY,27.32586,True,PASS,False,NONE,27.32586,True,0,,100,HEALTHY
sht30_temperature_v02,1,3622,3623137,SHT30,temperature_C,RECOVERY,27.32586,True,PASS,False,NONE,27.32586,True,0,,100,HEALTHY
sht30_temperature_v02,1,3623,3624137,SHT30,temperature_C,RECOVERY,27.33921,True,PASS,False,NONE,27.33921,True,0,,100,HEALTHY
sht30_temperature_v02,1,3624,3625137,SHT30,temperature_C,RECOVERY,27.36858,True,PASS,False,NONE,27.36858,True,0,,100,HEALTHY
sht30_temperature_v02,1,3625,3626137,SHT30,temperature_C,RECOVERY,27.33921,True,PASS,False,NONE,27.33921,True,0,,100,HEALTHY
sht30_temperature_v02,1,3626,3627137,SHT30,temperature_C,RECOVERY,27.35523,True,PASS,False,NONE,27.35523,True,0,,100,HEALTHY
sht30_temperature_v02,1,3627,3628137,SHT30,temperature_C,RECOVERY,27.35523,True,PASS,False,NONE,27.35523,True,0,,100,HEALTHY
sht30_temperature_v02,1,3628,3629137,SHT30,temperature_C,RECOVERY,27.33921,True,PASS,False,NONE,27.33921,True,0,,100,HEALTHY
sht30_temperature_v02,1,3629,3630137,SHT30,temperature_C,RECOVERY,27.35523,True,PASS,False,NONE,27.35523,True,0,,100,HEALTHY
sht30_temperature_v02,1,3630,3631137,SHT30,temperature_C,RECOVERY,27.33921,True,PASS,False,NONE,27.33921,True,0,,100,HEALTHY
sht30_temperature_v02,1,3631,3632137,SHT30,temperature_C,RECOVERY,27.33921,True,PASS,False,NONE,27.33921,True,0,,100,HEALTHY
sht30_temperature_v02,1,3632,3633137,SHT30,temperature_C,RECOVERY,27.33921,True,PASS,False,NONE,27.33921,True,0,,100,HEALTHY
sht30_temperature_v02,1,3633,3634137,SHT30,temperature_C,RECOVERY,27.33921,True,PASS,False,NONE,27.33921,True,0,,100,HEALTHY
sht30_temperature_v02,1,3634,3635137,SHT30,temperature_C,RECOVERY,27.35523,True,PASS,False,NONE,27.35523,True,0,,100,HEALTHY
sht30_temperature_v02,1,3635,3636137,SHT30,temperature_C,RECOVERY,27.32586,True,PASS,False,NONE,27.32586,True,0,,100,HEALTHY
sht30_temperature_v02,1,3636,3637137,SHT30,temperature_C,RECOVERY,27.33921,True,PASS,False,NONE,27.33921,True,0,,100,HEALTHY
sht30_temperature_v02,1,3637,3638137,SHT30,temperature_C,RECOVERY,27.33921,True,PASS,False,NONE,27.33921,True,0,,100,HEALTHY
sht30_temperature_v02,1,3638,3639137,SHT30,temperature_C,RECOVERY,27.35523,True,PASS,False,NONE,27.35523,True,0,,100,HEALTHY
sht30_temperature_v02,1,3639,3640137,SHT30,temperature_C,RECOVERY,27.32586,True,PASS,False,NONE,27.32586,True,0,,100,HEALTHY
sht30_temperature_v02,1,3640,3641137,SHT30,temperature_C,RECOVERY,27.35523,True,PASS,False,NONE,27.35523,True,0,,100,HEALTHY
sht30_temperature_v02,1,3641,3642137,SHT30,temperature_C,RECOVERY,27.33921,True,PASS,False,NONE,27.33921,True,0,,100,HEALTHY
sht30_temperature_v02,1,3642,3643137,SHT30,temperature_C,RECOVERY,27.33921,True,PASS,False,NONE,27.33921,True,0,,100,HEALTHY
sht30_temperature_v02,1,3643,3644137,SHT30,temperature_C,RECOVERY,27.33921,True,PASS,False,NONE,27.33921,True,0,,100,HEALTHY
sht30_temperature_v02,1,3644,3645137,SHT30,temperature_C,RECOVERY,27.35523,True,PASS,False,NONE,27.35523,True,0,,100,HEALTHY
sht30_temperature_v02,1,3645,3646137,SHT30,temperature_C,RECOVERY,27.33921,True,PASS,False,NONE,27.33921,True,0,,100,HEALTHY
sht30_temperature_v02,1,3646,3647137,SHT30,temperature_C,RECOVERY,27.35523,True,PASS,False,NONE,27.35523,True,0,,100,HEALTHY
sht30_temperature_v02,1,3647,3648137,SHT30,temperature_C,RECOVERY,27.33921,True,PASS,False,NONE,27.33921,True,0,,100,HEALTHY
sht30_temperature_v02,1,3648,3649137,SHT30,temperature_C,RECOVERY,27.35523,True,PASS,False,NONE,27.35523,True,0,,100,HEALTHY
sht30_temperature_v02,1,3649,3650137,SHT30,temperature_C,RECOVERY,27.35523,True,PASS,False,NONE,27.35523,True,0,,100,HEALTHY
sht30_temperature_v02,1,3650,3651137,SHT30,temperature_C,RECOVERY,27.35523,True,PASS,False,NONE,27.35523,True,0,,100,HEALTHY
sht30_temperature_v02,1,3651,3652137,SHT30,temperature_C,RECOVERY,27.38194,True,PASS,False,NONE,27.38194,True,0,,100,HEALTHY
sht30_temperature_v02,1,3652,3653137,SHT30,temperature_C,RECOVERY,27.35523,True,PASS,False,NONE,27.35523,True,0,,100,HEALTHY
sht30_temperature_v02,1,3653,3654137,SHT30,temperature_C,RECOVERY,27.33921,True,PASS,False,NONE,27.33921,True,0,,100,HEALTHY
sht30_temperature_v02,1,3654,3655137,SHT30,temperature_C,RECOVERY,27.35523,True,PASS,False,NONE,27.35523,True,0,,100,HEALTHY
sht30_temperature_v02,2,3655,3656137,SHT30,temperature_C,INJECTION,27.35523,True,OUT_OF_RANGE,True,RANGE,150.0,True,5,,20,FAULT
sht30_temperature_v02,2,3656,3657137,SHT30,temperature_C,INJECTION,27.36858,True,OUT_OF_RANGE,True,RANGE,150.0,True,1,,45,FAULT
sht30_temperature_v02,2,3657,3658137,SHT30,temperature_C,INJECTION,27.33921,True,OUT_OF_RANGE,True,RANGE,150.0,True,1,,45,FAULT
sht30_temperature_v02,2,3658,3659137,SHT30,temperature_C,INJECTION,27.35523,True,OUT_OF_RANGE,True,RANGE,150.0,True,1,,45,FAULT
sht30_temperature_v02,2,3659,3660137,SHT30,temperature_C,INJECTION,27.35523,True,OUT_OF_RANGE,True,RANGE,150.0,True,1,,45,FAULT
sht30_temperature_v02,2,3660,3661137,SHT30,temperature_C,RECOVERY,27.38194,True,PASS,False,NONE,27.38194,True,4,,75,DEGRADED
sht30_temperature_v02,2,3661,3662137,SHT30,temperature_C,RECOVERY,27.36858,True,PASS,False,NONE,27.36858,True,0,,100,HEALTHY
sht30_temperature_v02,2,3662,3663137,SHT30,temperature_C,RECOVERY,27.38194,True,PASS,False,NONE,27.38194,True,0,,100,HEALTHY
sht30_temperature_v02,2,3663,3664137,SHT30,temperature_C,RECOVERY,27.35523,True,PASS,False,NONE,27.35523,True,0,,100,HEALTHY
sht30_temperature_v02,2,3664,3665137,SHT30,temperature_C,RECOVERY,27.36858,True,PASS,False,NONE,27.36858,True,0,,100,HEALTHY
sht30_temperature_v02,2,3665,3666137,SHT30,temperature_C,RECOVERY,27.36858,True,PASS,False,NONE,27.36858,True,0,,100,HEALTHY
sht30_temperature_v02,2,3666,3667137,SHT30,temperature_C,RECOVERY,27.38194,True,PASS,False,NONE,27.38194,True,0,,100,HEALTHY
sht30_temperature_v02,2,3667,3668137,SHT30,temperature_C,RECOVERY,27.38194,True,PASS,False,NONE,27.38194,True,0,,100,HEALTHY
sht30_temperature_v02,2,3668,3669137,SHT30,temperature_C,RECOVERY,27.36858,True,PASS,False,NONE,27.36858,True,0,,100,HEALTHY
sht30_temperature_v02,2,3669,3670137,SHT30,temperature_C,RECOVERY,27.36858,True,PASS,False,NONE,27.36858,True,0,,100,HEALTHY
sht30_temperature_v02,2,3670,3671137,SHT30,temperature_C,RECOVERY,27.36858,True,PASS,False,NONE,27.36858,True,0,,100,HEALTHY
sht30_temperature_v02,2,3671,3672137,SHT30,temperature_C,RECOVERY,27.36858,True,PASS,False,NONE,27.36858,True,0,,100,HEALTHY
sht30_temperature_v02,2,3672,3673137,SHT30,temperature_C,RECOVERY,27.39796,True,PASS,False,NONE,27.39796,True,0,,100,HEALTHY
sht30_temperature_v02,2,3673,3674137,SHT30,temperature_C,RECOVERY,27.38194,True,PASS,False,NONE,27.38194,True,0,,100,HEALTHY
sht30_temperature_v02,2,3674,3675137,SHT30,temperature_C,RECOVERY,27.38194,True,PASS,False,NONE,27.38194,True,0,,100,HEALTHY
sht30_temperature_v02,2,3675,3676137,SHT30,temperature_C,RECOVERY,27.38194,True,PASS,False,NONE,27.38194,True,0,,100,HEALTHY
sht30_temperature_v02,2,3676,3677137,SHT30,temperature_C,RECOVERY,27.35523,True,PASS,False,NONE,27.35523,True,0,,100,HEALTHY
sht30_temperature_v02,2,3677,3678137,SHT30,temperature_C,RECOVERY,27.33921,True,PASS,False,NONE,27.33921,True,0,,100,HEALTHY
sht30_temperature_v02,2,3678,3679137,SHT30,temperature_C,RECOVERY,27.32586,True,PASS,False,NONE,27.32586,True,0,,100,HEALTHY
sht30_temperature_v02,2,3679,3680137,SHT30,temperature_C,RECOVERY,27.33921,True,PASS,False,NONE,27.33921,True,0,,100,HEALTHY
sht30_temperature_v02,2,3680,3681137,SHT30,temperature_C,RECOVERY,27.32586,True,PASS,False,NONE,27.32586,True,0,,100,HEALTHY
sht30_temperature_v02,2,3681,3682137,SHT30,temperature_C,RECOVERY,27.33921,True,PASS,False,NONE,27.33921,True,0,,100,HEALTHY
sht30_temperature_v02,2,3682,3683137,SHT30,temperature_C,RECOVERY,27.33921,True,PASS,False,NONE,27.33921,True,0,,100,HEALTHY
sht30_temperature_v02,2,3683,3684137,SHT30,temperature_C,RECOVERY,27.32586,True,PASS,False,NONE,27.32586,True,0,,100,HEALTHY
sht30_temperature_v02,2,3684,3685137,SHT30,temperature_C,RECOVERY,27.35523,True,PASS,False,NONE,27.35523,True,0,,100,HEALTHY
sht30_temperature_v02,2,3685,3686137,SHT30,temperature_C,RECOVERY,27.35523,True,PASS,False,NONE,27.35523,True,0,,100,HEALTHY
sht30_temperature_v02,2,3686,3687137,SHT30,temperature_C,RECOVERY,27.33921,True,PASS,False,NONE,27.33921,True,0,,100,HEALTHY
sht30_temperature_v02,2,3687,3688137,SHT30,temperature_C,RECOVERY,27.33921,True,PASS,False,NONE,27.33921,True,0,,100,HEALTHY
sht30_temperature_v02,2,3688,3689137,SHT30,temperature_C,RECOVERY,27.35523,True,PASS,False,NONE,27.35523,True,0,,100,HEALTHY
sht30_temperature_v02,2,3689,3690137,SHT30,temperature_C,RECOVERY,27.32586,True,PASS,False,NONE,27.32586,True,0,,100,HEALTHY
sht30_temperature_v02,2,3690,3691137,SHT30,temperature_C,RECOVERY,27.33921,True,PASS,False,NONE,27.33921,True,0,,100,HEALTHY
sht30_temperature_v02,2,3691,3692137,SHT30,temperature_C,RECOVERY,27.36858,True,PASS,False,NONE,27.36858,True,0,,100,HEALTHY
sht30_temperature_v02,2,3692,3693137,SHT30,temperature_C,RECOVERY,27.32586,True,PASS,False,NONE,27.32586,True,0,,100,HEALTHY
sht30_temperature_v02,2,3693,3694137,SHT30,temperature_C,RECOVERY,27.33921,True,PASS,False,NONE,27.33921,True,0,,100,HEALTHY
sht30_temperature_v02,2,3694,3695137,SHT30,temperature_C,RECOVERY,27.31251,True,PASS,False,NONE,27.31251,True,0,,100,HEALTHY
sht30_temperature_v02,2,3695,3696137,SHT30,temperature_C,RECOVERY,27.33921,True,PASS,False,NONE,27.33921,True,0,,100,HEALTHY
sht30_temperature_v02,2,3696,3697137,SHT30,temperature_C,RECOVERY,27.35523,True,PASS,False,NONE,27.35523,True,0,,100,HEALTHY
sht30_temperature_v02,2,3697,3698137,SHT30,temperature_C,RECOVERY,27.35523,True,PASS,False,NONE,27.35523,True,0,,100,HEALTHY
sht30_temperature_v02,2,3698,3699137,SHT30,temperature_C,RECOVERY,27.33921,True,PASS,False,NONE,27.33921,True,0,,100,HEALTHY
sht30_temperature_v02,2,3699,3700137,SHT30,temperature_C,RECOVERY,27.35523,True,PASS,False,NONE,27.35523,True,0,,100,HEALTHY
sht30_temperature_v02,2,3700,3701137,SHT30,temperature_C,RECOVERY,27.35523,True,PASS,False,NONE,27.35523,True,0,,100,HEALTHY
sht30_temperature_v02,2,3701,3702137,SHT30,temperature_C,RECOVERY,27.32586,True,PASS,False,NONE,27.32586,True,0,,100,HEALTHY
sht30_temperature_v02,2,3702,3703137,SHT30,temperature_C,RECOVERY,27.31251,True,PASS,False,NONE,27.31251,True,0,,100,HEALTHY
sht30_temperature_v02,2,3703,3704137,SHT30,temperature_C,RECOVERY,27.35523,True,PASS,False,NONE,27.35523,True,0,,100,HEALTHY
sht30_temperature_v02,2,3704,3705137,SHT30,temperature_C,RECOVERY,27.35523,True,PASS,False,NONE,27.35523,True,0,,100,HEALTHY
sht30_temperature_v02,2,3705,3706137,SHT30,temperature_C,RECOVERY,27.35523,True,PASS,False,NONE,27.35523,True,0,,100,HEALTHY
sht30_temperature_v02,2,3706,3707137,SHT30,temperature_C,RECOVERY,27.35523,True,PASS,False,NONE,27.35523,True,0,,100,HEALTHY
sht30_temperature_v02,2,3707,3708137,SHT30,temperature_C,RECOVERY,27.33921,True,PASS,False,NONE,27.33921,True,0,,100,HEALTHY
sht30_temperature_v02,2,3708,3709137,SHT30,temperature_C,RECOVERY,27.35523,True,PASS,False,NONE,27.35523,True,0,,100,HEALTHY
sht30_temperature_v02,2,3709,3710137,SHT30,temperature_C,RECOVERY,27.35523,True,PASS,False,NONE,27.35523,True,0,,100,HEALTHY
sht30_temperature_v02,2,3710,3711137,SHT30,temperature_C,RECOVERY,27.35523,True,PASS,False,NONE,27.35523,True,0,,100,HEALTHY
sht30_temperature_v02,2,3711,3712137,SHT30,temperature_C,RECOVERY,27.35523,True,PASS,False,NONE,27.35523,True,0,,100,HEALTHY
sht30_temperature_v02,2,3712,3713137,SHT30,temperature_C,RECOVERY,27.35523,True,PASS,False,NONE,27.35523,True,0,,100,HEALTHY
sht30_temperature_v02,2,3713,3714137,SHT30,temperature_C,RECOVERY,27.36858,True,PASS,False,NONE,27.36858,True,0,,100,HEALTHY
sht30_temperature_v02,2,3714,3715137,SHT30,temperature_C,RECOVERY,27.36858,True,PASS,False,NONE,27.36858,True,0,,100,HEALTHY
sht30_temperature_v02,3,3715,3716137,SHT30,temperature_C,INJECTION,27.33921,True,OUT_OF_RANGE,True,RANGE,150.0,True,5,,20,FAULT
sht30_temperature_v02,3,3716,3717137,SHT30,temperature_C,INJECTION,27.35523,True,OUT_OF_RANGE,True,RANGE,150.0,True,1,,45,FAULT
sht30_temperature_v02,3,3717,3718137,SHT30,temperature_C,INJECTION,27.35523,True,OUT_OF_RANGE,True,RANGE,150.0,True,1,,45,FAULT
sht30_temperature_v02,3,3718,3719137,SHT30,temperature_C,INJECTION,27.39796,True,OUT_OF_RANGE,True,RANGE,150.0,True,1,,45,FAULT
sht30_temperature_v02,3,3719,3720137,SHT30,temperature_C,INJECTION,27.36858,True,OUT_OF_RANGE,True,RANGE,150.0,True,1,,45,FAULT
sht30_temperature_v02,3,3720,3721137,SHT30,temperature_C,RECOVERY,27.36858,True,PASS,False,NONE,27.36858,True,4,,75,DEGRADED
sht30_temperature_v02,3,3721,3722137,SHT30,temperature_C,RECOVERY,27.39796,True,PASS,False,NONE,27.39796,True,0,,100,HEALTHY
sht30_temperature_v02,3,3722,3723137,SHT30,temperature_C,RECOVERY,27.38194,True,PASS,False,NONE,27.38194,True,0,,100,HEALTHY
sht30_temperature_v02,3,3723,3724137,SHT30,temperature_C,RECOVERY,27.39796,True,PASS,False,NONE,27.39796,True,0,,100,HEALTHY
sht30_temperature_v02,3,3724,3725137,SHT30,temperature_C,RECOVERY,27.39796,True,PASS,False,NONE,27.39796,True,0,,100,HEALTHY
sht30_temperature_v02,3,3725,3726137,SHT30,temperature_C,RECOVERY,27.38194,True,PASS,False,NONE,27.38194,True,0,,100,HEALTHY
sht30_temperature_v02,3,3726,3727137,SHT30,temperature_C,RECOVERY,27.39796,True,PASS,False,NONE,27.39796,True,0,,100,HEALTHY
sht30_temperature_v02,3,3727,3728137,SHT30,temperature_C,RECOVERY,27.38194,True,PASS,False,NONE,27.38194,True,0,,100,HEALTHY
sht30_temperature_v02,3,3728,3729137,SHT30,temperature_C,RECOVERY,27.38194,True,PASS,False,NONE,27.38194,True,0,,100,HEALTHY
sht30_temperature_v02,3,3729,3730137,SHT30,temperature_C,RECOVERY,27.38194,True,PASS,False,NONE,27.38194,True,0,,100,HEALTHY
sht30_temperature_v02,3,3730,3731137,SHT30,temperature_C,RECOVERY,27.39796,True,PASS,False,NONE,27.39796,True,0,,100,HEALTHY
sht30_temperature_v02,3,3731,3732137,SHT30,temperature_C,RECOVERY,27.43801,True,PASS,False,NONE,27.43801,True,0,,100,HEALTHY
sht30_temperature_v02,3,3732,3733137,SHT30,temperature_C,RECOVERY,27.39796,True,PASS,False,NONE,27.39796,True,0,,100,HEALTHY
sht30_temperature_v02,3,3733,3734137,SHT30,temperature_C,RECOVERY,27.39796,True,PASS,False,NONE,27.39796,True,0,,100,HEALTHY
sht30_temperature_v02,3,3734,3735137,SHT30,temperature_C,RECOVERY,27.41131,True,PASS,False,NONE,27.41131,True,0,,100,HEALTHY
sht30_temperature_v02,3,3735,3736137,SHT30,temperature_C,RECOVERY,27.39796,True,PASS,False,NONE,27.39796,True,0,,100,HEALTHY
sht30_temperature_v02,3,3736,3737137,SHT30,temperature_C,RECOVERY,27.39796,True,PASS,False,NONE,27.39796,True,0,,100,HEALTHY
sht30_temperature_v02,3,3737,3738137,SHT30,temperature_C,RECOVERY,27.39796,True,PASS,False,NONE,27.39796,True,0,,100,HEALTHY
sht30_temperature_v02,3,3738,3739137,SHT30,temperature_C,RECOVERY,27.41131,True,PASS,False,NONE,27.41131,True,0,,100,HEALTHY
sht30_temperature_v02,3,3739,3740137,SHT30,temperature_C,RECOVERY,27.39796,True,PASS,False,NONE,27.39796,True,0,,100,HEALTHY
sht30_temperature_v02,3,3740,3741137,SHT30,temperature_C,RECOVERY,27.39796,True,PASS,False,NONE,27.39796,True,0,,100,HEALTHY
sht30_temperature_v02,3,3741,3742137,SHT30,temperature_C,RECOVERY,27.42466,True,PASS,False,NONE,27.42466,True,0,,100,HEALTHY
sht30_temperature_v02,3,3742,3743137,SHT30,temperature_C,RECOVERY,27.42466,True,PASS,False,NONE,27.42466,True,0,,100,HEALTHY
sht30_temperature_v02,3,3743,3744137,SHT30,temperature_C,RECOVERY,27.41131,True,PASS,False,NONE,27.41131,True,0,,100,HEALTHY
sht30_temperature_v02,3,3744,3745137,SHT30,temperature_C,RECOVERY,27.39796,True,PASS,False,NONE,27.39796,True,0,,100,HEALTHY
sht30_temperature_v02,3,3745,3746137,SHT30,temperature_C,RECOVERY,27.41131,True,PASS,False,NONE,27.41131,True,0,,100,HEALTHY
sht30_temperature_v02,3,3746,3747137,SHT30,temperature_C,RECOVERY,27.36858,True,PASS,False,NONE,27.36858,True,0,,100,HEALTHY
sht30_temperature_v02,3,3747,3748137,SHT30,temperature_C,RECOVERY,27.39796,True,PASS,False,NONE,27.39796,True,0,,100,HEALTHY
sht30_temperature_v02,3,3748,3749137,SHT30,temperature_C,RECOVERY,27.39796,True,PASS,False,NONE,27.39796,True,0,,100,HEALTHY
sht30_temperature_v02,3,3749,3750137,SHT30,temperature_C,RECOVERY,27.42466,True,PASS,False,NONE,27.42466,True,0,,100,HEALTHY
sht30_temperature_v02,3,3750,3751137,SHT30,temperature_C,RECOVERY,27.39796,True,PASS,False,NONE,27.39796,True,0,,100,HEALTHY
sht30_temperature_v02,3,3751,3752137,SHT30,temperature_C,RECOVERY,27.41131,True,PASS,False,NONE,27.41131,True,0,,100,HEALTHY
sht30_temperature_v02,3,3752,3753137,SHT30,temperature_C,RECOVERY,27.41131,True,PASS,False,NONE,27.41131,True,0,,100,HEALTHY
sht30_temperature_v02,3,3753,3754137,SHT30,temperature_C,RECOVERY,27.39796,True,PASS,False,NONE,27.39796,True,0,,100,HEALTHY
sht30_temperature_v02,3,3754,3755137,SHT30,temperature_C,RECOVERY,27.41131,True,PASS,False,NONE,27.41131,True,0,,100,HEALTHY
sht30_temperature_v02,3,3755,3756137,SHT30,temperature_C,RECOVERY,27.42466,True,PASS,False,NONE,27.42466,True,0,,100,HEALTHY
sht30_temperature_v02,3,3756,3757137,SHT30,temperature_C,RECOVERY,27.41131,True,PASS,False,NONE,27.41131,True,0,,100,HEALTHY
sht30_temperature_v02,3,3757,3758137,SHT30,temperature_C,RECOVERY,27.42466,True,PASS,False,NONE,27.42466,True,0,,100,HEALTHY
sht30_temperature_v02,3,3758,3759137,SHT30,temperature_C,RECOVERY,27.42466,True,PASS,False,NONE,27.42466,True,0,,100,HEALTHY
sht30_temperature_v02,3,3759,3760137,SHT30,temperature_C,RECOVERY,27.41131,True,PASS,False,NONE,27.41131,True,0,,100,HEALTHY
sht30_temperature_v02,3,3760,3761137,SHT30,temperature_C,RECOVERY,27.41131,True,PASS,False,NONE,27.41131,True,0,,100,HEALTHY
sht30_temperature_v02,3,3761,3762137,SHT30,temperature_C,RECOVERY,27.39796,True,PASS,False,NONE,27.39796,True,0,,100,HEALTHY
sht30_temperature_v02,3,3762,3763137,SHT30,temperature_C,RECOVERY,27.42466,True,PASS,False,NONE,27.42466,True,0,,100,HEALTHY
sht30_temperature_v02,3,3763,3764137,SHT30,temperature_C,RECOVERY,27.42466,True,PASS,False,NONE,27.42466,True,0,,100,HEALTHY
sht30_temperature_v02,3,3764,3765137,SHT30,temperature_C,RECOVERY,27.45403,True,PASS,False,NONE,27.45403,True,0,,100,HEALTHY
sht30_temperature_v02,3,3765,3766137,SHT30,temperature_C,RECOVERY,27.41131,True,PASS,False,NONE,27.41131,True,0,,100,HEALTHY
sht30_temperature_v02,3,3766,3767137,SHT30,temperature_C,RECOVERY,27.41131,True,PASS,False,NONE,27.41131,True,0,,100,HEALTHY
sht30_temperature_v02,3,3767,3768137,SHT30,temperature_C,RECOVERY,27.43801,True,PASS,False,NONE,27.43801,True,0,,100,HEALTHY
sht30_temperature_v02,3,3768,3769137,SHT30,temperature_C,RECOVERY,27.43801,True,PASS,False,NONE,27.43801,True,0,,100,HEALTHY
sht30_temperature_v02,3,3769,3770137,SHT30,temperature_C,RECOVERY,27.43801,True,PASS,False,NONE,27.43801,True,0,,100,HEALTHY
sht30_temperature_v02,3,3770,3771137,SHT30,temperature_C,RECOVERY,27.45403,True,PASS,False,NONE,27.45403,True,0,,100,HEALTHY
sht30_temperature_v02,3,3771,3772137,SHT30,temperature_C,RECOVERY,27.43801,True,PASS,False,NONE,27.43801,True,0,,100,HEALTHY
sht30_temperature_v02,3,3772,3773137,SHT30,temperature_C,RECOVERY,27.43801,True,PASS,False,NONE,27.43801,True,0,,100,HEALTHY
sht30_temperature_v02,3,3773,3774137,SHT30,temperature_C,RECOVERY,27.45403,True,PASS,False,NONE,27.45403,True,0,,100,HEALTHY
sht30_temperature_v02,3,3774,3775137,SHT30,temperature_C,RECOVERY,27.42466,True,PASS,False,NONE,27.42466,True,0,,100,HEALTHY
sht30_temperature_v02,4,3775,3776137,SHT30,temperature_C,INJECTION,27.43801,True,OUT_OF_RANGE,True,RANGE,150.0,True,5,,20,FAULT
sht30_temperature_v02,4,3776,3777137,SHT30,temperature_C,INJECTION,27.45403,True,OUT_OF_RANGE,True,RANGE,150.0,True,1,,45,FAULT
sht30_temperature_v02,4,3777,3778137,SHT30,temperature_C,INJECTION,27.43801,True,OUT_OF_RANGE,True,RANGE,150.0,True,1,,45,FAULT
sht30_temperature_v02,4,3778,3779137,SHT30,temperature_C,INJECTION,27.46738,True,OUT_OF_RANGE,True,RANGE,150.0,True,1,,45,FAULT
sht30_temperature_v02,4,3779,3780137,SHT30,temperature_C,INJECTION,27.45403,True,OUT_OF_RANGE,True,RANGE,150.0,True,1,,45,FAULT
sht30_temperature_v02,4,3780,3781137,SHT30,temperature_C,RECOVERY,27.46738,True,PASS,False,NONE,27.46738,True,4,,75,DEGRADED
sht30_temperature_v02,4,3781,3782137,SHT30,temperature_C,RECOVERY,27.45403,True,PASS,False,NONE,27.45403,True,0,,100,HEALTHY
sht30_temperature_v02,4,3782,3783137,SHT30,temperature_C,RECOVERY,27.45403,True,PASS,False,NONE,27.45403,True,0,,100,HEALTHY
sht30_temperature_v02,4,3783,3784137,SHT30,temperature_C,RECOVERY,27.43801,True,PASS,False,NONE,27.43801,True,0,,100,HEALTHY
sht30_temperature_v02,4,3784,3785137,SHT30,temperature_C,RECOVERY,27.45403,True,PASS,False,NONE,27.45403,True,0,,100,HEALTHY
sht30_temperature_v02,4,3785,3786137,SHT30,temperature_C,RECOVERY,27.46738,True,PASS,False,NONE,27.46738,True,0,,100,HEALTHY
sht30_temperature_v02,4,3786,3787137,SHT30,temperature_C,RECOVERY,27.45403,True,PASS,False,NONE,27.45403,True,0,,100,HEALTHY
sht30_temperature_v02,4,3787,3788137,SHT30,temperature_C,RECOVERY,27.45403,True,PASS,False,NONE,27.45403,True,0,,100,HEALTHY
sht30_temperature_v02,4,3788,3789137,SHT30,temperature_C,RECOVERY,27.43801,True,PASS,False,NONE,27.43801,True,0,,100,HEALTHY
sht30_temperature_v02,4,3789,3790137,SHT30,temperature_C,RECOVERY,27.45403,True,PASS,False,NONE,27.45403,True,0,,100,HEALTHY
sht30_temperature_v02,4,3790,3791137,SHT30,temperature_C,RECOVERY,27.42466,True,PASS,False,NONE,27.42466,True,0,,100,HEALTHY
sht30_temperature_v02,4,3791,3792137,SHT30,temperature_C,RECOVERY,27.45403,True,PASS,False,NONE,27.45403,True,0,,100,HEALTHY
sht30_temperature_v02,4,3792,3793137,SHT30,temperature_C,RECOVERY,27.46738,True,PASS,False,NONE,27.46738,True,0,,100,HEALTHY
sht30_temperature_v02,4,3793,3794137,SHT30,temperature_C,RECOVERY,27.43801,True,PASS,False,NONE,27.43801,True,0,,100,HEALTHY
sht30_temperature_v02,4,3794,3795137,SHT30,temperature_C,RECOVERY,27.45403,True,PASS,False,NONE,27.45403,True,0,,100,HEALTHY
sht30_temperature_v02,4,3795,3796137,SHT30,temperature_C,RECOVERY,27.43801,True,PASS,False,NONE,27.43801,True,0,,100,HEALTHY
sht30_temperature_v02,4,3796,3797137,SHT30,temperature_C,RECOVERY,27.43801,True,PASS,False,NONE,27.43801,True,0,,100,HEALTHY
sht30_temperature_v02,4,3797,3798137,SHT30,temperature_C,RECOVERY,27.45403,True,PASS,False,NONE,27.45403,True,0,,100,HEALTHY
sht30_temperature_v02,4,3798,3799137,SHT30,temperature_C,RECOVERY,27.43801,True,PASS,False,NONE,27.43801,True,0,,100,HEALTHY
sht30_temperature_v02,4,3799,3800137,SHT30,temperature_C,RECOVERY,27.45403,True,PASS,False,NONE,27.45403,True,0,,100,HEALTHY
sht30_temperature_v02,4,3800,3801137,SHT30,temperature_C,RECOVERY,27.46738,True,PASS,False,NONE,27.46738,True,0,,100,HEALTHY
sht30_temperature_v02,4,3801,3802137,SHT30,temperature_C,RECOVERY,27.43801,True,PASS,False,NONE,27.43801,True,0,,100,HEALTHY
sht30_temperature_v02,4,3802,3803137,SHT30,temperature_C,RECOVERY,27.45403,True,PASS,False,NONE,27.45403,True,0,,100,HEALTHY
sht30_temperature_v02,4,3803,3804137,SHT30,temperature_C,RECOVERY,27.46738,True,PASS,False,NONE,27.46738,True,0,,100,HEALTHY
sht30_temperature_v02,4,3804,3805137,SHT30,temperature_C,RECOVERY,27.45403,True,PASS,False,NONE,27.45403,True,0,,100,HEALTHY
sht30_temperature_v02,4,3805,3806137,SHT30,temperature_C,RECOVERY,27.45403,True,PASS,False,NONE,27.45403,True,0,,100,HEALTHY
sht30_temperature_v02,4,3806,3807137,SHT30,temperature_C,RECOVERY,27.43801,True,PASS,False,NONE,27.43801,True,0,,100,HEALTHY
sht30_temperature_v02,4,3807,3808137,SHT30,temperature_C,RECOVERY,27.43801,True,PASS,False,NONE,27.43801,True,0,,100,HEALTHY
sht30_temperature_v02,4,3808,3809137,SHT30,temperature_C,RECOVERY,27.43801,True,PASS,False,NONE,27.43801,True,0,,100,HEALTHY
sht30_temperature_v02,4,3809,3810137,SHT30,temperature_C,RECOVERY,27.43801,True,PASS,False,NONE,27.43801,True,0,,100,HEALTHY
sht30_temperature_v02,4,3810,3811137,SHT30,temperature_C,RECOVERY,27.45403,True,PASS,False,NONE,27.45403,True,0,,100,HEALTHY
sht30_temperature_v02,4,3811,3812137,SHT30,temperature_C,RECOVERY,27.43801,True,PASS,False,NONE,27.43801,True,0,,100,HEALTHY
sht30_temperature_v02,4,3812,3813137,SHT30,temperature_C,RECOVERY,27.48074,True,PASS,False,NONE,27.48074,True,0,,100,HEALTHY
sht30_temperature_v02,4,3813,3814137,SHT30,temperature_C,RECOVERY,27.49409,True,PASS,False,NONE,27.49409,True,0,,100,HEALTHY
sht30_temperature_v02,4,3814,3815137,SHT30,temperature_C,RECOVERY,27.46738,True,PASS,False,NONE,27.46738,True,0,,100,HEALTHY
sht30_temperature_v02,4,3815,3816137,SHT30,temperature_C,RECOVERY,27.48074,True,PASS,False,NONE,27.48074,True,0,,100,HEALTHY
sht30_temperature_v02,4,3816,3817137,SHT30,temperature_C,RECOVERY,27.46738,True,PASS,False,NONE,27.46738,True,0,,100,HEALTHY
sht30_temperature_v02,4,3817,3818137,SHT30,temperature_C,RECOVERY,27.45403,True,PASS,False,NONE,27.45403,True,0,,100,HEALTHY
sht30_temperature_v02,4,3818,3819137,SHT30,temperature_C,RECOVERY,27.46738,True,PASS,False,NONE,27.46738,True,0,,100,HEALTHY
sht30_temperature_v02,4,3819,3820137,SHT30,temperature_C,RECOVERY,27.46738,True,PASS,False,NONE,27.46738,True,0,,100,HEALTHY
sht30_temperature_v02,4,3820,3821137,SHT30,temperature_C,RECOVERY,27.48074,True,PASS,False,NONE,27.48074,True,0,,100,HEALTHY
sht30_temperature_v02,4,3821,3822137,SHT30,temperature_C,RECOVERY,27.46738,True,PASS,False,NONE,27.46738,True,0,,100,HEALTHY
sht30_temperature_v02,4,3822,3823137,SHT30,temperature_C,RECOVERY,27.45403,True,PASS,False,NONE,27.45403,True,0,,100,HEALTHY
sht30_temperature_v02,4,3823,3824137,SHT30,temperature_C,RECOVERY,27.45403,True,PASS,False,NONE,27.45403,True,0,,100,HEALTHY
sht30_temperature_v02,4,3824,3825137,SHT30,temperature_C,RECOVERY,27.48074,True,PASS,False,NONE,27.48074,True,0,,100,HEALTHY
sht30_temperature_v02,4,3825,3826137,SHT30,temperature_C,RECOVERY,27.46738,True,PASS,False,NONE,27.46738,True,0,,100,HEALTHY
sht30_temperature_v02,4,3826,3827137,SHT30,temperature_C,RECOVERY,27.48074,True,PASS,False,NONE,27.48074,True,0,,100,HEALTHY
sht30_temperature_v02,4,3827,3828137,SHT30,temperature_C,RECOVERY,27.48074,True,PASS,False,NONE,27.48074,True,0,,100,HEALTHY
sht30_temperature_v02,4,3828,3829137,SHT30,temperature_C,RECOVERY,27.45403,True,PASS,False,NONE,27.45403,True,0,,100,HEALTHY
sht30_temperature_v02,4,3829,3830137,SHT30,temperature_C,RECOVERY,27.45403,True,PASS,False,NONE,27.45403,True,0,,100,HEALTHY
sht30_temperature_v02,4,3830,3831137,SHT30,temperature_C,RECOVERY,27.48074,True,PASS,False,NONE,27.48074,True,0,,100,HEALTHY
sht30_temperature_v02,4,3831,3832137,SHT30,temperature_C,RECOVERY,27.46738,True,PASS,False,NONE,27.46738,True,0,,100,HEALTHY
sht30_temperature_v02,4,3832,3833137,SHT30,temperature_C,RECOVERY,27.46738,True,PASS,False,NONE,27.46738,True,0,,100,HEALTHY
sht30_temperature_v02,4,3833,3834137,SHT30,temperature_C,RECOVERY,27.48074,True,PASS,False,NONE,27.48074,True,0,,100,HEALTHY
sht30_temperature_v02,4,3834,3835137,SHT30,temperature_C,RECOVERY,27.48074,True,PASS,False,NONE,27.48074,True,0,,100,HEALTHY
sht30_temperature_v02,5,3835,3836137,SHT30,temperature_C,INJECTION,27.46738,True,OUT_OF_RANGE,True,RANGE,150.0,True,5,,20,FAULT
sht30_temperature_v02,5,3836,3837137,SHT30,temperature_C,INJECTION,27.46738,True,OUT_OF_RANGE,True,RANGE,150.0,True,1,,45,FAULT
sht30_temperature_v02,5,3837,3838137,SHT30,temperature_C,INJECTION,27.49409,True,OUT_OF_RANGE,True,RANGE,150.0,True,1,,45,FAULT
sht30_temperature_v02,5,3838,3839137,SHT30,temperature_C,INJECTION,27.46738,True,OUT_OF_RANGE,True,RANGE,150.0,True,1,,45,FAULT
sht30_temperature_v02,5,3839,3840137,SHT30,temperature_C,INJECTION,27.46738,True,OUT_OF_RANGE,True,RANGE,150.0,True,1,,45,FAULT
sht30_temperature_v02,5,3840,3841137,SHT30,temperature_C,RECOVERY,27.48074,True,PASS,False,NONE,27.48074,True,4,,75,DEGRADED
sht30_temperature_v02,5,3841,3842137,SHT30,temperature_C,RECOVERY,27.46738,True,PASS,False,NONE,27.46738,True,0,,100,HEALTHY
sht30_temperature_v02,5,3842,3843137,SHT30,temperature_C,RECOVERY,27.48074,True,PASS,False,NONE,27.48074,True,0,,100,HEALTHY
sht30_temperature_v02,5,3843,3844137,SHT30,temperature_C,RECOVERY,27.46738,True,PASS,False,NONE,27.46738,True,0,,100,HEALTHY
sht30_temperature_v02,5,3844,3845137,SHT30,temperature_C,RECOVERY,27.46738,True,PASS,False,NONE,27.46738,True,0,,100,HEALTHY
sht30_temperature_v02,5,3845,3846137,SHT30,temperature_C,RECOVERY,27.48074,True,PASS,False,NONE,27.48074,True,0,,100,HEALTHY
sht30_temperature_v02,5,3846,3847137,SHT30,temperature_C,RECOVERY,27.48074,True,PASS,False,NONE,27.48074,True,0,,100,HEALTHY
sht30_temperature_v02,5,3847,3848137,SHT30,temperature_C,RECOVERY,27.46738,True,PASS,False,NONE,27.46738,True,0,,100,HEALTHY
sht30_temperature_v02,5,3848,3849137,SHT30,temperature_C,RECOVERY,27.46738,True,PASS,False,NONE,27.46738,True,0,,100,HEALTHY
sht30_temperature_v02,5,3849,3850137,SHT30,temperature_C,RECOVERY,27.45403,True,PASS,False,NONE,27.45403,True,0,,100,HEALTHY
sht30_temperature_v02,5,3850,3851137,SHT30,temperature_C,RECOVERY,27.45403,True,PASS,False,NONE,27.45403,True,0,,100,HEALTHY
sht30_temperature_v02,5,3851,3852137,SHT30,temperature_C,RECOVERY,27.43801,True,PASS,False,NONE,27.43801,True,0,,100,HEALTHY
sht30_temperature_v02,5,3852,3853137,SHT30,temperature_C,RECOVERY,27.46738,True,PASS,False,NONE,27.46738,True,0,,100,HEALTHY
sht30_temperature_v02,5,3853,3854137,SHT30,temperature_C,RECOVERY,27.48074,True,PASS,False,NONE,27.48074,True,0,,100,HEALTHY
sht30_temperature_v02,5,3854,3855137,SHT30,temperature_C,RECOVERY,27.45403,True,PASS,False,NONE,27.45403,True,0,,100,HEALTHY
sht30_temperature_v02,5,3855,3856137,SHT30,temperature_C,RECOVERY,27.43801,True,PASS,False,NONE,27.43801,True,0,,100,HEALTHY
sht30_temperature_v02,5,3856,3857137,SHT30,temperature_C,RECOVERY,27.46738,True,PASS,False,NONE,27.46738,True,0,,100,HEALTHY
sht30_temperature_v02,5,3857,3858137,SHT30,temperature_C,RECOVERY,27.43801,True,PASS,False,NONE,27.43801,True,0,,100,HEALTHY
sht30_temperature_v02,5,3858,3859137,SHT30,temperature_C,RECOVERY,27.48074,True,PASS,False,NONE,27.48074,True,0,,100,HEALTHY
sht30_temperature_v02,5,3859,3860137,SHT30,temperature_C,RECOVERY,27.45403,True,PASS,False,NONE,27.45403,True,0,,100,HEALTHY
sht30_temperature_v02,5,3860,3861137,SHT30,temperature_C,RECOVERY,27.45403,True,PASS,False,NONE,27.45403,True,0,,100,HEALTHY
sht30_temperature_v02,5,3861,3862137,SHT30,temperature_C,RECOVERY,27.45403,True,PASS,False,NONE,27.45403,True,0,,100,HEALTHY
sht30_temperature_v02,5,3862,3863137,SHT30,temperature_C,RECOVERY,27.43801,True,PASS,False,NONE,27.43801,True,0,,100,HEALTHY
sht30_temperature_v02,5,3863,3864137,SHT30,temperature_C,RECOVERY,27.45403,True,PASS,False,NONE,27.45403,True,0,,100,HEALTHY
sht30_temperature_v02,5,3864,3865137,SHT30,temperature_C,RECOVERY,27.46738,True,PASS,False,NONE,27.46738,True,0,,100,HEALTHY
sht30_temperature_v02,5,3865,3866137,SHT30,temperature_C,RECOVERY,27.45403,True,PASS,False,NONE,27.45403,True,0,,100,HEALTHY
sht30_temperature_v02,5,3866,3867137,SHT30,temperature_C,RECOVERY,27.46738,True,PASS,False,NONE,27.46738,True,0,,100,HEALTHY
sht30_temperature_v02,5,3867,3868137,SHT30,temperature_C,RECOVERY,27.45403,True,PASS,False,NONE,27.45403,True,0,,100,HEALTHY
sht30_temperature_v02,5,3868,3869137,SHT30,temperature_C,RECOVERY,27.43801,True,PASS,False,NONE,27.43801,True,0,,100,HEALTHY
sht30_temperature_v02,5,3869,3870137,SHT30,temperature_C,RECOVERY,27.45403,True,PASS,False,NONE,27.45403,True,0,,100,HEALTHY
sht30_temperature_v02,5,3870,3871137,SHT30,temperature_C,RECOVERY,27.48074,True,PASS,False,NONE,27.48074,True,0,,100,HEALTHY
sht30_temperature_v02,5,3871,3872137,SHT30,temperature_C,RECOVERY,27.45403,True,PASS,False,NONE,27.45403,True,0,,100,HEALTHY
sht30_temperature_v02,5,3872,3873137,SHT30,temperature_C,RECOVERY,27.46738,True,PASS,False,NONE,27.46738,True,0,,100,HEALTHY
sht30_temperature_v02,5,3873,3874137,SHT30,temperature_C,RECOVERY,27.43801,True,PASS,False,NONE,27.43801,True,0,,100,HEALTHY
sht30_temperature_v02,5,3874,3875137,SHT30,temperature_C,RECOVERY,27.46738,True,PASS,False,NONE,27.46738,True,0,,100,HEALTHY
sht30_temperature_v02,5,3875,3876137,SHT30,temperature_C,RECOVERY,27.45403,True,PASS,False,NONE,27.45403,True,0,,100,HEALTHY
sht30_temperature_v02,5,3876,3877137,SHT30,temperature_C,RECOVERY,27.43801,True,PASS,False,NONE,27.43801,True,0,,100,HEALTHY
sht30_temperature_v02,5,3877,3878137,SHT30,temperature_C,RECOVERY,27.43801,True,PASS,False,NONE,27.43801,True,0,,100,HEALTHY
sht30_temperature_v02,5,3878,3879137,SHT30,temperature_C,RECOVERY,27.41131,True,PASS,False,NONE,27.41131,True,0,,100,HEALTHY
sht30_temperature_v02,5,3879,3880137,SHT30,temperature_C,RECOVERY,27.41131,True,PASS,False,NONE,27.41131,True,0,,100,HEALTHY
sht30_temperature_v02,5,3880,3881137,SHT30,temperature_C,RECOVERY,27.41131,True,PASS,False,NONE,27.41131,True,0,,100,HEALTHY
sht30_temperature_v02,5,3881,3882137,SHT30,temperature_C,RECOVERY,27.39796,True,PASS,False,NONE,27.39796,True,0,,100,HEALTHY
sht30_temperature_v02,5,3882,3883137,SHT30,temperature_C,RECOVERY,27.39796,True,PASS,False,NONE,27.39796,True,0,,100,HEALTHY
sht30_temperature_v02,5,3883,3884137,SHT30,temperature_C,RECOVERY,27.41131,True,PASS,False,NONE,27.41131,True,0,,100,HEALTHY
sht30_temperature_v02,5,3884,3885137,SHT30,temperature_C,RECOVERY,27.41131,True,PASS,False,NONE,27.41131,True,0,,100,HEALTHY
sht30_temperature_v02,5,3885,3886137,SHT30,temperature_C,RECOVERY,27.39796,True,PASS,False,NONE,27.39796,True,0,,100,HEALTHY
sht30_temperature_v02,5,3886,3887137,SHT30,temperature_C,RECOVERY,27.38194,True,PASS,False,NONE,27.38194,True,0,,100,HEALTHY
sht30_temperature_v02,5,3887,3888137,SHT30,temperature_C,RECOVERY,27.41131,True,PASS,False,NONE,27.41131,True,0,,100,HEALTHY
sht30_temperature_v02,5,3888,3889137,SHT30,temperature_C,RECOVERY,27.36858,True,PASS,False,NONE,27.36858,True,0,,100,HEALTHY
sht30_temperature_v02,5,3889,3890137,SHT30,temperature_C,RECOVERY,27.38194,True,PASS,False,NONE,27.38194,True,0,,100,HEALTHY
sht30_temperature_v02,5,3890,3891137,SHT30,temperature_C,RECOVERY,27.39796,True,PASS,False,NONE,27.39796,True,0,,100,HEALTHY
sht30_temperature_v02,5,3891,3892137,SHT30,temperature_C,RECOVERY,27.39796,True,PASS,False,NONE,27.39796,True,0,,100,HEALTHY
sht30_temperature_v02,5,3892,3893137,SHT30,temperature_C,RECOVERY,27.41131,True,PASS,False,NONE,27.41131,True,0,,100,HEALTHY
sht30_temperature_v02,5,3893,3894137,SHT30,temperature_C,RECOVERY,27.42466,True,PASS,False,NONE,27.42466,True,0,,100,HEALTHY
sht30_temperature_v02,5,3894,3895137,SHT30,temperature_C,RECOVERY,27.36858,True,PASS,False,NONE,27.36858,True,0,,100,HEALTHY
sht30_temperature_v02,1,3895,3896137,SHT30,temperature_C,INJECTION,27.38194,True,OFFSET,True,NONE,31.38194,True,4,,75,DEGRADED
sht30_temperature_v02,1,3896,3897137,SHT30,temperature_C,INJECTION,27.39796,True,OFFSET,True,NONE,31.39796,True,0,,100,HEALTHY
sht30_temperature_v02,1,3897,3898137,SHT30,temperature_C,INJECTION,27.41131,True,OFFSET,True,NONE,31.41131,True,0,,100,HEALTHY
sht30_temperature_v02,1,3898,3899137,SHT30,temperature_C,INJECTION,27.39796,True,OFFSET,True,NONE,31.39796,True,0,,100,HEALTHY
sht30_temperature_v02,1,3899,3900137,SHT30,temperature_C,INJECTION,27.41131,True,OFFSET,True,NONE,31.41131,True,0,,100,HEALTHY
sht30_temperature_v02,1,3900,3901137,SHT30,temperature_C,INJECTION,27.39796,True,OFFSET,True,NONE,31.39796,True,0,,100,HEALTHY
sht30_temperature_v02,1,3901,3902137,SHT30,temperature_C,INJECTION,27.39796,True,OFFSET,True,NONE,31.39796,True,0,,100,HEALTHY
sht30_temperature_v02,1,3902,3903137,SHT30,temperature_C,INJECTION,27.43801,True,OFFSET,True,NONE,31.43801,True,0,,100,HEALTHY
sht30_temperature_v02,1,3903,3904137,SHT30,temperature_C,INJECTION,27.42466,True,OFFSET,True,NONE,31.42466,True,0,,100,HEALTHY
sht30_temperature_v02,1,3904,3905137,SHT30,temperature_C,INJECTION,27.38194,True,OFFSET,True,NONE,31.38194,True,0,,100,HEALTHY
sht30_temperature_v02,1,3905,3906137,SHT30,temperature_C,INJECTION,27.41131,True,OFFSET,True,NONE,31.41131,True,0,,100,HEALTHY
sht30_temperature_v02,1,3906,3907137,SHT30,temperature_C,INJECTION,27.39796,True,OFFSET,True,NONE,31.39796,True,0,,100,HEALTHY
sht30_temperature_v02,1,3907,3908137,SHT30,temperature_C,INJECTION,27.41131,True,OFFSET,True,NONE,31.41131,True,0,,100,HEALTHY
sht30_temperature_v02,1,3908,3909137,SHT30,temperature_C,INJECTION,27.41131,True,OFFSET,True,NONE,31.41131,True,0,,100,HEALTHY
sht30_temperature_v02,1,3909,3910137,SHT30,temperature_C,INJECTION,27.39796,True,OFFSET,True,NONE,31.39796,True,0,,100,HEALTHY
sht30_temperature_v02,1,3910,3911137,SHT30,temperature_C,INJECTION,27.41131,True,OFFSET,True,NONE,31.41131,True,0,,100,HEALTHY
sht30_temperature_v02,1,3911,3912137,SHT30,temperature_C,INJECTION,27.39796,True,OFFSET,True,NONE,31.39796,True,0,,100,HEALTHY
sht30_temperature_v02,1,3912,3913137,SHT30,temperature_C,INJECTION,27.41131,True,OFFSET,True,NONE,31.41131,True,0,,100,HEALTHY
sht30_temperature_v02,1,3913,3914137,SHT30,temperature_C,INJECTION,27.41131,True,OFFSET,True,NONE,31.41131,True,0,,100,HEALTHY
sht30_temperature_v02,1,3914,3915137,SHT30,temperature_C,INJECTION,27.39796,True,OFFSET,True,NONE,31.39796,True,0,,100,HEALTHY
sht30_temperature_v02,1,3915,3916137,SHT30,temperature_C,RECOVERY,27.41131,True,PASS,False,NONE,27.41131,True,4,,75,DEGRADED
sht30_temperature_v02,1,3916,3917137,SHT30,temperature_C,RECOVERY,27.41131,True,PASS,False,NONE,27.41131,True,0,,100,HEALTHY
sht30_temperature_v02,1,3917,3918137,SHT30,temperature_C,RECOVERY,27.42466,True,PASS,False,NONE,27.42466,True,0,,100,HEALTHY
sht30_temperature_v02,1,3918,3919137,SHT30,temperature_C,RECOVERY,27.41131,True,PASS,False,NONE,27.41131,True,0,,100,HEALTHY
sht30_temperature_v02,1,3919,3920137,SHT30,temperature_C,RECOVERY,27.43801,True,PASS,False,NONE,27.43801,True,0,,100,HEALTHY
sht30_temperature_v02,1,3920,3921137,SHT30,temperature_C,RECOVERY,27.42466,True,PASS,False,NONE,27.42466,True,0,,100,HEALTHY
sht30_temperature_v02,1,3921,3922137,SHT30,temperature_C,RECOVERY,27.41131,True,PASS,False,NONE,27.41131,True,0,,100,HEALTHY
sht30_temperature_v02,1,3922,3923137,SHT30,temperature_C,RECOVERY,27.42466,True,PASS,False,NONE,27.42466,True,0,,100,HEALTHY
sht30_temperature_v02,1,3923,3924137,SHT30,temperature_C,RECOVERY,27.43801,True,PASS,False,NONE,27.43801,True,0,,100,HEALTHY
sht30_temperature_v02,1,3924,3925137,SHT30,temperature_C,RECOVERY,27.41131,True,PASS,False,NONE,27.41131,True,0,,100,HEALTHY
sht30_temperature_v02,1,3925,3926137,SHT30,temperature_C,RECOVERY,27.42466,True,PASS,False,NONE,27.42466,True,0,,100,HEALTHY
sht30_temperature_v02,1,3926,3927137,SHT30,temperature_C,RECOVERY,27.41131,True,PASS,False,NONE,27.41131,True,0,,100,HEALTHY
sht30_temperature_v02,1,3927,3928137,SHT30,temperature_C,RECOVERY,27.42466,True,PASS,False,NONE,27.42466,True,0,,100,HEALTHY
sht30_temperature_v02,1,3928,3929137,SHT30,temperature_C,RECOVERY,27.43801,True,PASS,False,NONE,27.43801,True,0,,100,HEALTHY
sht30_temperature_v02,1,3929,3930137,SHT30,temperature_C,RECOVERY,27.42466,True,PASS,False,NONE,27.42466,True,0,,100,HEALTHY
sht30_temperature_v02,1,3930,3931137,SHT30,temperature_C,RECOVERY,27.43801,True,PASS,False,NONE,27.43801,True,0,,100,HEALTHY
sht30_temperature_v02,1,3931,3932137,SHT30,temperature_C,RECOVERY,27.43801,True,PASS,False,NONE,27.43801,True,0,,100,HEALTHY
sht30_temperature_v02,1,3932,3933137,SHT30,temperature_C,RECOVERY,27.43801,True,PASS,False,NONE,27.43801,True,0,,100,HEALTHY
sht30_temperature_v02,1,3933,3934137,SHT30,temperature_C,RECOVERY,27.42466,True,PASS,False,NONE,27.42466,True,0,,100,HEALTHY
sht30_temperature_v02,1,3934,3935137,SHT30,temperature_C,RECOVERY,27.42466,True,PASS,False,NONE,27.42466,True,0,,100,HEALTHY
sht30_temperature_v02,1,3935,3936137,SHT30,temperature_C,RECOVERY,27.43801,True,PASS,False,NONE,27.43801,True,0,,100,HEALTHY
sht30_temperature_v02,1,3936,3937137,SHT30,temperature_C,RECOVERY,27.45403,True,PASS,False,NONE,27.45403,True,0,,100,HEALTHY
sht30_temperature_v02,1,3937,3938137,SHT30,temperature_C,RECOVERY,27.42466,True,PASS,False,NONE,27.42466,True,0,,100,HEALTHY
sht30_temperature_v02,1,3938,3939137,SHT30,temperature_C,RECOVERY,27.43801,True,PASS,False,NONE,27.43801,True,0,,100,HEALTHY
sht30_temperature_v02,1,3939,3940137,SHT30,temperature_C,RECOVERY,27.41131,True,PASS,False,NONE,27.41131,True,0,,100,HEALTHY
sht30_temperature_v02,1,3940,3941137,SHT30,temperature_C,RECOVERY,27.42466,True,PASS,False,NONE,27.42466,True,0,,100,HEALTHY
sht30_temperature_v02,1,3941,3942137,SHT30,temperature_C,RECOVERY,27.43801,True,PASS,False,NONE,27.43801,True,0,,100,HEALTHY
sht30_temperature_v02,1,3942,3943137,SHT30,temperature_C,RECOVERY,27.43801,True,PASS,False,NONE,27.43801,True,0,,100,HEALTHY
sht30_temperature_v02,1,3943,3944137,SHT30,temperature_C,RECOVERY,27.43801,True,PASS,False,NONE,27.43801,True,0,,100,HEALTHY
sht30_temperature_v02,1,3944,3945137,SHT30,temperature_C,RECOVERY,27.45403,True,PASS,False,NONE,27.45403,True,0,,100,HEALTHY
sht30_temperature_v02,1,3945,3946137,SHT30,temperature_C,RECOVERY,27.43801,True,PASS,False,NONE,27.43801,True,0,,100,HEALTHY
sht30_temperature_v02,1,3946,3947137,SHT30,temperature_C,RECOVERY,27.45403,True,PASS,False,NONE,27.45403,True,0,,100,HEALTHY
sht30_temperature_v02,1,3947,3948137,SHT30,temperature_C,RECOVERY,27.45403,True,PASS,False,NONE,27.45403,True,0,,100,HEALTHY
sht30_temperature_v02,1,3948,3949137,SHT30,temperature_C,RECOVERY,27.45403,True,PASS,False,NONE,27.45403,True,0,,100,HEALTHY
sht30_temperature_v02,1,3949,3950137,SHT30,temperature_C,RECOVERY,27.42466,True,PASS,False,NONE,27.42466,True,0,,100,HEALTHY
sht30_temperature_v02,1,3950,3951137,SHT30,temperature_C,RECOVERY,27.45403,True,PASS,False,NONE,27.45403,True,0,,100,HEALTHY
sht30_temperature_v02,1,3951,3952137,SHT30,temperature_C,RECOVERY,27.45403,True,PASS,False,NONE,27.45403,True,0,,100,HEALTHY
sht30_temperature_v02,1,3952,3953137,SHT30,temperature_C,RECOVERY,27.43801,True,PASS,False,NONE,27.43801,True,0,,100,HEALTHY
sht30_temperature_v02,1,3953,3954137,SHT30,temperature_C,RECOVERY,27.45403,True,PASS,False,NONE,27.45403,True,0,,100,HEALTHY
sht30_temperature_v02,1,3954,3955137,SHT30,temperature_C,RECOVERY,27.43801,True,PASS,False,NONE,27.43801,True,0,,100,HEALTHY
sht30_temperature_v02,1,3955,3956137,SHT30,temperature_C,RECOVERY,27.46738,True,PASS,False,NONE,27.46738,True,0,,100,HEALTHY
sht30_temperature_v02,1,3956,3957137,SHT30,temperature_C,RECOVERY,27.43801,True,PASS,False,NONE,27.43801,True,0,,100,HEALTHY
sht30_temperature_v02,1,3957,3958137,SHT30,temperature_C,RECOVERY,27.46738,True,PASS,False,NONE,27.46738,True,0,,100,HEALTHY
sht30_temperature_v02,1,3958,3959137,SHT30,temperature_C,RECOVERY,27.45403,True,PASS,False,NONE,27.45403,True,0,,100,HEALTHY
sht30_temperature_v02,1,3959,3960137,SHT30,temperature_C,RECOVERY,27.45403,True,PASS,False,NONE,27.45403,True,0,,100,HEALTHY
sht30_temperature_v02,1,3960,3961137,SHT30,temperature_C,RECOVERY,27.45403,True,PASS,False,NONE,27.45403,True,0,,100,HEALTHY
sht30_temperature_v02,1,3961,3962137,SHT30,temperature_C,RECOVERY,27.45403,True,PASS,False,NONE,27.45403,True,0,,100,HEALTHY
sht30_temperature_v02,1,3962,3963137,SHT30,temperature_C,RECOVERY,27.46738,True,PASS,False,NONE,27.46738,True,0,,100,HEALTHY
sht30_temperature_v02,1,3963,3964137,SHT30,temperature_C,RECOVERY,27.43801,True,PASS,False,NONE,27.43801,True,0,,100,HEALTHY
sht30_temperature_v02,1,3964,3965137,SHT30,temperature_C,RECOVERY,27.43801,True,PASS,False,NONE,27.43801,True,0,,100,HEALTHY
sht30_temperature_v02,1,3965,3966137,SHT30,temperature_C,RECOVERY,27.46738,True,PASS,False,NONE,27.46738,True,0,,100,HEALTHY
sht30_temperature_v02,1,3966,3967137,SHT30,temperature_C,RECOVERY,27.43801,True,PASS,False,NONE,27.43801,True,0,,100,HEALTHY
sht30_temperature_v02,1,3967,3968137,SHT30,temperature_C,RECOVERY,27.45403,True,PASS,False,NONE,27.45403,True,0,,100,HEALTHY
sht30_temperature_v02,1,3968,3969137,SHT30,temperature_C,RECOVERY,27.45403,True,PASS,False,NONE,27.45403,True,0,,100,HEALTHY
sht30_temperature_v02,1,3969,3970137,SHT30,temperature_C,RECOVERY,27.45403,True,PASS,False,NONE,27.45403,True,0,,100,HEALTHY
sht30_temperature_v02,2,3970,3971137,SHT30,temperature_C,INJECTION,27.46738,True,OFFSET,True,NONE,31.46738,True,4,,75,DEGRADED
sht30_temperature_v02,2,3971,3972137,SHT30,temperature_C,INJECTION,27.42466,True,OFFSET,True,NONE,31.42466,True,0,,100,HEALTHY
sht30_temperature_v02,2,3972,3973137,SHT30,temperature_C,INJECTION,27.45403,True,OFFSET,True,NONE,31.45403,True,0,,100,HEALTHY
sht30_temperature_v02,2,3973,3974137,SHT30,temperature_C,INJECTION,27.41131,True,OFFSET,True,NONE,31.41131,True,0,,100,HEALTHY
sht30_temperature_v02,2,3974,3975137,SHT30,temperature_C,INJECTION,27.43801,True,OFFSET,True,NONE,31.43801,True,0,,100,HEALTHY
sht30_temperature_v02,2,3975,3976137,SHT30,temperature_C,INJECTION,27.39796,True,OFFSET,True,NONE,31.39796,True,0,,100,HEALTHY
sht30_temperature_v02,2,3976,3977137,SHT30,temperature_C,INJECTION,27.41131,True,OFFSET,True,NONE,31.41131,True,0,,100,HEALTHY
sht30_temperature_v02,2,3977,3978137,SHT30,temperature_C,INJECTION,27.41131,True,OFFSET,True,NONE,31.41131,True,0,,100,HEALTHY
sht30_temperature_v02,2,3978,3979137,SHT30,temperature_C,INJECTION,27.42466,True,OFFSET,True,NONE,31.42466,True,0,,100,HEALTHY
sht30_temperature_v02,2,3979,3980137,SHT30,temperature_C,INJECTION,27.43801,True,OFFSET,True,NONE,31.43801,True,0,,100,HEALTHY
sht30_temperature_v02,2,3980,3981137,SHT30,temperature_C,INJECTION,27.41131,True,OFFSET,True,NONE,31.41131,True,0,,100,HEALTHY
sht30_temperature_v02,2,3981,3982137,SHT30,temperature_C,INJECTION,27.39796,True,OFFSET,True,NONE,31.39796,True,0,,100,HEALTHY
sht30_temperature_v02,2,3982,3983137,SHT30,temperature_C,INJECTION,27.41131,True,OFFSET,True,NONE,31.41131,True,0,,100,HEALTHY
sht30_temperature_v02,2,3983,3984137,SHT30,temperature_C,INJECTION,27.42466,True,OFFSET,True,NONE,31.42466,True,0,,100,HEALTHY
sht30_temperature_v02,2,3984,3985137,SHT30,temperature_C,INJECTION,27.41131,True,OFFSET,True,NONE,31.41131,True,0,,100,HEALTHY
sht30_temperature_v02,2,3985,3986137,SHT30,temperature_C,INJECTION,27.39796,True,OFFSET,True,NONE,31.39796,True,0,,100,HEALTHY
sht30_temperature_v02,2,3986,3987137,SHT30,temperature_C,INJECTION,27.41131,True,OFFSET,True,NONE,31.41131,True,0,,100,HEALTHY
sht30_temperature_v02,2,3987,3988137,SHT30,temperature_C,INJECTION,27.39796,True,OFFSET,True,NONE,31.39796,True,0,,100,HEALTHY
sht30_temperature_v02,2,3988,3989137,SHT30,temperature_C,INJECTION,27.41131,True,OFFSET,True,NONE,31.41131,True,0,,100,HEALTHY
sht30_temperature_v02,2,3989,3990137,SHT30,temperature_C,INJECTION,27.41131,True,OFFSET,True,NONE,31.41131,True,0,,100,HEALTHY
sht30_temperature_v02,2,3990,3991137,SHT30,temperature_C,RECOVERY,27.41131,True,PASS,False,NONE,27.41131,True,4,,75,DEGRADED
sht30_temperature_v02,2,3991,3992137,SHT30,temperature_C,RECOVERY,27.41131,True,PASS,False,NONE,27.41131,True,0,,100,HEALTHY
sht30_temperature_v02,2,3992,3993137,SHT30,temperature_C,RECOVERY,27.41131,True,PASS,False,NONE,27.41131,True,0,,100,HEALTHY
sht30_temperature_v02,2,3993,3994137,SHT30,temperature_C,RECOVERY,27.41131,True,PASS,False,NONE,27.41131,True,0,,100,HEALTHY
sht30_temperature_v02,2,3994,3995137,SHT30,temperature_C,RECOVERY,27.41131,True,PASS,False,NONE,27.41131,True,0,,100,HEALTHY
sht30_temperature_v02,2,3995,3996137,SHT30,temperature_C,RECOVERY,27.39796,True,PASS,False,NONE,27.39796,True,0,,100,HEALTHY
sht30_temperature_v02,2,3996,3997137,SHT30,temperature_C,RECOVERY,27.41131,True,PASS,False,NONE,27.41131,True,0,,100,HEALTHY
sht30_temperature_v02,2,3997,3998137,SHT30,temperature_C,RECOVERY,27.41131,True,PASS,False,NONE,27.41131,True,0,,100,HEALTHY
sht30_temperature_v02,2,3998,3999137,SHT30,temperature_C,RECOVERY,27.41131,True,PASS,False,NONE,27.41131,True,0,,100,HEALTHY
sht30_temperature_v02,2,3999,4000137,SHT30,temperature_C,RECOVERY,27.42466,True,PASS,False,NONE,27.42466,True,0,,100,HEALTHY
sht30_temperature_v02,2,4000,4001137,SHT30,temperature_C,RECOVERY,27.41131,True,PASS,False,NONE,27.41131,True,0,,100,HEALTHY
sht30_temperature_v02,2,4001,4002137,SHT30,temperature_C,RECOVERY,27.42466,True,PASS,False,NONE,27.42466,True,0,,100,HEALTHY
sht30_temperature_v02,2,4002,4003137,SHT30,temperature_C,RECOVERY,27.41131,True,PASS,False,NONE,27.41131,True,0,,100,HEALTHY
sht30_temperature_v02,2,4003,4004137,SHT30,temperature_C,RECOVERY,27.41131,True,PASS,False,NONE,27.41131,True,0,,100,HEALTHY
sht30_temperature_v02,2,4004,4005137,SHT30,temperature_C,RECOVERY,27.41131,True,PASS,False,NONE,27.41131,True,0,,100,HEALTHY
sht30_temperature_v02,2,4005,4006137,SHT30,temperature_C,RECOVERY,27.41131,True,PASS,False,NONE,27.41131,True,0,,100,HEALTHY
sht30_temperature_v02,2,4006,4007137,SHT30,temperature_C,RECOVERY,27.39796,True,PASS,False,NONE,27.39796,True,0,,100,HEALTHY
sht30_temperature_v02,2,4007,4008137,SHT30,temperature_C,RECOVERY,27.41131,True,PASS,False,NONE,27.41131,True,0,,100,HEALTHY
sht30_temperature_v02,2,4008,4009137,SHT30,temperature_C,RECOVERY,27.41131,True,PASS,False,NONE,27.41131,True,0,,100,HEALTHY
sht30_temperature_v02,2,4009,4010137,SHT30,temperature_C,RECOVERY,27.41131,True,PASS,False,NONE,27.41131,True,0,,100,HEALTHY
sht30_temperature_v02,2,4010,4011137,SHT30,temperature_C,RECOVERY,27.43801,True,PASS,False,NONE,27.43801,True,0,,100,HEALTHY
sht30_temperature_v02,2,4011,4012137,SHT30,temperature_C,RECOVERY,27.42466,True,PASS,False,NONE,27.42466,True,0,,100,HEALTHY
sht30_temperature_v02,2,4012,4013137,SHT30,temperature_C,RECOVERY,27.41131,True,PASS,False,NONE,27.41131,True,0,,100,HEALTHY
sht30_temperature_v02,2,4013,4014137,SHT30,temperature_C,RECOVERY,27.42466,True,PASS,False,NONE,27.42466,True,0,,100,HEALTHY
sht30_temperature_v02,2,4014,4015137,SHT30,temperature_C,RECOVERY,27.42466,True,PASS,False,NONE,27.42466,True,0,,100,HEALTHY
sht30_temperature_v02,2,4015,4016137,SHT30,temperature_C,RECOVERY,27.43801,True,PASS,False,NONE,27.43801,True,0,,100,HEALTHY
sht30_temperature_v02,2,4016,4017137,SHT30,temperature_C,RECOVERY,27.42466,True,PASS,False,NONE,27.42466,True,0,,100,HEALTHY
sht30_temperature_v02,2,4017,4018137,SHT30,temperature_C,RECOVERY,27.43801,True,PASS,False,NONE,27.43801,True,0,,100,HEALTHY
sht30_temperature_v02,2,4018,4019137,SHT30,temperature_C,RECOVERY,27.45403,True,PASS,False,NONE,27.45403,True,0,,100,HEALTHY
sht30_temperature_v02,2,4019,4020137,SHT30,temperature_C,RECOVERY,27.45403,True,PASS,False,NONE,27.45403,True,0,,100,HEALTHY
sht30_temperature_v02,2,4020,4021137,SHT30,temperature_C,RECOVERY,27.43801,True,PASS,False,NONE,27.43801,True,0,,100,HEALTHY
sht30_temperature_v02,2,4021,4022137,SHT30,temperature_C,RECOVERY,27.42466,True,PASS,False,NONE,27.42466,True,0,,100,HEALTHY
sht30_temperature_v02,2,4022,4023137,SHT30,temperature_C,RECOVERY,27.43801,True,PASS,False,NONE,27.43801,True,0,,100,HEALTHY
sht30_temperature_v02,2,4023,4024137,SHT30,temperature_C,RECOVERY,27.43801,True,PASS,False,NONE,27.43801,True,0,,100,HEALTHY
sht30_temperature_v02,2,4024,4025137,SHT30,temperature_C,RECOVERY,27.45403,True,PASS,False,NONE,27.45403,True,0,,100,HEALTHY
sht30_temperature_v02,2,4025,4026137,SHT30,temperature_C,RECOVERY,27.43801,True,PASS,False,NONE,27.43801,True,0,,100,HEALTHY
sht30_temperature_v02,2,4026,4027137,SHT30,temperature_C,RECOVERY,27.45403,True,PASS,False,NONE,27.45403,True,0,,100,HEALTHY
sht30_temperature_v02,2,4027,4028137,SHT30,temperature_C,RECOVERY,27.42466,True,PASS,False,NONE,27.42466,True,0,,100,HEALTHY
sht30_temperature_v02,2,4028,4029137,SHT30,temperature_C,RECOVERY,27.46738,True,PASS,False,NONE,27.46738,True,0,,100,HEALTHY
sht30_temperature_v02,2,4029,4030137,SHT30,temperature_C,RECOVERY,27.48074,True,PASS,False,NONE,27.48074,True,0,,100,HEALTHY
sht30_temperature_v02,2,4030,4031137,SHT30,temperature_C,RECOVERY,27.46738,True,PASS,False,NONE,27.46738,True,0,,100,HEALTHY
sht30_temperature_v02,2,4031,4032137,SHT30,temperature_C,RECOVERY,27.46738,True,PASS,False,NONE,27.46738,True,0,,100,HEALTHY
sht30_temperature_v02,2,4032,4033137,SHT30,temperature_C,RECOVERY,27.45403,True,PASS,False,NONE,27.45403,True,0,,100,HEALTHY
sht30_temperature_v02,2,4033,4034137,SHT30,temperature_C,RECOVERY,27.43801,True,PASS,False,NONE,27.43801,True,0,,100,HEALTHY
sht30_temperature_v02,2,4034,4035137,SHT30,temperature_C,RECOVERY,27.45403,True,PASS,False,NONE,27.45403,True,0,,100,HEALTHY
sht30_temperature_v02,2,4035,4036137,SHT30,temperature_C,RECOVERY,27.45403,True,PASS,False,NONE,27.45403,True,0,,100,HEALTHY
sht30_temperature_v02,2,4036,4037137,SHT30,temperature_C,RECOVERY,27.43801,True,PASS,False,NONE,27.43801,True,0,,100,HEALTHY
sht30_temperature_v02,2,4037,4038137,SHT30,temperature_C,RECOVERY,27.45403,True,PASS,False,NONE,27.45403,True,0,,100,HEALTHY
sht30_temperature_v02,2,4038,4039137,SHT30,temperature_C,RECOVERY,27.46738,True,PASS,False,NONE,27.46738,True,0,,100,HEALTHY
sht30_temperature_v02,2,4039,4040137,SHT30,temperature_C,RECOVERY,27.42466,True,PASS,False,NONE,27.42466,True,0,,100,HEALTHY
sht30_temperature_v02,2,4040,4041137,SHT30,temperature_C,RECOVERY,27.46738,True,PASS,False,NONE,27.46738,True,0,,100,HEALTHY
sht30_temperature_v02,2,4041,4042137,SHT30,temperature_C,RECOVERY,27.45403,True,PASS,False,NONE,27.45403,True,0,,100,HEALTHY
sht30_temperature_v02,2,4042,4043137,SHT30,temperature_C,RECOVERY,27.46738,True,PASS,False,NONE,27.46738,True,0,,100,HEALTHY
sht30_temperature_v02,2,4043,4044137,SHT30,temperature_C,RECOVERY,27.46738,True,PASS,False,NONE,27.46738,True,0,,100,HEALTHY
sht30_temperature_v02,2,4044,4045137,SHT30,temperature_C,RECOVERY,27.46738,True,PASS,False,NONE,27.46738,True,0,,100,HEALTHY
sht30_temperature_v02,3,4045,4046137,SHT30,temperature_C,INJECTION,27.48074,True,OFFSET,True,NONE,31.48074,True,4,,75,DEGRADED
sht30_temperature_v02,3,4046,4047137,SHT30,temperature_C,INJECTION,27.43801,True,OFFSET,True,NONE,31.43801,True,0,,100,HEALTHY
sht30_temperature_v02,3,4047,4048137,SHT30,temperature_C,INJECTION,27.42466,True,OFFSET,True,NONE,31.42466,True,0,,100,HEALTHY
sht30_temperature_v02,3,4048,4049137,SHT30,temperature_C,INJECTION,27.46738,True,OFFSET,True,NONE,31.46738,True,0,,100,HEALTHY
sht30_temperature_v02,3,4049,4050137,SHT30,temperature_C,INJECTION,27.45403,True,OFFSET,True,NONE,31.45403,True,0,,100,HEALTHY
sht30_temperature_v02,3,4050,4051137,SHT30,temperature_C,INJECTION,27.45403,True,OFFSET,True,NONE,31.45403,True,0,,100,HEALTHY
sht30_temperature_v02,3,4051,4052137,SHT30,temperature_C,INJECTION,27.42466,True,OFFSET,True,NONE,31.42466,True,0,,100,HEALTHY
sht30_temperature_v02,3,4052,4053137,SHT30,temperature_C,INJECTION,27.45403,True,OFFSET,True,NONE,31.45403,True,0,,100,HEALTHY
sht30_temperature_v02,3,4053,4054137,SHT30,temperature_C,INJECTION,27.46738,True,OFFSET,True,NONE,31.46738,True,0,,100,HEALTHY
sht30_temperature_v02,3,4054,4055137,SHT30,temperature_C,INJECTION,27.46738,True,OFFSET,True,NONE,31.46738,True,0,,100,HEALTHY
sht30_temperature_v02,3,4055,4056137,SHT30,temperature_C,INJECTION,27.46738,True,OFFSET,True,NONE,31.46738,True,0,,100,HEALTHY
sht30_temperature_v02,3,4056,4057137,SHT30,temperature_C,INJECTION,27.46738,True,OFFSET,True,NONE,31.46738,True,0,,100,HEALTHY
sht30_temperature_v02,3,4057,4058137,SHT30,temperature_C,INJECTION,27.48074,True,OFFSET,True,NONE,31.48074,True,0,,100,HEALTHY
sht30_temperature_v02,3,4058,4059137,SHT30,temperature_C,INJECTION,27.46738,True,OFFSET,True,NONE,31.46738,True,0,,100,HEALTHY
sht30_temperature_v02,3,4059,4060137,SHT30,temperature_C,INJECTION,27.45403,True,OFFSET,True,NONE,31.45403,True,0,,100,HEALTHY
sht30_temperature_v02,3,4060,4061137,SHT30,temperature_C,INJECTION,27.46738,True,OFFSET,True,NONE,31.46738,True,0,,100,HEALTHY
sht30_temperature_v02,3,4061,4062137,SHT30,temperature_C,INJECTION,27.48074,True,OFFSET,True,NONE,31.48074,True,0,,100,HEALTHY
sht30_temperature_v02,3,4062,4063137,SHT30,temperature_C,INJECTION,27.45403,True,OFFSET,True,NONE,31.45403,True,0,,100,HEALTHY
sht30_temperature_v02,3,4063,4064137,SHT30,temperature_C,INJECTION,27.48074,True,OFFSET,True,NONE,31.48074,True,0,,100,HEALTHY
sht30_temperature_v02,3,4064,4065137,SHT30,temperature_C,INJECTION,27.46738,True,OFFSET,True,NONE,31.46738,True,0,,100,HEALTHY
sht30_temperature_v02,3,4065,4066137,SHT30,temperature_C,RECOVERY,27.46738,True,PASS,False,NONE,27.46738,True,4,,75,DEGRADED
sht30_temperature_v02,3,4066,4067137,SHT30,temperature_C,RECOVERY,27.46738,True,PASS,False,NONE,27.46738,True,0,,100,HEALTHY
sht30_temperature_v02,3,4067,4068137,SHT30,temperature_C,RECOVERY,27.46738,True,PASS,False,NONE,27.46738,True,0,,100,HEALTHY
sht30_temperature_v02,3,4068,4069137,SHT30,temperature_C,RECOVERY,27.46738,True,PASS,False,NONE,27.46738,True,0,,100,HEALTHY
sht30_temperature_v02,3,4069,4070137,SHT30,temperature_C,RECOVERY,27.46738,True,PASS,False,NONE,27.46738,True,0,,100,HEALTHY
sht30_temperature_v02,3,4070,4071137,SHT30,temperature_C,RECOVERY,27.45403,True,PASS,False,NONE,27.45403,True,0,,100,HEALTHY
sht30_temperature_v02,3,4071,4072137,SHT30,temperature_C,RECOVERY,27.43801,True,PASS,False,NONE,27.43801,True,0,,100,HEALTHY
sht30_temperature_v02,3,4072,4073137,SHT30,temperature_C,RECOVERY,27.46738,True,PASS,False,NONE,27.46738,True,0,,100,HEALTHY
sht30_temperature_v02,3,4073,4074137,SHT30,temperature_C,RECOVERY,27.48074,True,PASS,False,NONE,27.48074,True,0,,100,HEALTHY
sht30_temperature_v02,3,4074,4075137,SHT30,temperature_C,RECOVERY,27.45403,True,PASS,False,NONE,27.45403,True,0,,100,HEALTHY
sht30_temperature_v02,3,4075,4076137,SHT30,temperature_C,RECOVERY,27.48074,True,PASS,False,NONE,27.48074,True,0,,100,HEALTHY
sht30_temperature_v02,3,4076,4077137,SHT30,temperature_C,RECOVERY,27.45403,True,PASS,False,NONE,27.45403,True,0,,100,HEALTHY
sht30_temperature_v02,3,4077,4078137,SHT30,temperature_C,RECOVERY,27.48074,True,PASS,False,NONE,27.48074,True,0,,100,HEALTHY
sht30_temperature_v02,3,4078,4079137,SHT30,temperature_C,RECOVERY,27.46738,True,PASS,False,NONE,27.46738,True,0,,100,HEALTHY
sht30_temperature_v02,3,4079,4080137,SHT30,temperature_C,RECOVERY,27.49409,True,PASS,False,NONE,27.49409,True,0,,100,HEALTHY
sht30_temperature_v02,3,4080,4081137,SHT30,temperature_C,RECOVERY,27.46738,True,PASS,False,NONE,27.46738,True,0,,100,HEALTHY
sht30_temperature_v02,3,4081,4082137,SHT30,temperature_C,RECOVERY,27.46738,True,PASS,False,NONE,27.46738,True,0,,100,HEALTHY
sht30_temperature_v02,3,4082,4083137,SHT30,temperature_C,RECOVERY,27.46738,True,PASS,False,NONE,27.46738,True,0,,100,HEALTHY
sht30_temperature_v02,3,4083,4084137,SHT30,temperature_C,RECOVERY,27.46738,True,PASS,False,NONE,27.46738,True,0,,100,HEALTHY
sht30_temperature_v02,3,4084,4085137,SHT30,temperature_C,RECOVERY,27.48074,True,PASS,False,NONE,27.48074,True,0,,100,HEALTHY
sht30_temperature_v02,3,4085,4086137,SHT30,temperature_C,RECOVERY,27.49409,True,PASS,False,NONE,27.49409,True,0,,100,HEALTHY
sht30_temperature_v02,3,4086,4087137,SHT30,temperature_C,RECOVERY,27.46738,True,PASS,False,NONE,27.46738,True,0,,100,HEALTHY
sht30_temperature_v02,3,4087,4088137,SHT30,temperature_C,RECOVERY,27.45403,True,PASS,False,NONE,27.45403,True,0,,100,HEALTHY
sht30_temperature_v02,3,4088,4089137,SHT30,temperature_C,RECOVERY,27.46738,True,PASS,False,NONE,27.46738,True,0,,100,HEALTHY
sht30_temperature_v02,3,4089,4090137,SHT30,temperature_C,RECOVERY,27.48074,True,PASS,False,NONE,27.48074,True,0,,100,HEALTHY
sht30_temperature_v02,3,4090,4091137,SHT30,temperature_C,RECOVERY,27.48074,True,PASS,False,NONE,27.48074,True,0,,100,HEALTHY
sht30_temperature_v02,3,4091,4092137,SHT30,temperature_C,RECOVERY,27.48074,True,PASS,False,NONE,27.48074,True,0,,100,HEALTHY
sht30_temperature_v02,3,4092,4093137,SHT30,temperature_C,RECOVERY,27.46738,True,PASS,False,NONE,27.46738,True,0,,100,HEALTHY
sht30_temperature_v02,3,4093,4094137,SHT30,temperature_C,RECOVERY,27.46738,True,PASS,False,NONE,27.46738,True,0,,100,HEALTHY
sht30_temperature_v02,3,4094,4095137,SHT30,temperature_C,RECOVERY,27.48074,True,PASS,False,NONE,27.48074,True,0,,100,HEALTHY
sht30_temperature_v02,3,4095,4096137,SHT30,temperature_C,RECOVERY,27.48074,True,PASS,False,NONE,27.48074,True,0,,100,HEALTHY
sht30_temperature_v02,3,4096,4097137,SHT30,temperature_C,RECOVERY,27.46738,True,PASS,False,NONE,27.46738,True,0,,100,HEALTHY
sht30_temperature_v02,3,4097,4098137,SHT30,temperature_C,RECOVERY,27.48074,True,PASS,False,NONE,27.48074,True,0,,100,HEALTHY
sht30_temperature_v02,3,4098,4099137,SHT30,temperature_C,RECOVERY,27.48074,True,PASS,False,NONE,27.48074,True,0,,100,HEALTHY
sht30_temperature_v02,3,4099,4100137,SHT30,temperature_C,RECOVERY,27.48074,True,PASS,False,NONE,27.48074,True,0,,100,HEALTHY
sht30_temperature_v02,3,4100,4101137,SHT30,temperature_C,RECOVERY,27.46738,True,PASS,False,NONE,27.46738,True,0,,100,HEALTHY
sht30_temperature_v02,3,4101,4102137,SHT30,temperature_C,RECOVERY,27.46738,True,PASS,False,NONE,27.46738,True,0,,100,HEALTHY
sht30_temperature_v02,3,4102,4103137,SHT30,temperature_C,RECOVERY,27.48074,True,PASS,False,NONE,27.48074,True,0,,100,HEALTHY
sht30_temperature_v02,3,4103,4104137,SHT30,temperature_C,RECOVERY,27.45403,True,PASS,False,NONE,27.45403,True,0,,100,HEALTHY
sht30_temperature_v02,3,4104,4105137,SHT30,temperature_C,RECOVERY,27.46738,True,PASS,False,NONE,27.46738,True,0,,100,HEALTHY
sht30_temperature_v02,3,4105,4106137,SHT30,temperature_C,RECOVERY,27.45403,True,PASS,False,NONE,27.45403,True,0,,100,HEALTHY
sht30_temperature_v02,3,4106,4107137,SHT30,temperature_C,RECOVERY,27.48074,True,PASS,False,NONE,27.48074,True,0,,100,HEALTHY
sht30_temperature_v02,3,4107,4108137,SHT30,temperature_C,RECOVERY,27.48074,True,PASS,False,NONE,27.48074,True,0,,100,HEALTHY
sht30_temperature_v02,3,4108,4109137,SHT30,temperature_C,RECOVERY,27.46738,True,PASS,False,NONE,27.46738,True,0,,100,HEALTHY
sht30_temperature_v02,3,4109,4110137,SHT30,temperature_C,RECOVERY,27.45403,True,PASS,False,NONE,27.45403,True,0,,100,HEALTHY
sht30_temperature_v02,3,4110,4111137,SHT30,temperature_C,RECOVERY,27.48074,True,PASS,False,NONE,27.48074,True,0,,100,HEALTHY
sht30_temperature_v02,3,4111,4112137,SHT30,temperature_C,RECOVERY,27.46738,True,PASS,False,NONE,27.46738,True,0,,100,HEALTHY
sht30_temperature_v02,3,4112,4113137,SHT30,temperature_C,RECOVERY,27.46738,True,PASS,False,NONE,27.46738,True,0,,100,HEALTHY
sht30_temperature_v02,3,4113,4114137,SHT30,temperature_C,RECOVERY,27.46738,True,PASS,False,NONE,27.46738,True,0,,100,HEALTHY
sht30_temperature_v02,3,4114,4115137,SHT30,temperature_C,RECOVERY,27.45403,True,PASS,False,NONE,27.45403,True,0,,100,HEALTHY
sht30_temperature_v02,3,4115,4116137,SHT30,temperature_C,RECOVERY,27.49409,True,PASS,False,NONE,27.49409,True,0,,100,HEALTHY
sht30_temperature_v02,3,4116,4117137,SHT30,temperature_C,RECOVERY,27.48074,True,PASS,False,NONE,27.48074,True,0,,100,HEALTHY
sht30_temperature_v02,3,4117,4118137,SHT30,temperature_C,RECOVERY,27.48074,True,PASS,False,NONE,27.48074,True,0,,100,HEALTHY
sht30_temperature_v02,3,4118,4119137,SHT30,temperature_C,RECOVERY,27.48074,True,PASS,False,NONE,27.48074,True,0,,100,HEALTHY
sht30_temperature_v02,3,4119,4120137,SHT30,temperature_C,RECOVERY,27.46738,True,PASS,False,NONE,27.46738,True,0,,100,HEALTHY
sht30_temperature_v02,4,4120,4121137,SHT30,temperature_C,INJECTION,27.49409,True,OFFSET,True,NONE,31.49409,True,4,,75,DEGRADED
sht30_temperature_v02,4,4121,4122137,SHT30,temperature_C,INJECTION,27.48074,True,OFFSET,True,NONE,31.48074,True,0,,100,HEALTHY
sht30_temperature_v02,4,4122,4123137,SHT30,temperature_C,INJECTION,27.48074,True,OFFSET,True,NONE,31.48074,True,0,,100,HEALTHY
sht30_temperature_v02,4,4123,4124137,SHT30,temperature_C,INJECTION,27.48074,True,OFFSET,True,NONE,31.48074,True,0,,100,HEALTHY
sht30_temperature_v02,4,4124,4125137,SHT30,temperature_C,INJECTION,27.46738,True,OFFSET,True,NONE,31.46738,True,0,,100,HEALTHY
sht30_temperature_v02,4,4125,4126137,SHT30,temperature_C,INJECTION,27.48074,True,OFFSET,True,NONE,31.48074,True,0,,100,HEALTHY
sht30_temperature_v02,4,4126,4127137,SHT30,temperature_C,INJECTION,27.49409,True,OFFSET,True,NONE,31.49409,True,0,,100,HEALTHY
sht30_temperature_v02,4,4127,4128137,SHT30,temperature_C,INJECTION,27.45403,True,OFFSET,True,NONE,31.45403,True,0,,100,HEALTHY
sht30_temperature_v02,4,4128,4129137,SHT30,temperature_C,INJECTION,27.45403,True,OFFSET,True,NONE,31.45403,True,0,,100,HEALTHY
sht30_temperature_v02,4,4129,4130137,SHT30,temperature_C,INJECTION,27.46738,True,OFFSET,True,NONE,31.46738,True,0,,100,HEALTHY
sht30_temperature_v02,4,4130,4131137,SHT30,temperature_C,INJECTION,27.45403,True,OFFSET,True,NONE,31.45403,True,0,,100,HEALTHY
sht30_temperature_v02,4,4131,4132137,SHT30,temperature_C,INJECTION,27.45403,True,OFFSET,True,NONE,31.45403,True,0,,100,HEALTHY
sht30_temperature_v02,4,4132,4133137,SHT30,temperature_C,INJECTION,27.48074,True,OFFSET,True,NONE,31.48074,True,0,,100,HEALTHY
sht30_temperature_v02,4,4133,4134137,SHT30,temperature_C,INJECTION,27.46738,True,OFFSET,True,NONE,31.46738,True,0,,100,HEALTHY
sht30_temperature_v02,4,4134,4135137,SHT30,temperature_C,INJECTION,27.48074,True,OFFSET,True,NONE,31.48074,True,0,,100,HEALTHY
sht30_temperature_v02,4,4135,4136137,SHT30,temperature_C,INJECTION,27.46738,True,OFFSET,True,NONE,31.46738,True,0,,100,HEALTHY
sht30_temperature_v02,4,4136,4137137,SHT30,temperature_C,INJECTION,27.45403,True,OFFSET,True,NONE,31.45403,True,0,,100,HEALTHY
sht30_temperature_v02,4,4137,4138137,SHT30,temperature_C,INJECTION,27.46738,True,OFFSET,True,NONE,31.46738,True,0,,100,HEALTHY
sht30_temperature_v02,4,4138,4139137,SHT30,temperature_C,INJECTION,27.45403,True,OFFSET,True,NONE,31.45403,True,0,,100,HEALTHY
sht30_temperature_v02,4,4139,4140137,SHT30,temperature_C,INJECTION,27.48074,True,OFFSET,True,NONE,31.48074,True,0,,100,HEALTHY
sht30_temperature_v02,4,4140,4141137,SHT30,temperature_C,RECOVERY,27.48074,True,PASS,False,NONE,27.48074,True,4,,75,DEGRADED
sht30_temperature_v02,4,4141,4142137,SHT30,temperature_C,RECOVERY,27.48074,True,PASS,False,NONE,27.48074,True,0,,100,HEALTHY
sht30_temperature_v02,4,4142,4143137,SHT30,temperature_C,RECOVERY,27.46738,True,PASS,False,NONE,27.46738,True,0,,100,HEALTHY
sht30_temperature_v02,4,4143,4144137,SHT30,temperature_C,RECOVERY,27.46738,True,PASS,False,NONE,27.46738,True,0,,100,HEALTHY
sht30_temperature_v02,4,4144,4145137,SHT30,temperature_C,RECOVERY,27.48074,True,PASS,False,NONE,27.48074,True,0,,100,HEALTHY
sht30_temperature_v02,4,4145,4146137,SHT30,temperature_C,RECOVERY,27.48074,True,PASS,False,NONE,27.48074,True,0,,100,HEALTHY
sht30_temperature_v02,4,4146,4147137,SHT30,temperature_C,RECOVERY,27.48074,True,PASS,False,NONE,27.48074,True,0,,100,HEALTHY
sht30_temperature_v02,4,4147,4148137,SHT30,temperature_C,RECOVERY,27.48074,True,PASS,False,NONE,27.48074,True,0,,100,HEALTHY
sht30_temperature_v02,4,4148,4149137,SHT30,temperature_C,RECOVERY,27.46738,True,PASS,False,NONE,27.46738,True,0,,100,HEALTHY
sht30_temperature_v02,4,4149,4150137,SHT30,temperature_C,RECOVERY,27.48074,True,PASS,False,NONE,27.48074,True,0,,100,HEALTHY
sht30_temperature_v02,4,4150,4151137,SHT30,temperature_C,RECOVERY,27.48074,True,PASS,False,NONE,27.48074,True,0,,100,HEALTHY
sht30_temperature_v02,4,4151,4152137,SHT30,temperature_C,RECOVERY,27.48074,True,PASS,False,NONE,27.48074,True,0,,100,HEALTHY
sht30_temperature_v02,4,4152,4153137,SHT30,temperature_C,RECOVERY,27.48074,True,PASS,False,NONE,27.48074,True,0,,100,HEALTHY
sht30_temperature_v02,4,4153,4154137,SHT30,temperature_C,RECOVERY,27.48074,True,PASS,False,NONE,27.48074,True,0,,100,HEALTHY
sht30_temperature_v02,4,4154,4155137,SHT30,temperature_C,RECOVERY,27.48074,True,PASS,False,NONE,27.48074,True,0,,100,HEALTHY
sht30_temperature_v02,4,4155,4156137,SHT30,temperature_C,RECOVERY,27.46738,True,PASS,False,NONE,27.46738,True,0,,100,HEALTHY
sht30_temperature_v02,4,4156,4157137,SHT30,temperature_C,RECOVERY,27.49409,True,PASS,False,NONE,27.49409,True,0,,100,HEALTHY
sht30_temperature_v02,4,4157,4158137,SHT30,temperature_C,RECOVERY,27.48074,True,PASS,False,NONE,27.48074,True,0,,100,HEALTHY
sht30_temperature_v02,4,4158,4159137,SHT30,temperature_C,RECOVERY,27.46738,True,PASS,False,NONE,27.46738,True,0,,100,HEALTHY
sht30_temperature_v02,4,4159,4160137,SHT30,temperature_C,RECOVERY,27.48074,True,PASS,False,NONE,27.48074,True,0,,100,HEALTHY
sht30_temperature_v02,4,4160,4161137,SHT30,temperature_C,RECOVERY,27.46738,True,PASS,False,NONE,27.46738,True,0,,100,HEALTHY
sht30_temperature_v02,4,4161,4162137,SHT30,temperature_C,RECOVERY,27.46738,True,PASS,False,NONE,27.46738,True,0,,100,HEALTHY
sht30_temperature_v02,4,4162,4163137,SHT30,temperature_C,RECOVERY,27.48074,True,PASS,False,NONE,27.48074,True,0,,100,HEALTHY
sht30_temperature_v02,4,4163,4164137,SHT30,temperature_C,RECOVERY,27.48074,True,PASS,False,NONE,27.48074,True,0,,100,HEALTHY
sht30_temperature_v02,4,4164,4165137,SHT30,temperature_C,RECOVERY,27.48074,True,PASS,False,NONE,27.48074,True,0,,100,HEALTHY
sht30_temperature_v02,4,4165,4166137,SHT30,temperature_C,RECOVERY,27.48074,True,PASS,False,NONE,27.48074,True,0,,100,HEALTHY
sht30_temperature_v02,4,4166,4167137,SHT30,temperature_C,RECOVERY,27.49409,True,PASS,False,NONE,27.49409,True,0,,100,HEALTHY
sht30_temperature_v02,4,4167,4168137,SHT30,temperature_C,RECOVERY,27.46738,True,PASS,False,NONE,27.46738,True,0,,100,HEALTHY
sht30_temperature_v02,4,4168,4169137,SHT30,temperature_C,RECOVERY,27.49409,True,PASS,False,NONE,27.49409,True,0,,100,HEALTHY
sht30_temperature_v02,4,4169,4170137,SHT30,temperature_C,RECOVERY,27.49409,True,PASS,False,NONE,27.49409,True,0,,100,HEALTHY
sht30_temperature_v02,4,4170,4171137,SHT30,temperature_C,RECOVERY,27.46738,True,PASS,False,NONE,27.46738,True,0,,100,HEALTHY
sht30_temperature_v02,4,4171,4172137,SHT30,temperature_C,RECOVERY,27.48074,True,PASS,False,NONE,27.48074,True,0,,100,HEALTHY
sht30_temperature_v02,4,4172,4173137,SHT30,temperature_C,RECOVERY,27.48074,True,PASS,False,NONE,27.48074,True,0,,100,HEALTHY
sht30_temperature_v02,4,4173,4174137,SHT30,temperature_C,RECOVERY,27.49409,True,PASS,False,NONE,27.49409,True,0,,100,HEALTHY
sht30_temperature_v02,4,4174,4175137,SHT30,temperature_C,RECOVERY,27.48074,True,PASS,False,NONE,27.48074,True,0,,100,HEALTHY
sht30_temperature_v02,4,4175,4176137,SHT30,temperature_C,RECOVERY,27.48074,True,PASS,False,NONE,27.48074,True,0,,100,HEALTHY
sht30_temperature_v02,4,4176,4177137,SHT30,temperature_C,RECOVERY,27.48074,True,PASS,False,NONE,27.48074,True,0,,100,HEALTHY
sht30_temperature_v02,4,4177,4178137,SHT30,temperature_C,RECOVERY,27.49409,True,PASS,False,NONE,27.49409,True,0,,100,HEALTHY
sht30_temperature_v02,4,4178,4179137,SHT30,temperature_C,RECOVERY,27.49409,True,PASS,False,NONE,27.49409,True,0,,100,HEALTHY
sht30_temperature_v02,4,4179,4180137,SHT30,temperature_C,RECOVERY,27.49409,True,PASS,False,NONE,27.49409,True,0,,100,HEALTHY
sht30_temperature_v02,4,4180,4181137,SHT30,temperature_C,RECOVERY,27.48074,True,PASS,False,NONE,27.48074,True,0,,100,HEALTHY
sht30_temperature_v02,4,4181,4182137,SHT30,temperature_C,RECOVERY,27.48074,True,PASS,False,NONE,27.48074,True,0,,100,HEALTHY
sht30_temperature_v02,4,4182,4183137,SHT30,temperature_C,RECOVERY,27.48074,True,PASS,False,NONE,27.48074,True,0,,100,HEALTHY
sht30_temperature_v02,4,4183,4184137,SHT30,temperature_C,RECOVERY,27.51011,True,PASS,False,NONE,27.51011,True,0,,100,HEALTHY
sht30_temperature_v02,4,4184,4185137,SHT30,temperature_C,RECOVERY,27.49409,True,PASS,False,NONE,27.49409,True,0,,100,HEALTHY
sht30_temperature_v02,4,4185,4186137,SHT30,temperature_C,RECOVERY,27.46738,True,PASS,False,NONE,27.46738,True,0,,100,HEALTHY
sht30_temperature_v02,4,4186,4187137,SHT30,temperature_C,RECOVERY,27.48074,True,PASS,False,NONE,27.48074,True,0,,100,HEALTHY
sht30_temperature_v02,4,4187,4188137,SHT30,temperature_C,RECOVERY,27.49409,True,PASS,False,NONE,27.49409,True,0,,100,HEALTHY
sht30_temperature_v02,4,4188,4189137,SHT30,temperature_C,RECOVERY,27.48074,True,PASS,False,NONE,27.48074,True,0,,100,HEALTHY
sht30_temperature_v02,4,4189,4190137,SHT30,temperature_C,RECOVERY,27.46738,True,PASS,False,NONE,27.46738,True,0,,100,HEALTHY
sht30_temperature_v02,4,4190,4191137,SHT30,temperature_C,RECOVERY,27.49409,True,PASS,False,NONE,27.49409,True,0,,100,HEALTHY
sht30_temperature_v02,4,4191,4192137,SHT30,temperature_C,RECOVERY,27.46738,True,PASS,False,NONE,27.46738,True,0,,100,HEALTHY
sht30_temperature_v02,4,4192,4193137,SHT30,temperature_C,RECOVERY,27.49409,True,PASS,False,NONE,27.49409,True,0,,100,HEALTHY
sht30_temperature_v02,4,4193,4194137,SHT30,temperature_C,RECOVERY,27.49409,True,PASS,False,NONE,27.49409,True,0,,100,HEALTHY
sht30_temperature_v02,4,4194,4195137,SHT30,temperature_C,RECOVERY,27.48074,True,PASS,False,NONE,27.48074,True,0,,100,HEALTHY
sht30_temperature_v02,5,4195,4196137,SHT30,temperature_C,INJECTION,27.48074,True,OFFSET,True,NONE,31.48074,True,4,,75,DEGRADED
sht30_temperature_v02,5,4196,4197137,SHT30,temperature_C,INJECTION,27.46738,True,OFFSET,True,NONE,31.46738,True,0,,100,HEALTHY
sht30_temperature_v02,5,4197,4198137,SHT30,temperature_C,INJECTION,27.48074,True,OFFSET,True,NONE,31.48074,True,0,,100,HEALTHY
sht30_temperature_v02,5,4198,4199137,SHT30,temperature_C,INJECTION,27.49409,True,OFFSET,True,NONE,31.49409,True,0,,100,HEALTHY
sht30_temperature_v02,5,4199,4200137,SHT30,temperature_C,INJECTION,27.49409,True,OFFSET,True,NONE,31.49409,True,0,,100,HEALTHY
sht30_temperature_v02,5,4200,4201137,SHT30,temperature_C,INJECTION,27.48074,True,OFFSET,True,NONE,31.48074,True,0,,100,HEALTHY
sht30_temperature_v02,5,4201,4202137,SHT30,temperature_C,INJECTION,27.48074,True,OFFSET,True,NONE,31.48074,True,0,,100,HEALTHY
sht30_temperature_v02,5,4202,4203137,SHT30,temperature_C,INJECTION,27.49409,True,OFFSET,True,NONE,31.49409,True,0,,100,HEALTHY
sht30_temperature_v02,5,4203,4204137,SHT30,temperature_C,INJECTION,27.48074,True,OFFSET,True,NONE,31.48074,True,0,,100,HEALTHY
sht30_temperature_v02,5,4204,4205137,SHT30,temperature_C,INJECTION,27.49409,True,OFFSET,True,NONE,31.49409,True,0,,100,HEALTHY
sht30_temperature_v02,5,4205,4206137,SHT30,temperature_C,INJECTION,27.49409,True,OFFSET,True,NONE,31.49409,True,0,,100,HEALTHY
sht30_temperature_v02,5,4206,4207137,SHT30,temperature_C,INJECTION,27.45403,True,OFFSET,True,NONE,31.45403,True,0,,100,HEALTHY
sht30_temperature_v02,5,4207,4208137,SHT30,temperature_C,INJECTION,27.46738,True,OFFSET,True,NONE,31.46738,True,0,,100,HEALTHY
sht30_temperature_v02,5,4208,4209137,SHT30,temperature_C,INJECTION,27.46738,True,OFFSET,True,NONE,31.46738,True,0,,100,HEALTHY
sht30_temperature_v02,5,4209,4210137,SHT30,temperature_C,INJECTION,27.48074,True,OFFSET,True,NONE,31.48074,True,0,,100,HEALTHY
sht30_temperature_v02,5,4210,4211137,SHT30,temperature_C,INJECTION,27.46738,True,OFFSET,True,NONE,31.46738,True,0,,100,HEALTHY
sht30_temperature_v02,5,4211,4212137,SHT30,temperature_C,INJECTION,27.48074,True,OFFSET,True,NONE,31.48074,True,0,,100,HEALTHY
sht30_temperature_v02,5,4212,4213137,SHT30,temperature_C,INJECTION,27.46738,True,OFFSET,True,NONE,31.46738,True,0,,100,HEALTHY
sht30_temperature_v02,5,4213,4214137,SHT30,temperature_C,INJECTION,27.46738,True,OFFSET,True,NONE,31.46738,True,0,,100,HEALTHY
sht30_temperature_v02,5,4214,4215137,SHT30,temperature_C,INJECTION,27.48074,True,OFFSET,True,NONE,31.48074,True,0,,100,HEALTHY
sht30_temperature_v02,5,4215,4216137,SHT30,temperature_C,RECOVERY,27.46738,True,PASS,False,NONE,27.46738,True,4,,75,DEGRADED
sht30_temperature_v02,5,4216,4217137,SHT30,temperature_C,RECOVERY,27.46738,True,PASS,False,NONE,27.46738,True,0,,100,HEALTHY
sht30_temperature_v02,5,4217,4218137,SHT30,temperature_C,RECOVERY,27.48074,True,PASS,False,NONE,27.48074,True,0,,100,HEALTHY
sht30_temperature_v02,5,4218,4219137,SHT30,temperature_C,RECOVERY,27.49409,True,PASS,False,NONE,27.49409,True,0,,100,HEALTHY
sht30_temperature_v02,5,4219,4220137,SHT30,temperature_C,RECOVERY,27.46738,True,PASS,False,NONE,27.46738,True,0,,100,HEALTHY
sht30_temperature_v02,5,4220,4221137,SHT30,temperature_C,RECOVERY,27.48074,True,PASS,False,NONE,27.48074,True,0,,100,HEALTHY
sht30_temperature_v02,5,4221,4222137,SHT30,temperature_C,RECOVERY,27.46738,True,PASS,False,NONE,27.46738,True,0,,100,HEALTHY
sht30_temperature_v02,5,4222,4223137,SHT30,temperature_C,RECOVERY,27.46738,True,PASS,False,NONE,27.46738,True,0,,100,HEALTHY
sht30_temperature_v02,5,4223,4224137,SHT30,temperature_C,RECOVERY,27.46738,True,PASS,False,NONE,27.46738,True,0,,100,HEALTHY
sht30_temperature_v02,5,4224,4225137,SHT30,temperature_C,RECOVERY,27.48074,True,PASS,False,NONE,27.48074,True,0,,100,HEALTHY
sht30_temperature_v02,5,4225,4226137,SHT30,temperature_C,RECOVERY,27.46738,True,PASS,False,NONE,27.46738,True,0,,100,HEALTHY
sht30_temperature_v02,5,4226,4227137,SHT30,temperature_C,RECOVERY,27.45403,True,PASS,False,NONE,27.45403,True,0,,100,HEALTHY
sht30_temperature_v02,5,4227,4228137,SHT30,temperature_C,RECOVERY,27.45403,True,PASS,False,NONE,27.45403,True,0,,100,HEALTHY
sht30_temperature_v02,5,4228,4229137,SHT30,temperature_C,RECOVERY,27.45403,True,PASS,False,NONE,27.45403,True,0,,100,HEALTHY
sht30_temperature_v02,5,4229,4230137,SHT30,temperature_C,RECOVERY,27.48074,True,PASS,False,NONE,27.48074,True,0,,100,HEALTHY
sht30_temperature_v02,5,4230,4231137,SHT30,temperature_C,RECOVERY,27.46738,True,PASS,False,NONE,27.46738,True,0,,100,HEALTHY
sht30_temperature_v02,5,4231,4232137,SHT30,temperature_C,RECOVERY,27.48074,True,PASS,False,NONE,27.48074,True,0,,100,HEALTHY
sht30_temperature_v02,5,4232,4233137,SHT30,temperature_C,RECOVERY,27.45403,True,PASS,False,NONE,27.45403,True,0,,100,HEALTHY
sht30_temperature_v02,5,4233,4234137,SHT30,temperature_C,RECOVERY,27.43801,True,PASS,False,NONE,27.43801,True,0,,100,HEALTHY
sht30_temperature_v02,5,4234,4235137,SHT30,temperature_C,RECOVERY,27.43801,True,PASS,False,NONE,27.43801,True,0,,100,HEALTHY
sht30_temperature_v02,5,4235,4236137,SHT30,temperature_C,RECOVERY,27.43801,True,PASS,False,NONE,27.43801,True,0,,100,HEALTHY
sht30_temperature_v02,5,4236,4237137,SHT30,temperature_C,RECOVERY,27.43801,True,PASS,False,NONE,27.43801,True,0,,100,HEALTHY
sht30_temperature_v02,5,4237,4238137,SHT30,temperature_C,RECOVERY,27.46738,True,PASS,False,NONE,27.46738,True,0,,100,HEALTHY
sht30_temperature_v02,5,4238,4239137,SHT30,temperature_C,RECOVERY,27.46738,True,PASS,False,NONE,27.46738,True,0,,100,HEALTHY
sht30_temperature_v02,5,4239,4240137,SHT30,temperature_C,RECOVERY,27.43801,True,PASS,False,NONE,27.43801,True,0,,100,HEALTHY
sht30_temperature_v02,5,4240,4241137,SHT30,temperature_C,RECOVERY,27.45403,True,PASS,False,NONE,27.45403,True,0,,100,HEALTHY
sht30_temperature_v02,5,4241,4242137,SHT30,temperature_C,RECOVERY,27.43801,True,PASS,False,NONE,27.43801,True,0,,100,HEALTHY
sht30_temperature_v02,5,4242,4243137,SHT30,temperature_C,RECOVERY,27.46738,True,PASS,False,NONE,27.46738,True,0,,100,HEALTHY
sht30_temperature_v02,5,4243,4244137,SHT30,temperature_C,RECOVERY,27.43801,True,PASS,False,NONE,27.43801,True,0,,100,HEALTHY
sht30_temperature_v02,5,4244,4245137,SHT30,temperature_C,RECOVERY,27.43801,True,PASS,False,NONE,27.43801,True,0,,100,HEALTHY
sht30_temperature_v02,5,4245,4246137,SHT30,temperature_C,RECOVERY,27.45403,True,PASS,False,NONE,27.45403,True,0,,100,HEALTHY
sht30_temperature_v02,5,4246,4247137,SHT30,temperature_C,RECOVERY,27.45403,True,PASS,False,NONE,27.45403,True,0,,100,HEALTHY
sht30_temperature_v02,5,4247,4248137,SHT30,temperature_C,RECOVERY,27.43801,True,PASS,False,NONE,27.43801,True,0,,100,HEALTHY
sht30_temperature_v02,5,4248,4249137,SHT30,temperature_C,RECOVERY,27.45403,True,PASS,False,NONE,27.45403,True,0,,100,HEALTHY
sht30_temperature_v02,5,4249,4250137,SHT30,temperature_C,RECOVERY,27.45403,True,PASS,False,NONE,27.45403,True,0,,100,HEALTHY
sht30_temperature_v02,5,4250,4251137,SHT30,temperature_C,RECOVERY,27.43801,True,PASS,False,NONE,27.43801,True,0,,100,HEALTHY
sht30_temperature_v02,5,4251,4252137,SHT30,temperature_C,RECOVERY,27.45403,True,PASS,False,NONE,27.45403,True,0,,100,HEALTHY
sht30_temperature_v02,5,4252,4253137,SHT30,temperature_C,RECOVERY,27.46738,True,PASS,False,NONE,27.46738,True,0,,100,HEALTHY
sht30_temperature_v02,5,4253,4254137,SHT30,temperature_C,RECOVERY,27.46738,True,PASS,False,NONE,27.46738,True,0,,100,HEALTHY
sht30_temperature_v02,5,4254,4255137,SHT30,temperature_C,RECOVERY,27.49409,True,PASS,False,NONE,27.49409,True,0,,100,HEALTHY
sht30_temperature_v02,5,4255,4256137,SHT30,temperature_C,RECOVERY,27.45403,True,PASS,False,NONE,27.45403,True,0,,100,HEALTHY
sht30_temperature_v02,5,4256,4257137,SHT30,temperature_C,RECOVERY,27.46738,True,PASS,False,NONE,27.46738,True,0,,100,HEALTHY
sht30_temperature_v02,5,4257,4258137,SHT30,temperature_C,RECOVERY,27.46738,True,PASS,False,NONE,27.46738,True,0,,100,HEALTHY
sht30_temperature_v02,5,4258,4259137,SHT30,temperature_C,RECOVERY,27.46738,True,PASS,False,NONE,27.46738,True,0,,100,HEALTHY
sht30_temperature_v02,5,4259,4260137,SHT30,temperature_C,RECOVERY,27.45403,True,PASS,False,NONE,27.45403,True,0,,100,HEALTHY
sht30_temperature_v02,5,4260,4261137,SHT30,temperature_C,RECOVERY,27.45403,True,PASS,False,NONE,27.45403,True,0,,100,HEALTHY
sht30_temperature_v02,5,4261,4262137,SHT30,temperature_C,RECOVERY,27.46738,True,PASS,False,NONE,27.46738,True,0,,100,HEALTHY
sht30_temperature_v02,5,4262,4263137,SHT30,temperature_C,RECOVERY,27.46738,True,PASS,False,NONE,27.46738,True,0,,100,HEALTHY
sht30_temperature_v02,5,4263,4264137,SHT30,temperature_C,RECOVERY,27.46738,True,PASS,False,NONE,27.46738,True,0,,100,HEALTHY
sht30_temperature_v02,5,4264,4265137,SHT30,temperature_C,RECOVERY,27.46738,True,PASS,False,NONE,27.46738,True,0,,100,HEALTHY
sht30_temperature_v02,5,4265,4266137,SHT30,temperature_C,RECOVERY,27.48074,True,PASS,False,NONE,27.48074,True,0,,100,HEALTHY
sht30_temperature_v02,5,4266,4267137,SHT30,temperature_C,RECOVERY,27.46738,True,PASS,False,NONE,27.46738,True,0,,100,HEALTHY
sht30_temperature_v02,5,4267,4268137,SHT30,temperature_C,RECOVERY,27.45403,True,PASS,False,NONE,27.45403,True,0,,100,HEALTHY
sht30_temperature_v02,5,4268,4269137,SHT30,temperature_C,RECOVERY,27.46738,True,PASS,False,NONE,27.46738,True,0,,100,HEALTHY
sht30_temperature_v02,5,4269,4270137,SHT30,temperature_C,RECOVERY,27.46738,True,PASS,False,NONE,27.46738,True,0,,100,HEALTHY
